Timestamp,Temperature, TemperatureDelta, MappedTemperature
0,32,0,26.99896
0.01999999,31.98466,0,30.00323
0.03999998,31.96936,0,29.99278
0.05999998,31.95411,0,29.98237
0.07999997,31.9389,0,29.972
0.09999996,31.92373,0,29.96168
0.12,31.9086,0,29.9514
0.14,31.89351,0,29.94116
0.1599999,31.87847,0,29.93097
0.1799999,31.86347,0,29.92082
0.1999999,31.84851,0,29.91071
0.2199999,31.83359,0,29.90064
0.2399999,31.81872,0,29.89061
0.2599999,31.80388,0,29.88062
0.2799999,31.78909,0,29.87068
0.2999999,31.77434,0,29.86077
0.3199999,31.75963,0,29.85091
0.3399999,31.74496,0,29.84109
0.3599999,31.73033,0,29.83131
0.3799999,31.71574,0,29.82157
0.3999999,31.70119,0,29.81186
0.4199998,31.68669,0,29.8022
0.4399998,31.67222,0,29.79258
0.4599998,31.65779,0,29.783
0.4799998,31.64341,0,29.77345
0.4999998,31.62906,0,29.76394
0.5199998,31.61476,0,29.75448
0.5399998,31.60049,0,29.74505
0.5599998,31.58626,0,29.73566
0.5799998,31.57207,0,29.72631
0.5999998,31.55793,0,29.71699
0.6199998,31.54382,0,29.70771
0.6399997,31.52975,0,29.69847
0.6599998,31.51572,0,29.68927
0.6799998,31.50173,0,29.68011
0.6999997,31.48778,0,29.67098
0.7199997,31.47387,0,29.66189
0.7399997,31.46,0,29.65284
0.7599998,31.44616,0,29.64382
0.7799997,31.43237,0,29.63483
0.7999997,31.41861,0,29.62589
0.8199997,31.40489,0,29.61698
0.8399997,31.39121,0,29.6081
0.8599997,31.37756,0,29.59926
0.8799997,31.36396,0,29.59046
0.8999997,31.35039,0,29.58169
0.9199997,31.33686,0,29.57296
0.9399996,31.32337,0,29.56426
0.9599997,31.30992,0,29.5556
0.9799997,31.2965,0,29.54696
0.9999996,31.28312,0,29.53837
1.02,31.26978,0,29.52981
1.04,31.25647,0,29.52128
1.06,31.24321,0,29.51278
1.08,31.22997,0,29.50432
1.1,31.21678,0,29.4959
1.12,31.20362,0,29.4875
1.14,31.1905,0,29.47914
1.16,31.17742,0,29.47081
1.18,31.16437,0,29.46252
1.2,31.15136,0,29.45426
1.22,31.13839,0,29.44603
1.24,31.12545,0,29.43783
1.26,31.11255,0,29.42966
1.279999,31.09968,0,29.42153
1.3,31.08685,0,29.41343
1.32,31.07405,0,29.40536
1.34,31.06129,0,29.39732
1.36,31.04857,0,29.38931
1.38,31.03588,0,29.38133
1.399999,31.02323,0,29.37339
1.419999,31.01061,0,29.36547
1.439999,30.99803,0,29.35759
1.459999,30.98548,0,29.34974
1.479999,30.97297,0,29.34191
1.5,30.96049,0,29.33412
1.52,30.94805,0,29.32636
1.539999,30.93564,0,29.31863
1.559999,30.92327,0,29.31092
1.579999,30.91093,0,29.30325
1.599999,30.89863,0,29.29561
1.619999,30.88636,0,29.28799
1.639999,30.87412,0,29.28041
1.659999,30.86192,0,29.27285
1.679999,30.84975,0,29.26533
1.699999,30.83762,0,29.25783
1.719999,30.82552,0,29.25036
1.739999,30.81345,0,29.24292
1.759999,30.80142,0,29.23551
1.779999,30.78942,0,29.22813
1.799999,30.77745,0,29.22077
1.819999,30.76552,0,29.21344
1.839999,30.75362,0,29.20615
1.859999,30.74175,0,29.19887
1.879999,30.72992,0,29.19163
1.899999,30.71812,0,29.18441
1.919999,30.70635,0,29.17723
1.939999,30.69462,0,29.17006
1.959999,30.68292,0,29.16293
1.979999,30.67125,0,29.15582
1.999999,30.65961,0,29.14874
2.019999,30.64801,0,29.14169
2.039999,30.63643,0,29.13466
2.059999,30.6249,0,29.12766
2.079999,30.61339,0,29.12069
2.099999,30.60191,0,29.11374
2.119999,30.59047,0,29.10682
2.139999,30.57906,0,29.09992
2.159999,30.56768,0,29.09306
2.179999,30.55633,0,29.08621
2.199999,30.54501,0,29.07939
2.219999,30.53373,0,29.0726
2.239999,30.52248,0,29.06583
2.259999,30.51125,0,29.05909
2.279999,30.50006,0,29.05238
2.299999,30.4889,0,29.04568
2.319999,30.47778,0,29.03902
2.339999,30.46668,0,29.03238
2.359999,30.45561,0,29.02576
2.379999,30.44458,0,29.01917
2.399999,30.43357,0,29.0126
2.419999,30.4226,0,29.00606
2.439999,30.41165,0,28.99954
2.459999,30.40074,0,28.99305
2.479999,30.38985,0,28.98657
2.499999,30.379,0,28.98013
2.519999,30.36818,0,28.97371
2.539999,30.35739,0,28.96731
2.559999,30.34663,0,28.96093
2.579999,30.33589,0,28.95458
2.599999,30.32519,0,28.94825
2.619999,30.31452,0,28.94195
2.639999,30.30388,0,28.93567
2.659999,30.29326,0,28.92941
2.679999,30.28268,0,28.92317
2.699999,30.27213,0,28.91696
2.719999,30.2616,0,28.91077
2.739999,30.25111,0,28.9046
2.759999,30.24064,0,28.89846
2.779999,30.23021,0,28.89234
2.799999,30.2198,0,28.88624
2.819999,30.20942,0,28.88016
2.839999,30.19907,0,28.87411
2.859999,30.18875,0,28.86807
2.879999,30.17846,0,28.86206
2.899999,30.1682,0,28.85608
2.919999,30.15796,0,28.85011
2.939999,30.14775,0,28.84416
2.959999,30.13758,0,28.83824
2.979999,30.12743,0,28.83234
2.999999,30.11731,0,28.82646
3.019999,30.10722,0,28.8206
3.039999,30.09715,0,28.81476
3.059999,30.08711,0,28.80895
3.079999,30.07711,0,28.80315
3.099999,30.06713,0,28.79738
3.119999,30.05717,0,28.79162
3.139999,30.04725,0,28.78589
3.159999,30.03735,0,28.78018
3.179999,30.02748,0,28.77449
3.199999,30.01764,0,28.76882
3.219999,30.00782,0,28.76317
3.239999,29.99804,0,28.75754
3.259999,29.98828,0,28.75193
3.279999,29.97854,0,28.74634
3.299999,29.96884,0,28.74077
3.319999,29.95916,0,28.73522
3.339999,29.9495,0,28.72969
3.359999,29.93988,0,28.72418
3.379999,29.93028,0,28.71869
3.399999,29.92071,0,28.71322
3.419999,29.91117,0,28.70777
3.439999,29.90165,0,28.70234
3.459999,29.89216,0,28.69693
3.479999,29.88269,0,28.69153
3.499999,29.87325,0,28.68616
3.519999,29.86384,0,28.68081
3.539999,29.85446,0,28.67547
3.559999,29.8451,0,28.67016
3.579999,29.83576,0,28.66486
3.599999,29.82645,0,28.65958
3.619999,29.81717,0,28.65432
3.639999,29.80792,0,28.64908
3.659999,29.79869,0,28.64386
3.679999,29.78948,0,28.63866
3.699999,29.7803,0,28.63347
3.719999,29.77115,0,28.62831
3.739999,29.76202,0,28.62316
3.759999,29.75292,0,28.61803
3.779999,29.74384,0,28.61292
3.799999,29.73479,0,28.60782
3.819999,29.72576,0,28.60275
3.839999,29.71676,0,28.59769
3.859999,29.70779,0,28.59265
3.879999,29.69884,0,28.58762
3.899999,29.68991,0,28.58262
3.919999,29.68101,0,28.57763
3.939999,29.67213,0,28.57266
3.959999,29.66328,0,28.56771
3.979999,29.65445,0,28.56278
3.999999,29.64565,0,28.55786
4.019999,29.63687,0,28.55296
4.039999,29.62812,0,28.54808
4.059999,29.61939,0,28.54321
4.079998,29.61068,0,28.53836
4.099998,29.602,0,28.53353
4.119998,29.59335,0,28.52872
4.139998,29.58471,0,28.52392
4.159998,29.57611,0,28.51914
4.179998,29.56752,0,28.51437
4.199998,29.55896,0,28.50962
4.219998,29.55042,0,28.50489
4.239998,29.54191,0,28.50018
4.259998,29.53342,0,28.49548
4.279998,29.52496,0,28.4908
4.299998,29.51652,0,28.48613
4.319998,29.5081,0,28.48148
4.339998,29.4997,0,28.47685
4.359998,29.49133,0,28.47223
4.379999,29.48298,0,28.46763
4.399999,29.47466,0,28.46304
4.419999,29.46636,0,28.45848
4.439999,29.45808,0,28.45392
4.459999,29.44982,0,28.44938
4.479999,29.44159,0,28.44486
4.499999,29.43338,0,28.44035
4.519999,29.4252,0,28.43586
4.539999,29.41703,0,28.43139
4.559999,29.40889,0,28.42693
4.579998,29.40077,0,28.42248
4.599998,29.39268,0,28.41805
4.619998,29.38461,0,28.41364
4.639998,29.37655,0,28.40924
4.659998,29.36853,0,28.40486
4.679998,29.36052,0,28.40049
4.699998,29.35254,0,28.39613
4.719998,29.34458,0,28.39179
4.739998,29.33664,0,28.38747
4.759998,29.32872,0,28.38316
4.779998,29.32083,0,28.37887
4.799998,29.31295,0,28.37459
4.819998,29.3051,0,28.37032
4.839998,29.29727,0,28.36607
4.859998,29.28946,0,28.36184
4.879998,29.28168,0,28.35762
4.899998,29.27392,0,28.35341
4.919998,29.26617,0,28.34922
4.939998,29.25845,0,28.34504
4.959998,29.25076,0,28.34087
4.979998,29.24308,0,28.33672
4.999998,29.23542,0,28.33259
5.019998,29.22779,0,28.32847
5.039998,29.22017,0,28.32436
5.059998,29.21258,0,28.32027
5.079998,29.20501,0,28.31619
5.099998,29.19746,0,28.31212
5.119998,29.18993,0,28.30807
5.139998,29.18242,0,28.30403
5.159998,29.17494,0,28.3
5.179998,29.16747,0,28.296
5.199998,29.16003,0,28.292
5.219998,29.1526,0,28.28801
5.239998,29.1452,0,28.28404
5.259998,29.13781,0,28.28009
5.279998,29.13045,0,28.27614
5.299998,29.12311,0,28.27221
5.319998,29.11579,0,28.2683
5.339998,29.10849,0,28.26439
5.359998,29.10121,0,28.2605
5.379998,29.09394,0,28.25662
5.399998,29.0867,0,28.25276
5.419998,29.07948,0,28.24891
5.439998,29.07228,0,28.24507
5.459998,29.0651,0,28.24125
5.479998,29.05794,0,28.23743
5.499998,29.0508,0,28.23363
5.519998,29.04368,0,28.22985
5.539998,29.03658,0,28.22607
5.559998,29.0295,0,28.22231
5.579998,29.02244,0,28.21856
5.599998,29.0154,0,28.21482
5.619998,29.00838,0,28.2111
5.639998,29.00138,0,28.20739
5.659998,28.99439,0,28.20369
5.679998,28.98743,0,28.2
5.699998,28.98049,0,28.19633
5.719998,28.97356,0,28.19267
5.739998,28.96666,0,28.18902
5.759998,28.95977,0,28.18538
5.779998,28.95291,0,28.18175
5.799998,28.94606,0,28.17814
5.819998,28.93923,0,28.17454
5.839998,28.93242,0,28.17095
5.859998,28.92563,0,28.16737
5.879998,28.91886,0,28.16381
5.899998,28.91211,0,28.16025
5.919998,28.90538,0,28.15671
5.939998,28.89866,0,28.15318
5.959998,28.89196,0,28.14966
5.979998,28.88529,0,28.14615
5.999998,28.87863,0,28.14266
6.019998,28.87199,0,28.13918
6.039998,28.86537,0,28.1357
6.059998,28.85876,0,28.13224
6.079998,28.85218,0,28.1288
6.099998,28.84561,0,28.12536
6.119998,28.83906,0,28.12193
6.139998,28.83253,0,28.11852
6.159998,28.82602,0,28.11511
6.179998,28.81953,0,28.11172
6.199998,28.81305,0,28.10834
6.219998,28.80659,0,28.10497
6.239998,28.80015,0,28.10161
6.259998,28.79373,0,28.09826
6.279998,28.78733,0,28.09492
6.299998,28.78094,0,28.0916
6.319998,28.77457,0,28.08829
6.339998,28.76822,0,28.08498
6.359998,28.76189,0,28.08169
6.379998,28.75558,0,28.07841
6.399998,28.74928,0,28.07513
6.419998,28.743,0,28.07187
6.439998,28.73674,0,28.06862
6.459998,28.73049,0,28.06539
6.479998,28.72427,0,28.06216
6.499998,28.71806,0,28.05894
6.519998,28.71186,0,28.05573
6.539998,28.70569,0,28.05253
6.559998,28.69953,0,28.04935
6.579998,28.69339,0,28.04617
6.599998,28.68726,0,28.043
6.619998,28.68115,0,28.03985
6.639997,28.67506,0,28.03671
6.659997,28.66899,0,28.03357
6.679997,28.66294,0,28.03045
6.699997,28.6569,0,28.02733
6.719997,28.65088,0,28.02423
6.739997,28.64487,0,28.02113
6.759997,28.63888,0,28.01805
6.779998,28.63291,0,28.01497
6.799998,28.62695,0,28.01191
6.819998,28.62101,0,28.00886
6.839998,28.61509,0,28.00581
6.859998,28.60919,0,28.00278
6.879998,28.6033,0,27.99975
6.899998,28.59742,0,27.99674
6.919998,28.59157,0,27.99374
6.939998,28.58573,0,27.99074
6.959998,28.5799,0,27.98775
6.979998,28.57409,0,27.98478
6.999998,28.5683,0,27.98182
7.019998,28.56253,0,27.97886
7.039998,28.55677,0,27.97591
7.059998,28.55103,0,27.97297
7.079998,28.5453,0,27.97005
7.099998,28.53959,0,27.96713
7.119998,28.53389,0,27.96422
7.139997,28.52821,0,27.96132
7.159997,28.52255,0,27.95843
7.179997,28.5169,0,27.95555
7.199997,28.51127,0,27.95268
7.219997,28.50565,0,27.94982
7.239997,28.50005,0,27.94696
7.259997,28.49447,0,27.94412
7.279997,28.4889,0,27.94129
7.299997,28.48334,0,27.93846
7.319997,28.4778,0,27.93565
7.339997,28.47228,0,27.93284
7.359997,28.46677,0,27.93004
7.379997,28.46128,0,27.92725
7.399997,28.4558,0,27.92447
7.419997,28.45034,0,27.9217
7.439997,28.44489,0,27.91894
7.459997,28.43946,0,27.91619
7.479997,28.43404,0,27.91344
7.499997,28.42864,0,27.91071
7.519997,28.42325,0,27.90798
7.539997,28.41788,0,27.90526
7.559998,28.41253,0,27.90255
7.579998,28.40719,0,27.89985
7.599998,28.40186,0,27.89716
7.619998,28.39655,0,27.89447
7.639997,28.39125,0,27.8918
7.659997,28.38597,0,27.88913
7.679997,28.3807,0,27.88647
7.699997,28.37545,0,27.88383
7.719997,28.37021,0,27.88119
7.739997,28.36499,0,27.87855
7.759997,28.35978,0,27.87593
7.779997,28.35458,0,27.87331
7.799997,28.3494,0,27.87071
7.819997,28.34424,0,27.86811
7.839997,28.33909,0,27.86552
7.859997,28.33395,0,27.86293
7.879997,28.32883,0,27.86036
7.899997,28.32372,0,27.85779
7.919997,28.31862,0,27.85524
7.939997,28.31355,0,27.85269
7.959997,28.30848,0,27.85015
7.979997,28.30343,0,27.84761
7.999997,28.29839,0,27.84509
8.019998,28.29337,0,27.84257
8.039997,28.28836,0,27.84006
8.059998,28.28336,0,27.83756
8.079997,28.27838,0,27.83506
8.099998,28.27341,0,27.83258
8.119997,28.26846,0,27.8301
8.139997,28.26352,0,27.82763
8.159997,28.25859,0,27.82517
8.179997,28.25368,0,27.82272
8.199997,28.24879,0,27.82027
8.219997,28.2439,0,27.81783
8.239997,28.23903,0,27.8154
8.259997,28.23417,0,27.81298
8.279997,28.22933,0,27.81056
8.299997,28.22449,0,27.80815
8.319997,28.21968,0,27.80575
8.339997,28.21487,0,27.80336
8.359997,28.21008,0,27.80097
8.379997,28.2053,0,27.7986
8.399997,28.20054,0,27.79623
8.419997,28.19579,0,27.79386
8.439997,28.19105,0,27.79151
8.459997,28.18633,0,27.78916
8.479997,28.18161,0,27.78682
8.499997,28.17692,0,27.78449
8.519997,28.17223,0,27.78216
8.539997,28.16756,0,27.77984
8.559997,28.1629,0,27.77753
8.579997,28.15826,0,27.77523
8.599997,28.15362,0,27.77293
8.619997,28.149,0,27.77064
8.639997,28.1444,0,27.76836
8.659997,28.1398,0,27.76609
8.679996,28.13522,0,27.76382
8.699997,28.13065,0,27.76156
8.719996,28.1261,0,27.7593
8.739997,28.12155,0,27.75706
8.759997,28.11702,0,27.75482
8.779997,28.1125,0,27.75259
8.799997,28.108,0,27.75036
8.819997,28.10351,0,27.74814
8.839997,28.09903,0,27.74593
8.859997,28.09456,0,27.74373
8.879997,28.09011,0,27.74153
8.899997,28.08566,0,27.73934
8.919997,28.08123,0,27.73715
8.939997,28.07681,0,27.73498
8.959997,28.07241,0,27.73281
8.979997,28.06802,0,27.73064
8.999997,28.06363,0,27.72849
9.019997,28.05927,0,27.72634
9.039997,28.05491,0,27.72419
9.059997,28.05056,0,27.72206
9.079997,28.04623,0,27.71993
9.099997,28.04191,0,27.7178
9.119997,28.0376,0,27.71569
9.139997,28.03331,0,27.71358
9.159997,28.02902,0,27.71147
9.179996,28.02475,0,27.70938
9.199997,28.02049,0,27.70729
9.219996,28.01624,0,27.7052
9.239997,28.012,0,27.70313
9.259996,28.00778,0,27.70105
9.279997,28.00356,0,27.69899
9.299996,27.99936,0,27.69693
9.319997,27.99517,0,27.69488
9.339996,27.99099,0,27.69283
9.359997,27.98683,0,27.6908
9.379996,27.98267,0,27.68876
9.399997,27.97853,0,27.68674
9.419996,27.9744,0,27.68472
9.439997,27.97028,0,27.6827
9.459996,27.96617,0,27.6807
9.479997,27.96207,0,27.6787
9.499996,27.95799,0,27.6767
9.519997,27.95391,0,27.67471
9.539996,27.94985,0,27.67273
9.559997,27.9458,0,27.67075
9.579997,27.94176,0,27.66878
9.599997,27.93773,0,27.66682
9.619997,27.93371,0,27.66486
9.639997,27.9297,0,27.66291
9.659997,27.92571,0,27.66096
9.679996,27.92172,0,27.65902
9.699997,27.91775,0,27.65709
9.719996,27.91379,0,27.65516
9.739997,27.90984,0,27.65324
9.759996,27.9059,0,27.65132
9.779997,27.90197,0,27.64941
9.799996,27.89805,0,27.64751
9.819997,27.89414,0,27.64561
9.839996,27.89025,0,27.64371
9.859997,27.88636,0,27.64183
9.879996,27.88248,0,27.63995
9.899997,27.87862,0,27.63807
9.919996,27.87477,0,27.6362
9.939997,27.87092,0,27.63434
9.959996,27.86709,0,27.63248
9.979997,27.86327,0,27.63063
9.999996,27.85946,0,27.62878
10.02,27.85566,0,27.62694
10.04,27.85187,0,27.62511
10.06,27.84809,0,27.62328
10.08,27.84432,0,27.62145
10.1,27.84057,0,27.61963
10.12,27.83682,0,27.61782
10.14,27.83308,0,27.61601
10.16,27.82936,0,27.61421
10.18,27.82564,0,27.61242
10.2,27.82193,0,27.61063
10.22,27.81824,0,27.60884
10.24,27.81455,0,27.60706
10.26,27.81088,0,27.60529
10.28,27.80721,0,27.60352
10.3,27.80356,0,27.60176
10.32,27.79992,0,27.6
10.34,27.79628,0,27.59825
10.36,27.79266,0,27.5965
10.38,27.78904,0,27.59476
10.4,27.78544,0,27.59302
10.42,27.78185,0,27.59129
10.44,27.77826,0,27.58957
10.46,27.77469,0,27.58784
10.48,27.77113,0,27.58613
10.5,27.76757,0,27.58442
10.52,27.76403,0,27.58271
10.54,27.76049,0,27.58101
10.56,27.75697,0,27.57932
10.58,27.75346,0,27.57763
10.6,27.74995,0,27.57595
10.62,27.74646,0,27.57427
10.64,27.74297,0,27.5726
10.66,27.7395,0,27.57093
10.68,27.73603,0,27.56926
10.7,27.73258,0,27.5676
10.72,27.72913,0,27.56595
10.74,27.72569,0,27.5643
10.76,27.72227,0,27.56266
10.78,27.71885,0,27.56102
10.8,27.71544,0,27.55939
10.82,27.71204,0,27.55776
10.84,27.70865,0,27.55614
10.86,27.70527,0,27.55452
10.88,27.7019,0,27.5529
10.9,27.69854,0,27.5513
10.92,27.69519,0,27.54969
10.94,27.69185,0,27.54809
10.96,27.68851,0,27.5465
10.98,27.68519,0,27.54491
11,27.68188,0,27.54333
11.02,27.67857,0,27.54175
11.04,27.67528,0,27.54017
11.06,27.67199,0,27.5386
11.08,27.66871,0,27.53704
11.1,27.66544,0,27.53548
11.12,27.66218,0,27.53392
11.14,27.65893,0,27.53237
11.16,27.65569,0,27.53082
11.18,27.65246,0,27.52928
11.2,27.64924,0,27.52774
11.22,27.64602,0,27.52621
11.24,27.64282,0,27.52468
11.26,27.63962,0,27.52316
11.28,27.63643,0,27.52164
11.3,27.63326,0,27.52013
11.32,27.63009,0,27.51862
11.34,27.62693,0,27.51712
11.36,27.62378,0,27.51562
11.38,27.62063,0,27.51412
11.4,27.6175,0,27.51263
11.42,27.61437,0,27.51114
11.44,27.61126,0,27.50966
11.46,27.60815,0,27.50818
11.48,27.60505,0,27.50671
11.5,27.60196,0,27.50524
11.52,27.59888,0,27.50378
11.54,27.5958,0,27.50232
11.56,27.59274,0,27.50086
11.58,27.58968,0,27.49941
11.6,27.58663,0,27.49797
11.62,27.58359,0,27.49652
11.64,27.58056,0,27.49509
11.66,27.57754,0,27.49365
11.68,27.57452,0,27.49222
11.7,27.57152,0,27.4908
11.72,27.56852,0,27.48938
11.74,27.56553,0,27.48796
11.76,27.56255,0,27.48655
11.78,27.55958,0,27.48514
11.8,27.55661,0,27.48374
11.82,27.55366,0,27.48234
11.84,27.55071,0,27.48095
11.86,27.54777,0,27.47955
11.88,27.54484,0,27.47817
11.9,27.54192,0,27.47678
11.92,27.539,0,27.47541
11.94,27.53609,0,27.47403
11.96,27.5332,0,27.47266
11.98,27.5303,0,27.4713
12,27.52742,0,27.46993
12.02,27.52455,0,27.46858
12.04,27.52168,0,27.46722
12.06,27.51882,0,27.46587
12.08,27.51597,0,27.46453
12.1,27.51313,0,27.46319
12.12,27.51029,0,27.46185
12.14,27.50747,0,27.46052
12.16,27.50465,0,27.45919
12.18,27.50184,0,27.45786
12.2,27.49903,0,27.45654
12.22,27.49624,0,27.45522
12.24,27.49345,0,27.45391
12.26,27.49067,0,27.4526
12.28,27.4879,0,27.45129
12.3,27.48513,0,27.44999
12.32,27.48238,0,27.44869
12.34,27.47963,0,27.4474
12.36,27.47689,0,27.44611
12.38,27.47416,0,27.44482
12.4,27.47143,0,27.44354
12.42,27.46871,0,27.44226
12.44,27.466,0,27.44099
12.46,27.4633,0,27.43971
12.48,27.4606,0,27.43845
12.5,27.45792,0,27.43719
12.52,27.45523,0,27.43592
12.54,27.45256,0,27.43467
12.56,27.44989,0,27.43342
12.58,27.44724,0,27.43217
12.6,27.44458,0,27.43092
12.62,27.44194,0,27.42968
12.64,27.4393,0,27.42845
12.66,27.43668,0,27.42721
12.68,27.43406,0,27.42598
12.7,27.43144,0,27.42476
12.72,27.42883,0,27.42353
12.74,27.42623,0,27.42232
12.76,27.42364,0,27.4211
12.78,27.42106,0,27.41989
12.8,27.41848,0,27.41868
12.82,27.41591,0,27.41748
12.84,27.41334,0,27.41628
12.86,27.41079,0,27.41508
12.88,27.40824,0,27.41389
12.9,27.40569,0,27.41269
12.92,27.40316,0,27.41151
12.94,27.40063,0,27.41032
12.96,27.39811,0,27.40915
12.98,27.3956,0,27.40797
13,27.39309,0,27.4068
13.02,27.39059,0,27.40563
13.04,27.3881,0,27.40446
13.06,27.38561,0,27.4033
13.08,27.38313,0,27.40214
13.1,27.38066,0,27.40099
13.12,27.37819,0,27.39984
13.14,27.37574,0,27.39869
13.16,27.37329,0,27.39754
13.18,27.37084,0,27.3964
13.2,27.3684,0,27.39526
13.22,27.36597,0,27.39413
13.24,27.36355,0,27.393
13.26,27.36113,0,27.39187
13.27999,27.35872,0,27.39074
13.3,27.35631,0,27.38962
13.31999,27.35391,0,27.3885
13.34,27.35152,0,27.38739
13.35999,27.34914,0,27.38628
13.38,27.34676,0,27.38517
13.39999,27.34439,0,27.38407
13.42,27.34202,0,27.38297
13.43999,27.33967,0,27.38187
13.46,27.33731,0,27.38077
13.47999,27.33497,0,27.37968
13.5,27.33263,0,27.37859
13.51999,27.3303,0,27.37751
13.54,27.32798,0,27.37642
13.56,27.32566,0,27.37535
13.58,27.32335,0,27.37427
13.6,27.32104,0,27.3732
13.62,27.31874,0,27.37213
13.64,27.31645,0,27.37106
13.66,27.31416,0,27.37
13.68,27.31188,0,27.36894
13.7,27.30961,0,27.36788
13.72,27.30734,0,27.36683
13.74,27.30508,0,27.36578
13.76,27.30283,0,27.36473
13.77999,27.30058,0,27.36369
13.8,27.29833,0,27.36264
13.81999,27.2961,0,27.36161
13.84,27.29387,0,27.36057
13.85999,27.29165,0,27.35954
13.88,27.28943,0,27.35851
13.89999,27.28722,0,27.35748
13.92,27.28501,0,27.35646
13.93999,27.28281,0,27.35544
13.96,27.28062,0,27.35443
13.97999,27.27843,0,27.35341
14,27.27625,0,27.3524
14.01999,27.27408,0,27.35139
14.04,27.27191,0,27.35039
14.05999,27.26975,0,27.34939
14.08,27.26759,0,27.34839
14.09999,27.26544,0,27.34739
14.12,27.2633,0,27.3464
14.13999,27.26116,0,27.34541
14.16,27.25903,0,27.34442
14.17999,27.2569,0,27.34344
14.2,27.25478,0,27.34245
14.21999,27.25266,0,27.34148
14.24,27.25055,0,27.3405
14.25999,27.24845,0,27.33953
14.27999,27.24635,0,27.33856
14.29999,27.24426,0,27.33759
14.31999,27.24218,0,27.33663
14.34,27.2401,0,27.33567
14.35999,27.23803,0,27.33471
14.38,27.23596,0,27.33375
14.39999,27.2339,0,27.3328
14.42,27.23184,0,27.33185
14.43999,27.22979,0,27.3309
14.46,27.22775,0,27.32996
14.47999,27.22571,0,27.32902
14.5,27.22367,0,27.32808
14.51999,27.22165,0,27.32714
14.54,27.21962,0,27.32621
14.55999,27.21761,0,27.32528
14.58,27.2156,0,27.32435
14.59999,27.21359,0,27.32342
14.62,27.21159,0,27.3225
14.63999,27.2096,0,27.32158
14.66,27.20761,0,27.32066
14.67999,27.20563,0,27.31975
14.7,27.20365,0,27.31884
14.71999,27.20168,0,27.31793
14.74,27.19971,0,27.31702
14.75999,27.19775,0,27.31612
14.77999,27.19579,0,27.31522
14.79999,27.19384,0,27.31432
14.81999,27.1919,0,27.31342
14.83999,27.18996,0,27.31253
14.85999,27.18802,0,27.31164
14.87999,27.1861,0,27.31075
14.89999,27.18417,0,27.30987
14.91999,27.18226,0,27.30898
14.93999,27.18034,0,27.3081
14.95999,27.17844,0,27.30722
14.97999,27.17653,0,27.30635
14.99999,27.17464,0,27.30548
15.01999,27.17275,0,27.30461
15.03999,27.17086,0,27.30374
15.05999,27.16898,0,27.30288
15.07999,27.1671,0,27.30201
15.09999,27.16523,0,27.30115
15.12,27.16337,0,27.30029
15.13999,27.16151,0,27.29944
15.16,27.15965,0,27.29859
15.17999,27.1578,0,27.29774
15.2,27.15596,0,27.29689
15.21999,27.15412,0,27.29605
15.24,27.15229,0,27.2952
15.25999,27.15046,0,27.29436
15.27999,27.14863,0,27.29353
15.29999,27.14681,0,27.29269
15.31999,27.145,0,27.29186
15.33999,27.14319,0,27.29103
15.35999,27.14139,0,27.2902
15.37999,27.13959,0,27.28938
15.39999,27.1378,0,27.28855
15.41999,27.13601,0,27.28773
15.43999,27.13422,0,27.28691
15.45999,27.13244,0,27.2861
15.47999,27.13067,0,27.28529
15.49999,27.1289,0,27.28448
15.51999,27.12714,0,27.28367
15.53999,27.12538,0,27.28286
15.55999,27.12362,0,27.28206
15.57999,27.12188,0,27.28126
15.59999,27.12013,0,27.28046
15.61999,27.11839,0,27.27966
15.63999,27.11666,0,27.27886
15.65999,27.11493,0,27.27807
15.67999,27.1132,0,27.27728
15.69999,27.11148,0,27.27649
15.71999,27.10977,0,27.27571
15.73999,27.10806,0,27.27493
15.75999,27.10635,0,27.27415
15.77999,27.10465,0,27.27337
15.79999,27.10296,0,27.27259
15.81999,27.10126,0,27.27182
15.83999,27.09958,0,27.27105
15.85999,27.0979,0,27.27028
15.87999,27.09622,0,27.26951
15.89999,27.09455,0,27.26875
15.91999,27.09288,0,27.26798
15.93999,27.09122,0,27.26722
15.95999,27.08956,0,27.26646
15.97999,27.0879,0,27.26571
15.99999,27.08625,0,27.26495
16.01999,27.08461,0,27.2642
16.04,27.08297,0,27.26345
16.05999,27.08133,0,27.2627
16.07999,27.0797,0,27.26196
16.09999,27.07807,0,27.26122
16.12,27.07645,0,27.26048
16.13999,27.07483,0,27.25974
16.15999,27.07322,0,27.259
16.17999,27.07161,0,27.25827
16.2,27.07001,0,27.25753
16.21999,27.06841,0,27.2568
16.23999,27.06681,0,27.25608
16.25999,27.06522,0,27.25535
16.27999,27.06364,0,27.25463
16.29999,27.06206,0,27.2539
16.31999,27.06048,0,27.25319
16.33999,27.0589,0,27.25247
16.35999,27.05734,0,27.25175
16.37999,27.05577,0,27.25104
16.39999,27.05421,0,27.25033
16.41999,27.05266,0,27.24962
16.43999,27.05111,0,27.24891
16.45999,27.04956,0,27.24821
16.47999,27.04802,0,27.2475
16.49999,27.04648,0,27.2468
16.51999,27.04494,0,27.2461
16.53999,27.04341,0,27.24541
16.55999,27.04189,0,27.24471
16.57999,27.04037,0,27.24402
16.59999,27.03885,0,27.24333
16.61999,27.03734,0,27.24264
16.63999,27.03583,0,27.24195
16.65999,27.03432,0,27.24127
16.67999,27.03282,0,27.24059
16.69999,27.03133,0,27.2399
16.71999,27.02983,0,27.23923
16.73999,27.02835,0,27.23855
16.75999,27.02686,0,27.23787
16.77999,27.02538,0,27.2372
16.79999,27.02391,0,27.23653
16.81999,27.02244,0,27.23586
16.83999,27.02097,0,27.23519
16.85999,27.01951,0,27.23453
16.87999,27.01805,0,27.23386
16.89999,27.01659,0,27.2332
16.91999,27.01514,0,27.23254
16.93999,27.01369,0,27.23189
16.95999,27.01225,0,27.23123
16.97999,27.01081,0,27.23058
16.99999,27.00938,0,27.22992
17.01999,27.00795,0,27.22927
17.03999,27.00652,0,27.22863
17.05999,27.0051,0,27.22798
17.07999,27.00368,0,27.22733
17.09999,27.00227,0,27.22669
17.11999,27.00085,0,27.22605
17.13999,26.99945,0,27.22541
17.15999,26.99804,0,27.22478
17.17999,26.99664,0,27.22414
17.19999,26.99525,0,27.22351
17.21999,26.99386,0,27.22288
17.23999,26.99247,0,27.22225
17.25999,26.99109,0,27.22162
17.27999,26.98971,0,27.22099
17.29999,26.98833,0,27.22037
17.31999,26.98696,0,27.21975
17.33999,26.9856,0,27.21913
17.35999,26.98423,0,27.21851
17.37999,26.98287,0,27.21789
17.39999,26.98152,0,27.21727
17.41999,26.98016,0,27.21666
17.43999,26.97882,0,27.21605
17.45999,26.97747,0,27.21544
17.47999,26.97613,0,27.21483
17.49999,26.97479,0,27.21423
17.51999,26.97346,0,27.21362
17.53999,26.97213,0,27.21302
17.55999,26.9708,0,27.21242
17.57999,26.96947,0,27.21182
17.59999,26.96815,0,27.21122
17.61999,26.96684,0,27.21062
17.63999,26.96553,0,27.21003
17.65999,26.96422,0,27.20944
17.67999,26.96291,0,27.20885
17.69999,26.96161,0,27.20826
17.71999,26.96032,0,27.20767
17.73999,26.95902,0,27.20708
17.75999,26.95773,0,27.2065
17.77999,26.95645,0,27.20592
17.79999,26.95516,0,27.20534
17.81999,26.95388,0,27.20476
17.83999,26.95261,0,27.20418
17.85999,26.95133,0,27.2036
17.87999,26.95007,0,27.20303
17.89999,26.9488,0,27.20246
17.91999,26.94754,0,27.20189
17.93999,26.94628,0,27.20132
17.95999,26.94502,0,27.20075
17.97999,26.94377,0,27.20018
17.99999,26.94253,0,27.19962
18.01999,26.94128,0,27.19906
18.03999,26.94004,0,27.1985
18.05999,26.9388,0,27.19794
18.07999,26.93757,0,27.19738
18.09999,26.93634,0,27.19682
18.11999,26.93511,0,27.19627
18.13999,26.93389,0,27.19571
18.15999,26.93267,0,27.19516
18.17999,26.93145,0,27.19461
18.19999,26.93024,0,27.19407
18.21999,26.92903,0,27.19352
18.23999,26.92782,0,27.19297
18.25999,26.92662,0,27.19243
18.27999,26.92542,0,27.19189
18.29999,26.92422,0,27.19135
18.31999,26.92303,0,27.19081
18.33999,26.92184,0,27.19027
18.35999,26.92065,0,27.18974
18.37999,26.91947,0,27.1892
18.39999,26.91829,0,27.18867
18.41999,26.91711,0,27.18814
18.43999,26.91594,0,27.18761
18.45999,26.91477,0,27.18708
18.47999,26.9136,0,27.18656
18.49999,26.91244,0,27.18603
18.51999,26.91128,0,27.18551
18.53999,26.91012,0,27.18498
18.55999,26.90896,0,27.18446
18.57999,26.90781,0,27.18394
18.59999,26.90667,0,27.18343
18.61999,26.90552,0,27.18291
18.63999,26.90438,0,27.1824
18.65999,26.90324,0,27.18188
18.67999,26.90211,0,27.18137
18.69999,26.90098,0,27.18086
18.71999,26.89985,0,27.18035
18.73999,26.89872,0,27.17985
18.75999,26.8976,0,27.17934
18.77999,26.89648,0,27.17884
18.79999,26.89536,0,27.17833
18.81999,26.89425,0,27.17783
18.83999,26.89314,0,27.17733
18.85999,26.89204,0,27.17683
18.87999,26.89093,0,27.17634
18.89999,26.88983,0,27.17584
18.91999,26.88873,0,27.17535
18.93999,26.88764,0,27.17485
18.95999,26.88655,0,27.17436
18.97999,26.88546,0,27.17387
18.99999,26.88437,0,27.17338
19.01999,26.88329,0,27.1729
19.03999,26.88221,0,27.17241
19.05999,26.88114,0,27.17193
19.07999,26.88006,0,27.17144
19.09999,26.87899,0,27.17096
19.11999,26.87793,0,27.17048
19.13999,26.87686,0,27.17
19.15999,26.8758,0,27.16953
19.17999,26.87474,0,27.16905
19.19999,26.87369,0,27.16858
19.21999,26.87263,0,27.1681
19.23999,26.87159,0,27.16763
19.25999,26.87054,0,27.16716
19.27999,26.8695,0,27.16669
19.29999,26.86845,0,27.16622
19.31999,26.86742,0,27.16575
19.33999,26.86638,0,27.16529
19.35999,26.86535,0,27.16483
19.37999,26.86432,0,27.16436
19.39999,26.86329,0,27.1639
19.41999,26.86227,0,27.16344
19.43999,26.86125,0,27.16298
19.45999,26.86023,0,27.16253
19.47999,26.85921,0,27.16207
19.49999,26.8582,0,27.16161
19.51999,26.85719,0,27.16116
19.53999,26.85619,0,27.16071
19.55999,26.85518,0,27.16026
19.57999,26.85418,0,27.15981
19.59999,26.85318,0,27.15936
19.61999,26.85219,0,27.15891
19.63999,26.8512,0,27.15847
19.65999,26.85021,0,27.15802
19.67999,26.84922,0,27.15758
19.69999,26.84824,0,27.15714
19.71999,26.84725,0,27.1567
19.73999,26.84628,0,27.15626
19.75999,26.8453,0,27.15582
19.77999,26.84433,0,27.15538
19.79999,26.84336,0,27.15495
19.81999,26.84239,0,27.15451
19.83999,26.84142,0,27.15408
19.85999,26.84046,0,27.15365
19.87999,26.8395,0,27.15322
19.89999,26.83854,0,27.15279
19.91999,26.83759,0,27.15236
19.93999,26.83664,0,27.15193
19.95999,26.83569,0,27.15151
19.97999,26.83474,0,27.15108
19.99999,26.8338,0,27.15066
20.01999,26.83286,0,27.15024
20.03999,26.83192,0,27.14981
20.05999,26.83098,0,27.14939
20.07999,26.83005,0,27.14898
20.09999,26.82912,0,27.14856
20.11999,26.82819,0,27.14814
20.13999,26.82726,0,27.14773
20.15999,26.82634,0,27.14731
20.17999,26.82542,0,27.1469
20.19999,26.8245,0,27.14649
20.21999,26.82359,0,27.14608
20.23999,26.82267,0,27.14567
20.25999,26.82176,0,27.14526
20.27999,26.82085,0,27.14486
20.29999,26.81995,0,27.14445
20.31999,26.81905,0,27.14404
20.33999,26.81815,0,27.14364
20.35999,26.81725,0,27.14324
20.37999,26.81635,0,27.14284
20.39999,26.81546,0,27.14244
20.41999,26.81457,0,27.14204
20.43999,26.81368,0,27.14164
20.45999,26.8128,0,27.14125
20.47999,26.81191,0,27.14085
20.49999,26.81103,0,27.14046
20.51999,26.81016,0,27.14006
20.53999,26.80928,0,27.13967
20.55999,26.80841,0,27.13928
20.57999,26.80754,0,27.13889
20.59999,26.80667,0,27.1385
20.61999,26.8058,0,27.13811
20.63999,26.80494,0,27.13773
20.65999,26.80408,0,27.13734
20.67999,26.80322,0,27.13696
20.69999,26.80236,0,27.13658
20.71999,26.80151,0,27.13619
20.73999,26.80066,0,27.13581
20.75999,26.79981,0,27.13543
20.77999,26.79896,0,27.13506
20.79999,26.79812,0,27.13468
20.81999,26.79728,0,27.1343
20.83999,26.79644,0,27.13392
20.85999,26.7956,0,27.13355
20.87999,26.79477,0,27.13318
20.89999,26.79393,0,27.1328
20.91999,26.7931,0,27.13243
20.93999,26.79228,0,27.13206
20.95999,26.79145,0,27.13169
20.97999,26.79063,0,27.13133
20.99999,26.78981,0,27.13096
21.01999,26.78899,0,27.13059
21.03999,26.78817,0,27.13023
21.05999,26.78736,0,27.12986
21.07999,26.78654,0,27.1295
21.09999,26.78574,0,27.12914
21.11999,26.78493,0,27.12878
21.13999,26.78412,0,27.12842
21.15999,26.78332,0,27.12806
21.17999,26.78252,0,27.1277
21.19999,26.78172,0,27.12735
21.21999,26.78093,0,27.12699
21.23999,26.78013,0,27.12664
21.25999,26.77934,0,27.12628
21.27999,26.77855,0,27.12593
21.29999,26.77776,0,27.12558
21.31999,26.77698,0,27.12523
21.33999,26.7762,0,27.12488
21.35999,26.77542,0,27.12453
21.37999,26.77464,0,27.12418
21.39999,26.77386,0,27.12383
21.41999,26.77309,0,27.12349
21.43999,26.77231,0,27.12314
21.45999,26.77154,0,27.1228
21.47999,26.77077,0,27.12246
21.49999,26.77001,0,27.12211
21.51999,26.76925,0,27.12177
21.53999,26.76849,0,27.12144
21.55999,26.76773,0,27.1211
21.57999,26.76697,0,27.12076
21.59999,26.76621,0,27.12042
21.61999,26.76546,0,27.12008
21.63999,26.76471,0,27.11975
21.65999,26.76396,0,27.11942
21.67999,26.76321,0,27.11908
21.69999,26.76247,0,27.11875
21.71999,26.76173,0,27.11842
21.73999,26.76099,0,27.11809
21.75999,26.76025,0,27.11776
21.77999,26.75951,0,27.11743
21.79999,26.75878,0,27.1171
21.81999,26.75805,0,27.11678
21.83999,26.75732,0,27.11645
21.85999,26.75659,0,27.11613
21.87999,26.75586,0,27.1158
21.89999,26.75514,0,27.11548
21.91999,26.75441,0,27.11516
21.93999,26.75369,0,27.11484
21.95999,26.75298,0,27.11452
21.97999,26.75226,0,27.1142
21.99999,26.75155,0,27.11388
22.01999,26.75084,0,27.11356
22.03999,26.75013,0,27.11325
22.05999,26.74942,0,27.11293
22.07999,26.74871,0,27.11262
22.09999,26.74801,0,27.1123
22.11999,26.74731,0,27.11199
22.13999,26.74661,0,27.11168
22.15999,26.74591,0,27.11136
22.17999,26.74521,0,27.11106
22.19999,26.74452,0,27.11074
22.21999,26.74383,0,27.11044
22.23999,26.74314,0,27.11013
22.25999,26.74245,0,27.10982
22.27999,26.74176,0,27.10952
22.29999,26.74108,0,27.10921
22.31999,26.74039,0,27.10891
22.33999,26.73971,0,27.1086
22.35999,26.73903,0,27.1083
22.37999,26.73836,0,27.108
22.39999,26.73768,0,27.1077
22.41999,26.73701,0,27.1074
22.43999,26.73634,0,27.1071
22.45999,26.73567,0,27.1068
22.47999,26.735,0,27.1065
22.49999,26.73433,0,27.10621
22.51999,26.73367,0,27.10591
22.53999,26.73301,0,27.10562
0,32,0,26.99896
0.01999999,31.98466,0,30.00323
0.03999998,31.96936,0,29.99278
0.05999998,31.95411,0,29.98237
0.07999997,31.9389,0,29.972
0.09999996,31.92373,0,29.96168
0.12,31.9086,0,29.9514
0.14,31.89351,0,29.94116
0.1599999,31.87847,0,29.93097
0.1799999,31.86347,0,29.92082
0.1999999,31.84851,0,29.91071
0.2199999,31.83359,0,29.90064
0.2399999,31.81872,0,29.89061
0.2599999,31.80388,0,29.88062
0.2799999,31.78909,0,29.87068
0.2999999,31.77434,0,29.86077
0.3199999,31.75963,0,29.85091
0.3399999,31.74496,0,29.84109
0.3599999,31.73033,0,29.83131
0.3799999,31.71574,0,29.82157
0.3999999,31.70119,0,29.81186
0.4199998,31.68669,0,29.8022
0.4399998,31.67222,0,29.79258
0.4599998,31.65779,0,29.783
0.4799998,31.64341,0,29.77345
0.4999998,31.62906,0,29.76394
0.5199998,31.61476,0,29.75448
0.5399998,31.60049,0,29.74505
0.5599998,31.58626,0,29.73566
0.5799998,31.57207,0,29.72631
0.5999998,31.55793,0,29.71699
0.6199998,31.54382,0,29.70771
0.6399997,31.52975,0,29.69847
0.6599998,31.51572,0,29.68927
0.6799998,31.50173,0,29.68011
0.6999997,31.48778,0,29.67098
0.7199997,31.47387,0,29.66189
0.7399997,31.46,0,29.65284
0.7599998,31.44616,0,29.64382
0.7799997,31.43237,0,29.63483
0.7999997,31.41861,0,29.62589
0.8199997,31.40489,0,29.61698
0.8399997,31.39121,0,29.6081
0.8599997,31.37756,0,29.59926
0.8799997,31.36396,0,29.59046
0.8999997,31.35039,0,29.58169
0.9199997,31.33686,0,29.57296
0.9399996,31.32337,0,29.56426
0.9599997,31.30992,0,29.5556
0.9799997,31.2965,0,29.54696
0.9999996,31.28312,0,29.53837
1.02,31.26978,0,29.52981
1.04,31.25647,0,29.52128
1.06,31.24321,0,29.51278
1.08,31.22997,0,29.50432
1.1,31.21678,0,29.4959
1.12,31.20362,0,29.4875
1.14,31.1905,0,29.47914
1.16,31.17742,0,29.47081
1.18,31.16437,0,29.46252
1.2,31.15136,0,29.45426
1.22,31.13839,0,29.44603
1.24,31.12545,0,29.43783
1.26,31.11255,0,29.42966
1.279999,31.09968,0,29.42153
1.3,31.08685,0,29.41343
1.32,31.07405,0,29.40536
1.34,31.06129,0,29.39732
1.36,31.04857,0,29.38931
1.38,31.03588,0,29.38133
1.399999,31.02323,0,29.37339
1.419999,31.01061,0,29.36547
1.439999,30.99803,0,29.35759
1.459999,30.98548,0,29.34974
1.479999,30.97297,0,29.34191
1.5,30.96049,0,29.33412
1.52,30.94805,0,29.32636
1.539999,30.93564,0,29.31863
1.559999,30.92327,0,29.31092
1.579999,30.91093,0,29.30325
1.599999,30.89863,0,29.29561
1.619999,30.88636,0,29.28799
1.639999,30.87412,0,29.28041
1.659999,30.86192,0,29.27285
1.679999,30.84975,0,29.26533
1.699999,30.83762,0,29.25783
1.719999,30.82552,0,29.25036
1.739999,30.81345,0,29.24292
1.759999,30.80142,0,29.23551
1.779999,30.78942,0,29.22813
1.799999,30.77745,0,29.22077
1.819999,30.76552,0,29.21344
1.839999,30.75362,0,29.20615
1.859999,30.74175,0,29.19887
1.879999,30.72992,0,29.19163
1.899999,30.71812,0,29.18441
1.919999,30.70635,0,29.17723
1.939999,30.69462,0,29.17006
1.959999,30.68292,0,29.16293
1.979999,30.67125,0,29.15582
1.999999,30.65961,0,29.14874
2.019999,30.64801,0,29.14169
2.039999,30.63643,0,29.13466
2.059999,30.6249,0,29.12766
2.079999,30.61339,0,29.12069
2.099999,30.60191,0,29.11374
2.119999,30.59047,0,29.10682
2.139999,30.57906,0,29.09992
2.159999,30.56768,0,29.09306
2.179999,30.55633,0,29.08621
2.199999,30.54501,0,29.07939
2.219999,30.53373,0,29.0726
2.239999,30.52248,0,29.06583
2.259999,30.51125,0,29.05909
2.279999,30.50006,0,29.05238
2.299999,30.4889,0,29.04568
2.319999,30.47778,0,29.03902
2.339999,30.46668,0,29.03238
2.359999,30.45561,0,29.02576
2.379999,30.44458,0,29.01917
2.399999,30.43357,0,29.0126
2.419999,30.4226,0,29.00606
2.439999,30.41165,0,28.99954
2.459999,30.40074,0,28.99305
2.479999,30.38985,0,28.98657
2.499999,30.379,0,28.98013
2.519999,30.36818,0,28.97371
2.539999,30.35739,0,28.96731
2.559999,30.34663,0,28.96093
2.579999,30.33589,0,28.95458
2.599999,30.32519,0,28.94825
2.619999,30.31452,0,28.94195
2.639999,30.30388,0,28.93567
2.659999,30.29326,0,28.92941
2.679999,30.28268,0,28.92317
2.699999,30.27213,0,28.91696
2.719999,30.2616,0,28.91077
2.739999,30.25111,0,28.9046
2.759999,30.24064,0,28.89846
2.779999,30.23021,0,28.89234
2.799999,30.2198,0,28.88624
2.819999,30.20942,0,28.88016
2.839999,30.19907,0,28.87411
2.859999,30.18875,0,28.86807
2.879999,30.17846,0,28.86206
2.899999,30.1682,0,28.85608
2.919999,30.15796,0,28.85011
2.939999,30.14775,0,28.84416
2.959999,30.13758,0,28.83824
2.979999,30.12743,0,28.83234
2.999999,30.11731,0,28.82646
3.019999,30.10722,0,28.8206
3.039999,30.09715,0,28.81476
3.059999,30.08711,0,28.80895
3.079999,30.07711,0,28.80315
3.099999,30.06713,0,28.79738
3.119999,30.05717,0,28.79162
3.139999,30.04725,0,28.78589
3.159999,30.03735,0,28.78018
3.179999,30.02748,0,28.77449
3.199999,30.01764,0,28.76882
3.219999,30.00782,0,28.76317
3.239999,29.99804,0,28.75754
3.259999,29.98828,0,28.75193
3.279999,29.97854,0,28.74634
3.299999,29.96884,0,28.74077
3.319999,29.95916,0,28.73522
3.339999,29.9495,0,28.72969
3.359999,29.93988,0,28.72418
3.379999,29.93028,0,28.71869
3.399999,29.92071,0,28.71322
3.419999,29.91117,0,28.70777
3.439999,29.90165,0,28.70234
3.459999,29.89216,0,28.69693
3.479999,29.88269,0,28.69153
3.499999,29.87325,0,28.68616
3.519999,29.86384,0,28.68081
3.539999,29.85446,0,28.67547
3.559999,29.8451,0,28.67016
3.579999,29.83576,0,28.66486
3.599999,29.82645,0,28.65958
3.619999,29.81717,0,28.65432
3.639999,29.80792,0,28.64908
3.659999,29.79869,0,28.64386
3.679999,29.78948,0,28.63866
3.699999,29.7803,0,28.63347
3.719999,29.77115,0,28.62831
3.739999,29.76202,0,28.62316
3.759999,29.75292,0,28.61803
3.779999,29.74384,0,28.61292
3.799999,29.73479,0,28.60782
3.819999,29.72576,0,28.60275
3.839999,29.71676,0,28.59769
3.859999,29.70779,0,28.59265
3.879999,29.69884,0,28.58762
3.899999,29.68991,0,28.58262
3.919999,29.68101,0,28.57763
3.939999,29.67213,0,28.57266
3.959999,29.66328,0,28.56771
3.979999,29.65445,0,28.56278
3.999999,29.64565,0,28.55786
4.019999,29.63687,0,28.55296
4.039999,29.62812,0,28.54808
4.059999,29.61939,0,28.54321
4.079998,29.61068,0,28.53836
4.099998,29.602,0,28.53353
4.119998,29.59335,0,28.52872
4.139998,29.58471,0,28.52392
4.159998,29.57611,0,28.51914
4.179998,29.56752,0,28.51437
4.199998,29.55896,0,28.50962
4.219998,29.55042,0,28.50489
4.239998,29.54191,0,28.50018
4.259998,29.53342,0,28.49548
4.279998,29.52496,0,28.4908
4.299998,29.51652,0,28.48613
4.319998,29.5081,0,28.48148
4.339998,29.4997,0,28.47685
4.359998,29.49133,0,28.47223
4.379999,29.48298,0,28.46763
4.399999,29.47466,0,28.46304
4.419999,29.46636,0,28.45848
4.439999,29.45808,0,28.45392
4.459999,29.44982,0,28.44938
4.479999,29.44159,0,28.44486
4.499999,29.43338,0,28.44035
4.519999,29.4252,0,28.43586
4.539999,29.41703,0,28.43139
4.559999,29.40889,0,28.42693
4.579998,29.40077,0,28.42248
4.599998,29.39268,0,28.41805
4.619998,29.38461,0,28.41364
4.639998,29.37655,0,28.40924
4.659998,29.36853,0,28.40486
4.679998,29.36052,0,28.40049
4.699998,29.35254,0,28.39613
4.719998,29.34458,0,28.39179
4.739998,29.33664,0,28.38747
4.759998,29.32872,0,28.38316
4.779998,29.32083,0,28.37887
4.799998,29.31295,0,28.37459
4.819998,29.3051,0,28.37032
4.839998,29.29727,0,28.36607
4.859998,29.28946,0,28.36184
4.879998,29.28168,0,28.35762
4.899998,29.27392,0,28.35341
4.919998,29.26617,0,28.34922
4.939998,29.25845,0,28.34504
4.959998,29.25076,0,28.34087
4.979998,29.24308,0,28.33672
4.999998,29.23542,0,28.33259
5.019998,29.22779,0,28.32847
5.039998,29.22017,0,28.32436
5.059998,29.21258,0,28.32027
5.079998,29.20501,0,28.31619
5.099998,29.19746,0,28.31212
5.119998,29.18993,0,28.30807
5.139998,29.18242,0,28.30403
5.159998,29.17494,0,28.3
5.179998,29.16747,0,28.296
5.199998,29.16003,0,28.292
5.219998,29.1526,0,28.28801
5.239998,29.1452,0,28.28404
5.259998,29.13781,0,28.28009
5.279998,29.13045,0,28.27614
5.299998,29.12311,0,28.27221
5.319998,29.11579,0,28.2683
5.339998,29.10849,0,28.26439
5.359998,29.10121,0,28.2605
5.379998,29.09394,0,28.25662
5.399998,29.0867,0,28.25276
5.419998,29.07948,0,28.24891
5.439998,29.07228,0,28.24507
5.459998,29.0651,0,28.24125
5.479998,29.05794,0,28.23743
5.499998,29.0508,0,28.23363
5.519998,29.04368,0,28.22985
5.539998,29.03658,0,28.22607
5.559998,29.0295,0,28.22231
5.579998,29.02244,0,28.21856
5.599998,29.0154,0,28.21482
5.619998,29.00838,0,28.2111
5.639998,29.00138,0,28.20739
5.659998,28.99439,0,28.20369
5.679998,28.98743,0,28.2
5.699998,28.98049,0,28.19633
5.719998,28.97356,0,28.19267
5.739998,28.96666,0,28.18902
5.759998,28.95977,0,28.18538
5.779998,28.95291,0,28.18175
5.799998,28.94606,0,28.17814
5.819998,28.93923,0,28.17454
5.839998,28.93242,0,28.17095
5.859998,28.92563,0,28.16737
5.879998,28.91886,0,28.16381
5.899998,28.91211,0,28.16025
5.919998,28.90538,0,28.15671
5.939998,28.89866,0,28.15318
5.959998,28.89196,0,28.14966
5.979998,28.88529,0,28.14615
5.999998,28.87863,0,28.14266
6.019998,28.87199,0,28.13918
6.039998,28.86537,0,28.1357
6.059998,28.85876,0,28.13224
6.079998,28.85218,0,28.1288
6.099998,28.84561,0,28.12536
6.119998,28.83906,0,28.12193
6.139998,28.83253,0,28.11852
6.159998,28.82602,0,28.11511
6.179998,28.81953,0,28.11172
6.199998,28.81305,0,28.10834
6.219998,28.80659,0,28.10497
6.239998,28.80015,0,28.10161
6.259998,28.79373,0,28.09826
6.279998,28.78733,0,28.09492
6.299998,28.78094,0,28.0916
6.319998,28.77457,0,28.08829
6.339998,28.76822,0,28.08498
6.359998,28.76189,0,28.08169
6.379998,28.75558,0,28.07841
6.399998,28.74928,0,28.07513
6.419998,28.743,0,28.07187
6.439998,28.73674,0,28.06862
6.459998,28.73049,0,28.06539
6.479998,28.72427,0,28.06216
6.499998,28.71806,0,28.05894
6.519998,28.71186,0,28.05573
6.539998,28.70569,0,28.05253
6.559998,28.69953,0,28.04935
6.579998,28.69339,0,28.04617
6.599998,28.68726,0,28.043
6.619998,28.68115,0,28.03985
6.639997,28.67506,0,28.03671
6.659997,28.66899,0,28.03357
6.679997,28.66294,0,28.03045
6.699997,28.6569,0,28.02733
6.719997,28.65088,0,28.02423
6.739997,28.64487,0,28.02113
6.759997,28.63888,0,28.01805
6.779998,28.63291,0,28.01497
6.799998,28.62695,0,28.01191
6.819998,28.62101,0,28.00886
6.839998,28.61509,0,28.00581
6.859998,28.60919,0,28.00278
6.879998,28.6033,0,27.99975
6.899998,28.59742,0,27.99674
6.919998,28.59157,0,27.99374
6.939998,28.58573,0,27.99074
6.959998,28.5799,0,27.98775
6.979998,28.57409,0,27.98478
6.999998,28.5683,0,27.98182
7.019998,28.56253,0,27.97886
7.039998,28.55677,0,27.97591
7.059998,28.55103,0,27.97297
7.079998,28.5453,0,27.97005
7.099998,28.53959,0,27.96713
7.119998,28.53389,0,27.96422
7.139997,28.52821,0,27.96132
7.159997,28.52255,0,27.95843
7.179997,28.5169,0,27.95555
7.199997,28.51127,0,27.95268
7.219997,28.50565,0,27.94982
7.239997,28.50005,0,27.94696
7.259997,28.49447,0,27.94412
7.279997,28.4889,0,27.94129
7.299997,28.48334,0,27.93846
7.319997,28.4778,0,27.93565
7.339997,28.47228,0,27.93284
7.359997,28.46677,0,27.93004
7.379997,28.46128,0,27.92725
7.399997,28.4558,0,27.92447
7.419997,28.45034,0,27.9217
7.439997,28.44489,0,27.91894
7.459997,28.43946,0,27.91619
7.479997,28.43404,0,27.91344
7.499997,28.42864,0,27.91071
7.519997,28.42325,0,27.90798
7.539997,28.41788,0,27.90526
7.559998,28.41253,0,27.90255
7.579998,28.40719,0,27.89985
7.599998,28.40186,0,27.89716
7.619998,28.39655,0,27.89447
7.639997,28.39125,0,27.8918
7.659997,28.38597,0,27.88913
7.679997,28.3807,0,27.88647
7.699997,28.37545,0,27.88383
7.719997,28.37021,0,27.88119
7.739997,28.36499,0,27.87855
7.759997,28.35978,0,27.87593
7.779997,28.35458,0,27.87331
7.799997,28.3494,0,27.87071
7.819997,28.34424,0,27.86811
7.839997,28.33909,0,27.86552
7.859997,28.33395,0,27.86293
7.879997,28.32883,0,27.86036
7.899997,28.32372,0,27.85779
7.919997,28.31862,0,27.85524
7.939997,28.31355,0,27.85269
7.959997,28.30848,0,27.85015
7.979997,28.30343,0,27.84761
7.999997,28.29839,0,27.84509
8.019998,28.29337,0,27.84257
8.039997,28.28836,0,27.84006
8.059998,28.28336,0,27.83756
8.079997,28.27838,0,27.83506
8.099998,28.27341,0,27.83258
8.119997,28.26846,0,27.8301
8.139997,28.26352,0,27.82763
8.159997,28.25859,0,27.82517
8.179997,28.25368,0,27.82272
8.199997,28.24879,0,27.82027
8.219997,28.2439,0,27.81783
8.239997,28.23903,0,27.8154
8.259997,28.23417,0,27.81298
8.279997,28.22933,0,27.81056
8.299997,28.22449,0,27.80815
8.319997,28.21968,0,27.80575
8.339997,28.21487,0,27.80336
8.359997,28.21008,0,27.80097
8.379997,28.2053,0,27.7986
8.399997,28.20054,0,27.79623
8.419997,28.19579,0,27.79386
8.439997,28.19105,0,27.79151
8.459997,28.18633,0,27.78916
8.479997,28.18161,0,27.78682
8.499997,28.17692,0,27.78449
8.519997,28.17223,0,27.78216
8.539997,28.16756,0,27.77984
8.559997,28.1629,0,27.77753
8.579997,28.15826,0,27.77523
8.599997,28.15362,0,27.77293
8.619997,28.149,0,27.77064
8.639997,28.1444,0,27.76836
8.659997,28.1398,0,27.76609
8.679996,28.13522,0,27.76382
8.699997,28.13065,0,27.76156
8.719996,28.1261,0,27.7593
8.739997,28.12155,0,27.75706
8.759997,28.11702,0,27.75482
8.779997,28.1125,0,27.75259
8.799997,28.108,0,27.75036
8.819997,28.10351,0,27.74814
8.839997,28.09903,0,27.74593
8.859997,28.09456,0,27.74373
8.879997,28.09011,0,27.74153
8.899997,28.08566,0,27.73934
8.919997,28.08123,0,27.73715
8.939997,28.07681,0,27.73498
8.959997,28.07241,0,27.73281
8.979997,28.06802,0,27.73064
8.999997,28.06363,0,27.72849
9.019997,28.05927,0,27.72634
9.039997,28.05491,0,27.72419
9.059997,28.05056,0,27.72206
9.079997,28.04623,0,27.71993
9.099997,28.04191,0,27.7178
9.119997,28.0376,0,27.71569
9.139997,28.03331,0,27.71358
9.159997,28.02902,0,27.71147
9.179996,28.02475,0,27.70938
9.199997,28.02049,0,27.70729
9.219996,28.01624,0,27.7052
9.239997,28.012,0,27.70313
9.259996,28.00778,0,27.70105
9.279997,28.00356,0,27.69899
9.299996,27.99936,0,27.69693
9.319997,27.99517,0,27.69488
9.339996,27.99099,0,27.69283
9.359997,27.98683,0,27.6908
9.379996,27.98267,0,27.68876
9.399997,27.97853,0,27.68674
9.419996,27.9744,0,27.68472
9.439997,27.97028,0,27.6827
9.459996,27.96617,0,27.6807
9.479997,27.96207,0,27.6787
9.499996,27.95799,0,27.6767
9.519997,27.95391,0,27.67471
9.539996,27.94985,0,27.67273
9.559997,27.9458,0,27.67075
9.579997,27.94176,0,27.66878
9.599997,27.93773,0,27.66682
9.619997,27.93371,0,27.66486
9.639997,27.9297,0,27.66291
9.659997,27.92571,0,27.66096
9.679996,27.92172,0,27.65902
9.699997,27.91775,0,27.65709
9.719996,27.91379,0,27.65516
9.739997,27.90984,0,27.65324
9.759996,27.9059,0,27.65132
9.779997,27.90197,0,27.64941
9.799996,27.89805,0,27.64751
9.819997,27.89414,0,27.64561
9.839996,27.89025,0,27.64371
9.859997,27.88636,0,27.64183
9.879996,27.88248,0,27.63995
9.899997,27.87862,0,27.63807
9.919996,27.87477,0,27.6362
9.939997,27.87092,0,27.63434
9.959996,27.86709,0,27.63248
9.979997,27.86327,0,27.63063
9.999996,27.85946,0,27.62878
10.02,27.85566,0,27.62694
10.04,27.85187,0,27.62511
10.06,27.84809,0,27.62328
10.08,27.84432,0,27.62145
10.1,27.84057,0,27.61963
10.12,27.83682,0,27.61782
10.14,27.83308,0,27.61601
10.16,27.82936,0,27.61421
10.18,27.82564,0,27.61242
10.2,27.82193,0,27.61063
10.22,27.81824,0,27.60884
10.24,27.81455,0,27.60706
10.26,27.81088,0,27.60529
10.28,27.80721,0,27.60352
10.3,27.80356,0,27.60176
10.32,27.79992,0,27.6
10.34,27.79628,0,27.59825
10.36,27.79266,0,27.5965
10.38,27.78904,0,27.59476
10.4,27.78544,0,27.59302
10.42,27.78185,0,27.59129
10.44,27.77826,0,27.58957
10.46,27.77469,0,27.58784
10.48,27.77113,0,27.58613
10.5,27.76757,0,27.58442
10.52,27.76403,0,27.58271
10.54,27.76049,0,27.58101
10.56,27.75697,0,27.57932
10.58,27.75346,0,27.57763
10.6,27.74995,0,27.57595
10.62,27.74646,0,27.57427
10.64,27.74297,0,27.5726
10.66,27.7395,0,27.57093
10.68,27.73603,0,27.56926
10.7,27.73258,0,27.5676
10.72,27.72913,0,27.56595
10.74,27.72569,0,27.5643
10.76,27.72227,0,27.56266
10.78,27.71885,0,27.56102
10.8,27.71544,0,27.55939
10.82,27.71204,0,27.55776
10.84,27.70865,0,27.55614
10.86,27.70527,0,27.55452
10.88,27.7019,0,27.5529
10.9,27.69854,0,27.5513
10.92,27.69519,0,27.54969
10.94,27.69185,0,27.54809
10.96,27.68851,0,27.5465
10.98,27.68519,0,27.54491
11,27.68188,0,27.54333
11.02,27.67857,0,27.54175
11.04,27.67528,0,27.54017
11.06,27.67199,0,27.5386
11.08,27.66871,0,27.53704
11.1,27.66544,0,27.53548
11.12,27.66218,0,27.53392
11.14,27.65893,0,27.53237
11.16,27.65569,0,27.53082
11.18,27.65246,0,27.52928
11.2,27.64924,0,27.52774
11.22,27.64602,0,27.52621
11.24,27.64282,0,27.52468
11.26,27.63962,0,27.52316
11.28,27.63643,0,27.52164
11.3,27.63326,0,27.52013
11.32,27.63009,0,27.51862
11.34,27.62693,0,27.51712
11.36,27.62378,0,27.51562
11.38,27.62063,0,27.51412
11.4,27.6175,0,27.51263
11.42,27.61437,0,27.51114
11.44,27.61126,0,27.50966
11.46,27.60815,0,27.50818
11.48,27.60505,0,27.50671
11.5,27.60196,0,27.50524
11.52,27.59888,0,27.50378
11.54,27.5958,0,27.50232
11.56,27.59274,0,27.50086
11.58,27.58968,0,27.49941
11.6,27.58663,0,27.49797
11.62,27.58359,0,27.49652
11.64,27.58056,0,27.49509
11.66,27.57754,0,27.49365
11.68,27.57452,0,27.49222
11.7,27.57152,0,27.4908
11.72,27.56852,0,27.48938
11.74,27.56553,0,27.48796
11.76,27.56255,0,27.48655
11.78,27.55958,0,27.48514
11.8,27.55661,0,27.48374
11.82,27.55366,0,27.48234
11.84,27.55071,0,27.48095
11.86,27.54777,0,27.47955
11.88,27.54484,0,27.47817
11.9,27.54192,0,27.47678
11.92,27.539,0,27.47541
11.94,27.53609,0,27.47403
11.96,27.5332,0,27.47266
11.98,27.5303,0,27.4713
12,27.52742,0,27.46993
12.02,27.52455,0,27.46858
12.04,27.52168,0,27.46722
12.06,27.51882,0,27.46587
12.08,27.51597,0,27.46453
12.1,27.51313,0,27.46319
12.12,27.51029,0,27.46185
12.14,27.50747,0,27.46052
12.16,27.50465,0,27.45919
12.18,27.50184,0,27.45786
12.2,27.49903,0,27.45654
12.22,27.49624,0,27.45522
12.24,27.49345,0,27.45391
12.26,27.49067,0,27.4526
12.28,27.4879,0,27.45129
12.3,27.48513,0,27.44999
12.32,27.48238,0,27.44869
12.34,27.47963,0,27.4474
12.36,27.47689,0,27.44611
12.38,27.47416,0,27.44482
12.4,27.47143,0,27.44354
12.42,27.46871,0,27.44226
12.44,27.466,0,27.44099
12.46,27.4633,0,27.43971
12.48,27.4606,0,27.43845
12.5,27.45792,0,27.43719
12.52,27.45523,0,27.43592
12.54,27.45256,0,27.43467
12.56,27.44989,0,27.43342
12.58,27.44724,0,27.43217
12.6,27.44458,0,27.43092
12.62,27.44194,0,27.42968
12.64,27.4393,0,27.42845
12.66,27.43668,0,27.42721
12.68,27.43406,0,27.42598
12.7,27.43144,0,27.42476
12.72,27.42883,0,27.42353
12.74,27.42623,0,27.42232
12.76,27.42364,0,27.4211
12.78,27.42106,0,27.41989
12.8,27.41848,0,27.41868
12.82,27.41591,0,27.41748
12.84,27.41334,0,27.41628
12.86,27.41079,0,27.41508
12.88,27.40824,0,27.41389
12.9,27.40569,0,27.41269
12.92,27.40316,0,27.41151
12.94,27.40063,0,27.41032
12.96,27.39811,0,27.40915
12.98,27.3956,0,27.40797
13,27.39309,0,27.4068
13.02,27.39059,0,27.40563
13.04,27.3881,0,27.40446
13.06,27.38561,0,27.4033
13.08,27.38313,0,27.40214
13.1,27.38066,0,27.40099
13.12,27.37819,0,27.39984
13.14,27.37574,0,27.39869
13.16,27.37329,0,27.39754
13.18,27.37084,0,27.3964
13.2,27.3684,0,27.39526
13.22,27.36597,0,27.39413
13.24,27.36355,0,27.393
13.26,27.36113,0,27.39187
13.27999,27.35872,0,27.39074
13.3,27.35631,0,27.38962
13.31999,27.35391,0,27.3885
13.34,27.35152,0,27.38739
13.35999,27.34914,0,27.38628
13.38,27.34676,0,27.38517
13.39999,27.34439,0,27.38407
13.42,27.34202,0,27.38297
13.43999,27.33967,0,27.38187
13.46,27.33731,0,27.38077
13.47999,27.33497,0,27.37968
13.5,27.33263,0,27.37859
13.51999,27.3303,0,27.37751
13.54,27.32798,0,27.37642
13.56,27.32566,0,27.37535
13.58,27.32335,0,27.37427
13.6,27.32104,0,27.3732
13.62,27.31874,0,27.37213
13.64,27.31645,0,27.37106
13.66,27.31416,0,27.37
13.68,27.31188,0,27.36894
13.7,27.30961,0,27.36788
13.72,27.30734,0,27.36683
13.74,27.30508,0,27.36578
13.76,27.30283,0,27.36473
13.77999,27.30058,0,27.36369
13.8,27.29833,0,27.36264
13.81999,27.2961,0,27.36161
13.84,27.29387,0,27.36057
13.85999,27.29165,0,27.35954
13.88,27.28943,0,27.35851
13.89999,27.28722,0,27.35748
13.92,27.28501,0,27.35646
13.93999,27.28281,0,27.35544
13.96,27.28062,0,27.35443
13.97999,27.27843,0,27.35341
14,27.27625,0,27.3524
14.01999,27.27408,0,27.35139
14.04,27.27191,0,27.35039
14.05999,27.26975,0,27.34939
14.08,27.26759,0,27.34839
14.09999,27.26544,0,27.34739
14.12,27.2633,0,27.3464
14.13999,27.26116,0,27.34541
14.16,27.25903,0,27.34442
14.17999,27.2569,0,27.34344
14.2,27.25478,0,27.34245
14.21999,27.25266,0,27.34148
14.24,27.25055,0,27.3405
14.25999,27.24845,0,27.33953
14.27999,27.24635,0,27.33856
14.29999,27.24426,0,27.33759
14.31999,27.24218,0,27.33663
14.34,27.2401,0,27.33567
14.35999,27.23803,0,27.33471
14.38,27.23596,0,27.33375
14.39999,27.2339,0,27.3328
14.42,27.23184,0,27.33185
14.43999,27.22979,0,27.3309
14.46,27.22775,0,27.32996
14.47999,27.22571,0,27.32902
14.5,27.22367,0,27.32808
14.51999,27.22165,0,27.32714
14.54,27.21962,0,27.32621
14.55999,27.21761,0,27.32528
14.58,27.2156,0,27.32435
14.59999,27.21359,0,27.32342
14.62,27.21159,0,27.3225
14.63999,27.2096,0,27.32158
14.66,27.20761,0,27.32066
14.67999,27.20563,0,27.31975
14.7,27.20365,0,27.31884
14.71999,27.20168,0,27.31793
14.74,27.19971,0,27.31702
14.75999,27.19775,0,27.31612
14.77999,27.19579,0,27.31522
14.79999,27.19384,0,27.31432
14.81999,27.1919,0,27.31342
14.83999,27.18996,0,27.31253
14.85999,27.18802,0,27.31164
14.87999,27.1861,0,27.31075
14.89999,27.18417,0,27.30987
14.91999,27.18226,0,27.30898
14.93999,27.18034,0,27.3081
14.95999,27.17844,0,27.30722
14.97999,27.17653,0,27.30635
14.99999,27.17464,0,27.30548
15.01999,27.17275,0,27.30461
15.03999,27.17086,0,27.30374
15.05999,27.16898,0,27.30288
15.07999,27.1671,0,27.30201
15.09999,27.16523,0,27.30115
15.12,27.16337,0,27.30029
15.13999,27.16151,0,27.29944
15.16,27.15965,0,27.29859
15.17999,27.1578,0,27.29774
15.2,27.15596,0,27.29689
15.21999,27.15412,0,27.29605
15.24,27.15229,0,27.2952
15.25999,27.15046,0,27.29436
15.27999,27.14863,0,27.29353
15.29999,27.14681,0,27.29269
15.31999,27.145,0,27.29186
15.33999,27.14319,0,27.29103
15.35999,27.14139,0,27.2902
15.37999,27.13959,0,27.28938
15.39999,27.1378,0,27.28855
15.41999,27.13601,0,27.28773
15.43999,27.13422,0,27.28691
15.45999,27.13244,0,27.2861
15.47999,27.13067,0,27.28529
15.49999,27.1289,0,27.28448
15.51999,27.12714,0,27.28367
15.53999,27.12538,0,27.28286
15.55999,27.12362,0,27.28206
15.57999,27.12188,0,27.28126
15.59999,27.12013,0,27.28046
15.61999,27.11839,0,27.27966
15.63999,27.11666,0,27.27886
15.65999,27.11493,0,27.27807
15.67999,27.1132,0,27.27728
15.69999,27.11148,0,27.27649
15.71999,27.10977,0,27.27571
15.73999,27.10806,0,27.27493
15.75999,27.10635,0,27.27415
15.77999,27.10465,0,27.27337
15.79999,27.10296,0,27.27259
15.81999,27.10126,0,27.27182
15.83999,27.09958,0,27.27105
15.85999,27.0979,0,27.27028
15.87999,27.09622,0,27.26951
15.89999,27.09455,0,27.26875
15.91999,27.09288,0,27.26798
15.93999,27.09122,0,27.26722
15.95999,27.08956,0,27.26646
15.97999,27.0879,0,27.26571
15.99999,27.08625,0,27.26495
16.01999,27.08461,0,27.2642
16.04,27.08297,0,27.26345
16.05999,27.08133,0,27.2627
16.07999,27.0797,0,27.26196
16.09999,27.07807,0,27.26122
16.12,27.07645,0,27.26048
16.13999,27.07483,0,27.25974
16.15999,27.07322,0,27.259
16.17999,27.07161,0,27.25827
16.2,27.07001,0,27.25753
16.21999,27.06841,0,27.2568
16.23999,27.06681,0,27.25608
16.25999,27.06522,0,27.25535
16.27999,27.06364,0,27.25463
16.29999,27.06206,0,27.2539
16.31999,27.06048,0,27.25319
16.33999,27.0589,0,27.25247
16.35999,27.05734,0,27.25175
16.37999,27.05577,0,27.25104
16.39999,27.05421,0,27.25033
16.41999,27.05266,0,27.24962
16.43999,27.05111,0,27.24891
16.45999,27.04956,0,27.24821
16.47999,27.04802,0,27.2475
16.49999,27.04648,0,27.2468
16.51999,27.04494,0,27.2461
16.53999,27.04341,0,27.24541
16.55999,27.04189,0,27.24471
16.57999,27.04037,0,27.24402
16.59999,27.03885,0,27.24333
16.61999,27.03734,0,27.24264
16.63999,27.03583,0,27.24195
16.65999,27.03432,0,27.24127
16.67999,27.03282,0,27.24059
16.69999,27.03133,0,27.2399
16.71999,27.02983,0,27.23923
16.73999,27.02835,0,27.23855
16.75999,27.02686,0,27.23787
16.77999,27.02538,0,27.2372
16.79999,27.02391,0,27.23653
16.81999,27.02244,0,27.23586
16.83999,27.02097,0,27.23519
16.85999,27.01951,0,27.23453
16.87999,27.01805,0,27.23386
16.89999,27.01659,0,27.2332
16.91999,27.01514,0,27.23254
16.93999,27.01369,0,27.23189
16.95999,27.01225,0,27.23123
16.97999,27.01081,0,27.23058
16.99999,27.00938,0,27.22992
17.01999,27.00795,0,27.22927
17.03999,27.00652,0,27.22863
17.05999,27.0051,0,27.22798
17.07999,27.00368,0,27.22733
17.09999,27.00227,0,27.22669
17.11999,27.00085,0,27.22605
17.13999,26.99945,0,27.22541
17.15999,26.99804,0,27.22478
17.17999,26.99664,0,27.22414
17.19999,26.99525,0,27.22351
17.21999,26.99386,0,27.22288
17.23999,26.99247,0,27.22225
17.25999,26.99109,0,27.22162
17.27999,26.98971,0,27.22099
17.29999,26.98833,0,27.22037
17.31999,26.98696,0,27.21975
17.33999,26.9856,0,27.21913
17.35999,26.98423,0,27.21851
17.37999,26.98287,0,27.21789
17.39999,26.98152,0,27.21727
17.41999,26.98016,0,27.21666
17.43999,26.97882,0,27.21605
17.45999,26.97747,0,27.21544
17.47999,26.97613,0,27.21483
17.49999,26.97479,0,27.21423
17.51999,26.97346,0,27.21362
17.53999,26.97213,0,27.21302
17.55999,26.9708,0,27.21242
17.57999,26.96947,0,27.21182
17.59999,26.96815,0,27.21122
17.61999,26.96684,0,27.21062
17.63999,26.96553,0,27.21003
17.65999,26.96422,0,27.20944
17.67999,26.96291,0,27.20885
17.69999,26.96161,0,27.20826
17.71999,26.96032,0,27.20767
17.73999,26.95902,0,27.20708
17.75999,26.95773,0,27.2065
17.77999,26.95645,0,27.20592
17.79999,26.95516,0,27.20534
17.81999,26.95388,0,27.20476
17.83999,26.95261,0,27.20418
17.85999,26.95133,0,27.2036
17.87999,26.95007,0,27.20303
17.89999,26.9488,0,27.20246
17.91999,26.94754,0,27.20189
17.93999,26.94628,0,27.20132
17.95999,26.94502,0,27.20075
17.97999,26.94377,0,27.20018
17.99999,26.94253,0,27.19962
18.01999,26.94128,0,27.19906
18.03999,26.94004,0,27.1985
18.05999,26.9388,0,27.19794
18.07999,26.93757,0,27.19738
18.09999,26.93634,0,27.19682
18.11999,26.93511,0,27.19627
18.13999,26.93389,0,27.19571
18.15999,26.93267,0,27.19516
18.17999,26.93145,0,27.19461
18.19999,26.93024,0,27.19407
18.21999,26.92903,0,27.19352
18.23999,26.92782,0,27.19297
18.25999,26.92662,0,27.19243
18.27999,26.92542,0,27.19189
18.29999,26.92422,0,27.19135
18.31999,26.92303,0,27.19081
18.33999,26.92184,0,27.19027
18.35999,26.92065,0,27.18974
18.37999,26.91947,0,27.1892
18.39999,26.91829,0,27.18867
18.41999,26.91711,0,27.18814
18.43999,26.91594,0,27.18761
18.45999,26.91477,0,27.18708
18.47999,26.9136,0,27.18656
18.49999,26.91244,0,27.18603
18.51999,26.91128,0,27.18551
18.53999,26.91012,0,27.18498
18.55999,26.90896,0,27.18446
18.57999,26.90781,0,27.18394
18.59999,26.90667,0,27.18343
18.61999,26.90552,0,27.18291
18.63999,26.90438,0,27.1824
18.65999,26.90324,0,27.18188
18.67999,26.90211,0,27.18137
18.69999,26.90098,0,27.18086
18.71999,26.89985,0,27.18035
18.73999,26.89872,0,27.17985
18.75999,26.8976,0,27.17934
18.77999,26.89648,0,27.17884
18.79999,26.89536,0,27.17833
18.81999,26.89425,0,27.17783
18.83999,26.89314,0,27.17733
18.85999,26.89204,0,27.17683
18.87999,26.89093,0,27.17634
18.89999,26.88983,0,27.17584
18.91999,26.88873,0,27.17535
18.93999,26.88764,0,27.17485
18.95999,26.88655,0,27.17436
18.97999,26.88546,0,27.17387
18.99999,26.88437,0,27.17338
19.01999,26.88329,0,27.1729
19.03999,26.88221,0,27.17241
19.05999,26.88114,0,27.17193
19.07999,26.88006,0,27.17144
19.09999,26.87899,0,27.17096
19.11999,26.87793,0,27.17048
19.13999,26.87686,0,27.17
19.15999,26.8758,0,27.16953
19.17999,26.87474,0,27.16905
19.19999,26.87369,0,27.16858
19.21999,26.87263,0,27.1681
19.23999,26.87159,0,27.16763
19.25999,26.87054,0,27.16716
19.27999,26.8695,0,27.16669
19.29999,26.86845,0,27.16622
19.31999,26.86742,0,27.16575
19.33999,26.86638,0,27.16529
19.35999,26.86535,0,27.16483
19.37999,26.86432,0,27.16436
19.39999,26.86329,0,27.1639
19.41999,26.86227,0,27.16344
19.43999,26.86125,0,27.16298
19.45999,26.86023,0,27.16253
19.47999,26.85921,0,27.16207
19.49999,26.8582,0,27.16161
19.51999,26.85719,0,27.16116
19.53999,26.85619,0,27.16071
19.55999,26.85518,0,27.16026
19.57999,26.85418,0,27.15981
19.59999,26.85318,0,27.15936
19.61999,26.85219,0,27.15891
19.63999,26.8512,0,27.15847
19.65999,26.85021,0,27.15802
19.67999,26.84922,0,27.15758
19.69999,26.84824,0,27.15714
19.71999,26.84725,0,27.1567
19.73999,26.84628,0,27.15626
19.75999,26.8453,0,27.15582
19.77999,26.84433,0,27.15538
19.79999,26.84336,0,27.15495
19.81999,26.84239,0,27.15451
19.83999,26.84142,0,27.15408
19.85999,26.84046,0,27.15365
19.87999,26.8395,0,27.15322
19.89999,26.83854,0,27.15279
19.91999,26.83759,0,27.15236
19.93999,26.83664,0,27.15193
19.95999,26.83569,0,27.15151
19.97999,26.83474,0,27.15108
19.99999,26.8338,0,27.15066
20.01999,26.83286,0,27.15024
20.03999,26.83192,0,27.14981
20.05999,26.83098,0,27.14939
20.07999,26.83005,0,27.14898
20.09999,26.82912,0,27.14856
20.11999,26.82819,0,27.14814
20.13999,26.82726,0,27.14773
20.15999,26.82634,0,27.14731
20.17999,26.82542,0,27.1469
20.19999,26.8245,0,27.14649
20.21999,26.82359,0,27.14608
20.23999,26.82267,0,27.14567
20.25999,26.82176,0,27.14526
20.27999,26.82085,0,27.14486
20.29999,26.81995,0,27.14445
20.31999,26.81905,0,27.14404
20.33999,26.81815,0,27.14364
20.35999,26.81725,0,27.14324
20.37999,26.81635,0,27.14284
20.39999,26.81546,0,27.14244
20.41999,26.81457,0,27.14204
20.43999,26.81368,0,27.14164
20.45999,26.8128,0,27.14125
20.47999,26.81191,0,27.14085
20.49999,26.81103,0,27.14046
20.51999,26.81016,0,27.14006
20.53999,26.80928,0,27.13967
20.55999,26.80841,0,27.13928
20.57999,26.80754,0,27.13889
20.59999,26.80667,0,27.1385
20.61999,26.8058,0,27.13811
20.63999,26.80494,0,27.13773
20.65999,26.80408,0,27.13734
20.67999,26.80322,0,27.13696
20.69999,26.80236,0,27.13658
20.71999,26.80151,0,27.13619
20.73999,26.80066,0,27.13581
20.75999,26.79981,0,27.13543
20.77999,26.79896,0,27.13506
20.79999,26.79812,0,27.13468
20.81999,26.79728,0,27.1343
20.83999,26.79644,0,27.13392
20.85999,26.7956,0,27.13355
20.87999,26.79477,0,27.13318
20.89999,26.79393,0,27.1328
20.91999,26.7931,0,27.13243
20.93999,26.79228,0,27.13206
20.95999,26.79145,0,27.13169
20.97999,26.79063,0,27.13133
20.99999,26.78981,0,27.13096
21.01999,26.78899,0,27.13059
21.03999,26.78817,0,27.13023
21.05999,26.78736,0,27.12986
21.07999,26.78654,0,27.1295
21.09999,26.78574,0,27.12914
21.11999,26.78493,0,27.12878
21.13999,26.78412,0,27.12842
21.15999,26.78332,0,27.12806
21.17999,26.78252,0,27.1277
21.19999,26.78172,0,27.12735
21.21999,26.78093,0,27.12699
21.23999,26.78013,0,27.12664
21.25999,26.77934,0,27.12628
21.27999,26.77855,0,27.12593
21.29999,26.77776,0,27.12558
21.31999,26.77698,0,27.12523
21.33999,26.7762,0,27.12488
21.35999,26.77542,0,27.12453
21.37999,26.77464,0,27.12418
21.39999,26.77386,0,27.12383
21.41999,26.77309,0,27.12349
21.43999,26.77231,0,27.12314
21.45999,26.77154,0,27.1228
21.47999,26.77077,0,27.12246
21.49999,26.77001,0,27.12211
21.51999,26.76925,0,27.12177
21.53999,26.76849,0,27.12144
21.55999,26.76773,0,27.1211
21.57999,26.76697,0,27.12076
21.59999,26.76621,0,27.12042
21.61999,26.76546,0,27.12008
21.63999,26.76471,0,27.11975
21.65999,26.76396,0,27.11942
21.67999,26.76321,0,27.11908
21.69999,26.76247,0,27.11875
21.71999,26.76173,0,27.11842
21.73999,26.76099,0,27.11809
21.75999,26.76025,0,27.11776
21.77999,26.75951,0,27.11743
21.79999,26.75878,0,27.1171
21.81999,26.75805,0,27.11678
21.83999,26.75732,0,27.11645
21.85999,26.75659,0,27.11613
21.87999,26.75586,0,27.1158
21.89999,26.75514,0,27.11548
21.91999,26.75441,0,27.11516
21.93999,26.75369,0,27.11484
21.95999,26.75298,0,27.11452
21.97999,26.75226,0,27.1142
21.99999,26.75155,0,27.11388
22.01999,26.75084,0,27.11356
22.03999,26.75013,0,27.11325
22.05999,26.74942,0,27.11293
22.07999,26.74871,0,27.11262
22.09999,26.74801,0,27.1123
22.11999,26.74731,0,27.11199
22.13999,26.74661,0,27.11168
22.15999,26.74591,0,27.11136
22.17999,26.74521,0,27.11106
22.19999,26.74452,0,27.11074
22.21999,26.74383,0,27.11044
22.23999,26.74314,0,27.11013
22.25999,26.74245,0,27.10982
22.27999,26.74176,0,27.10952
22.29999,26.74108,0,27.10921
22.31999,26.74039,0,27.10891
22.33999,26.73971,0,27.1086
22.35999,26.73903,0,27.1083
22.37999,26.73836,0,27.108
22.39999,26.73768,0,27.1077
22.41999,26.73701,0,27.1074
22.43999,26.73634,0,27.1071
22.45999,26.73567,0,27.1068
22.47999,26.735,0,27.1065
22.49999,26.73433,0,27.10621
22.51999,26.73367,0,27.10591
22.53999,26.73301,0,27.10562
22.55999,26.73235,0,27.10532
22.57999,26.73169,0,27.10503
22.59999,26.73103,0,27.10474
22.61999,26.73038,0,27.10445
22.63999,26.72973,0,27.10416
22.65999,26.72908,0,27.10387
22.67999,26.72843,0,27.10358
22.69999,26.72778,0,27.10329
22.71999,26.72713,0,27.103
22.73999,26.72649,0,27.10271
22.75999,26.72585,0,27.10243
22.77999,26.7252,0,27.10214
22.79999,26.72457,0,27.10186
22.81999,26.72393,0,27.10158
22.83999,26.72329,0,27.1013
22.85999,26.72266,0,27.10101
22.87999,26.72203,0,27.10073
22.89999,26.7214,0,27.10045
22.91999,26.72077,0,27.10017
22.93999,26.72015,0,27.09989
22.95999,26.71952,0,27.09962
22.97999,26.7189,0,27.09934
22.99999,26.71828,0,27.09906
23.01999,26.71766,0,27.09879
23.03999,26.71704,0,27.09851
23.05999,26.71642,0,27.09824
23.07999,26.71581,0,27.09797
23.09999,26.7152,0,27.09769
23.11999,26.71459,0,27.09742
23.13999,26.71398,0,27.09715
23.15999,26.71337,0,27.09688
23.17999,26.71276,0,27.09661
23.19999,26.71216,0,27.09634
23.21999,26.71156,0,27.09608
23.23999,26.71096,0,27.09581
23.25999,26.71036,0,27.09554
23.27999,26.70976,0,27.09528
23.29999,26.70917,0,27.09501
23.31999,26.70857,0,27.09475
23.33999,26.70798,0,27.09449
23.35999,26.70739,0,27.09422
23.37999,26.7068,0,27.09396
23.39999,26.70621,0,27.0937
23.41999,26.70563,0,27.09344
23.43999,26.70504,0,27.09318
23.45999,26.70446,0,27.09292
23.47999,26.70388,0,27.09266
23.49999,26.7033,0,27.09241
23.51999,26.70272,0,27.09215
23.53999,26.70214,0,27.09189
23.55999,26.70157,0,27.09164
23.57999,26.701,0,27.09138
23.59999,26.70043,0,27.09113
23.61999,26.69986,0,27.09088
23.63999,26.69929,0,27.09063
23.65999,26.69872,0,27.09037
23.67999,26.69816,0,27.09012
23.69999,26.6976,0,27.08987
23.71999,26.69703,0,27.08962
23.73999,26.69647,0,27.08937
23.75999,26.69592,0,27.08913
23.77999,26.69536,0,27.08888
23.79999,26.6948,0,27.08863
23.81999,26.69425,0,27.08839
23.83999,26.6937,0,27.08814
23.85999,26.69315,0,27.0879
23.87999,26.6926,0,27.08765
23.89999,26.69205,0,27.08741
23.91999,26.6915,0,27.08717
23.93999,26.69096,0,27.08693
23.95999,26.69041,0,27.08669
23.97999,26.68987,0,27.08644
23.99999,26.68933,0,27.0862
24.01999,26.6888,0,27.08597
24.03999,26.68826,0,27.08573
24.05999,26.68772,0,27.08549
24.07999,26.68719,0,27.08525
24.09999,26.68666,0,27.08502
24.11999,26.68612,0,27.08478
24.13999,26.68559,0,27.08455
24.15999,26.68507,0,27.08431
24.17999,26.68454,0,27.08408
24.19999,26.68402,0,27.08385
24.21999,26.68349,0,27.08361
24.23999,26.68297,0,27.08338
24.25999,26.68245,0,27.08315
24.27999,26.68193,0,27.08292
24.29999,26.68141,0,27.08269
24.31999,26.68089,0,27.08246
24.33999,26.68038,0,27.08223
24.35999,26.67986,0,27.082
24.37999,26.67935,0,27.08178
24.39999,26.67884,0,27.08155
24.41999,26.67833,0,27.08133
24.43999,26.67782,0,27.0811
24.45999,26.67732,0,27.08088
24.47999,26.67681,0,27.08065
24.49999,26.67631,0,27.08043
24.51999,26.67581,0,27.0802
24.53999,26.6753,0,27.07998
24.55999,26.6748,0,27.07976
24.57999,26.67431,0,27.07954
24.59999,26.67381,0,27.07932
24.61999,26.67332,0,27.0791
24.63999,26.67282,0,27.07888
24.65999,26.67233,0,27.07866
24.67999,26.67184,0,27.07845
24.69999,26.67135,0,27.07823
24.71999,26.67086,0,27.07801
24.73999,26.67037,0,27.0778
24.75999,26.66989,0,27.07758
24.77999,26.6694,0,27.07737
24.79999,26.66892,0,27.07715
24.81999,26.66844,0,27.07694
24.83999,26.66796,0,27.07673
24.85999,26.66748,0,27.07651
24.87999,26.667,0,27.0763
24.89999,26.66652,0,27.07609
24.91999,26.66605,0,27.07588
24.93999,26.66558,0,27.07567
24.95999,26.6651,0,27.07546
24.97999,26.66463,0,27.07525
24.99999,26.66416,0,27.07504
25.01999,26.66369,0,27.07484
25.03999,26.66323,0,27.07463
25.05999,26.66276,0,27.07442
25.07999,26.66229,0,27.07422
25.09999,26.66183,0,27.07401
25.11999,26.66137,0,27.07381
25.13999,26.66091,0,27.0736
25.15999,26.66045,0,27.0734
25.17999,26.65999,0,27.0732
25.19999,26.65953,0,27.073
25.21999,26.65908,0,27.07279
25.23999,26.65862,0,27.07259
25.25999,26.65817,0,27.07239
25.27999,26.65772,0,27.07219
25.29999,26.65727,0,27.07199
25.31999,26.65682,0,27.07179
25.33999,26.65637,0,27.0716
25.35999,26.65592,0,27.0714
25.37999,26.65548,0,27.0712
25.39999,26.65503,0,27.071
25.41999,26.65459,0,27.07081
25.43999,26.65415,0,27.07061
25.45999,26.65371,0,27.07042
25.47999,26.65327,0,27.07022
25.49999,26.65283,0,27.07003
25.51999,26.65239,0,27.06984
25.53999,26.65196,0,27.06964
25.55999,26.65152,0,27.06945
25.57999,26.65109,0,27.06926
25.59999,26.65066,0,27.06907
25.61999,26.65022,0,27.06888
25.63999,26.6498,0,27.06869
25.65999,26.64937,0,27.0685
25.67999,26.64894,0,27.06831
25.69999,26.64851,0,27.06812
25.71999,26.64809,0,27.06793
25.73999,26.64767,0,27.06774
25.75999,26.64724,0,27.06756
25.77999,26.64682,0,27.06737
25.79999,26.6464,0,27.06718
25.81999,26.64598,0,27.067
25.83999,26.64556,0,27.06681
25.85999,26.64515,0,27.06663
25.87999,26.64473,0,27.06645
25.89999,26.64432,0,27.06626
25.91999,26.6439,0,27.06608
25.93999,26.64349,0,27.0659
25.95999,26.64308,0,27.06572
25.97999,26.64267,0,27.06553
25.99999,26.64226,0,27.06536
26.01999,26.64186,0,27.06517
26.03999,26.64145,0,27.06499
26.05999,26.64104,0,27.06482
26.07999,26.64064,0,27.06464
26.09999,26.64024,0,27.06446
26.11999,26.63984,0,27.06428
26.13999,26.63943,0,27.0641
26.15999,26.63903,0,27.06393
26.17999,26.63864,0,27.06375
26.19999,26.63824,0,27.06358
26.21999,26.63784,0,27.0634
26.23999,26.63745,0,27.06322
26.25999,26.63705,0,27.06305
26.27999,26.63666,0,27.06288
26.29999,26.63627,0,27.0627
26.31999,26.63588,0,27.06253
26.33999,26.63549,0,27.06236
26.35999,26.6351,0,27.06219
26.37999,26.63471,0,27.06202
26.39999,26.63433,0,27.06185
26.41999,26.63394,0,27.06167
26.43999,26.63356,0,27.0615
26.45999,26.63317,0,27.06134
26.47999,26.63279,0,27.06117
26.49999,26.63241,0,27.061
26.51999,26.63203,0,27.06083
26.53999,26.63165,0,27.06066
26.55999,26.63127,0,27.0605
26.57999,26.6309,0,27.06033
26.59999,26.63052,0,27.06016
26.61999,26.63015,0,27.06
26.63999,26.62977,0,27.05983
26.65999,26.6294,0,27.05967
26.67999,26.62903,0,27.0595
26.69999,26.62866,0,27.05934
26.71999,26.62829,0,27.05918
26.73999,26.62792,0,27.05901
26.75999,26.62755,0,27.05885
26.77999,26.62719,0,27.05869
26.79999,26.62682,0,27.05853
26.81999,26.62646,0,27.05837
26.83999,26.62609,0,27.05821
26.85999,26.62573,0,27.05805
26.87999,26.62537,0,27.05789
26.89999,26.62501,0,27.05773
26.91999,26.62465,0,27.05757
26.93999,26.62429,0,27.05741
26.95999,26.62393,0,27.05725
26.97999,26.62358,0,27.0571
26.99999,26.62322,0,27.05694
27.01999,26.62287,0,27.05678
27.03999,26.62251,0,27.05663
27.05999,26.62216,0,27.05647
27.07999,26.62181,0,27.05632
27.09999,26.62146,0,27.05616
27.11999,26.62111,0,27.05601
27.13999,26.62076,0,27.05585
27.15999,26.62041,0,27.0557
27.17999,26.62007,0,27.05555
27.19999,26.61972,0,27.05539
27.21999,26.61938,0,27.05524
27.23999,26.61903,0,27.05509
27.25999,26.61869,0,27.05494
27.27999,26.61835,0,27.05479
27.29999,26.61801,0,27.05464
27.31999,26.61767,0,27.05449
27.33999,26.61733,0,27.05434
27.35999,26.61699,0,27.05419
27.37999,26.61665,0,27.05404
27.39999,26.61632,0,27.05389
27.41999,26.61598,0,27.05374
27.43999,26.61565,0,27.05359
27.45999,26.61531,0,27.05345
27.47999,26.61498,0,27.0533
27.49999,26.61465,0,27.05316
27.51999,26.61432,0,27.05301
27.53999,26.61399,0,27.05286
27.55999,26.61366,0,27.05272
27.57999,26.61333,0,27.05257
27.59999,26.61301,0,27.05243
27.61999,26.61268,0,27.05229
27.63999,26.61236,0,27.05214
27.65999,26.61203,0,27.052
27.67999,26.61171,0,27.05186
27.69999,26.61139,0,27.05172
27.71999,26.61107,0,27.05157
27.73999,26.61075,0,27.05143
27.75999,26.61043,0,27.05129
27.77999,26.61011,0,27.05115
27.79999,26.60979,0,27.05101
27.81999,26.60947,0,27.05087
27.83999,26.60916,0,27.05073
27.85999,26.60884,0,27.05059
27.87999,26.60853,0,27.05045
27.89999,26.60821,0,27.05031
27.91999,26.6079,0,27.05018
27.93999,26.60759,0,27.05004
27.95999,26.60728,0,27.0499
27.97999,26.60697,0,27.04976
27.99999,26.60666,0,27.04963
28.01999,26.60635,0,27.04949
28.03999,26.60604,0,27.04936
28.05999,26.60574,0,27.04922
28.07999,26.60543,0,27.04909
28.09999,26.60513,0,27.04895
28.11999,26.60482,0,27.04882
28.13999,26.60452,0,27.04869
28.15999,26.60422,0,27.04855
28.17999,26.60392,0,27.04842
28.19999,26.60361,0,27.04829
28.21999,26.60332,0,27.04815
28.23999,26.60302,0,27.04802
28.25999,26.60272,0,27.04789
28.27999,26.60242,0,27.04776
28.29999,26.60213,0,27.04763
28.31999,26.60183,0,27.0475
28.33999,26.60153,0,27.04737
28.35999,26.60124,0,27.04724
28.37999,26.60095,0,27.04711
28.39999,26.60065,0,27.04698
28.41999,26.60036,0,27.04685
28.43999,26.60007,0,27.04672
28.45999,26.59978,0,27.0466
28.47999,26.59949,0,27.04647
28.49999,26.59921,0,27.04634
28.51999,26.59892,0,27.04622
28.53999,26.59863,0,27.04609
28.55999,26.59834,0,27.04596
28.57999,26.59806,0,27.04584
28.59999,26.59778,0,27.04571
28.61999,26.59749,0,27.04559
28.63999,26.59721,0,27.04546
28.65999,26.59693,0,27.04534
28.67999,26.59665,0,27.04521
28.69999,26.59637,0,27.04509
28.71999,26.59609,0,27.04497
28.73999,26.59581,0,27.04484
28.75999,26.59553,0,27.04472
28.77999,26.59525,0,27.0446
28.79999,26.59498,0,27.04448
28.81999,26.5947,0,27.04436
28.83999,26.59443,0,27.04424
28.85999,26.59415,0,27.04412
28.87999,26.59388,0,27.04399
28.89999,26.59361,0,27.04387
28.91999,26.59333,0,27.04375
28.93999,26.59306,0,27.04363
28.95999,26.59279,0,27.04351
28.97999,26.59252,0,27.0434
28.99999,26.59225,0,27.04328
29.01999,26.59198,0,27.04316
29.03999,26.59172,0,27.04304
29.05999,26.59145,0,27.04292
29.07999,26.59118,0,27.04281
29.09999,26.59092,0,27.04269
29.11999,26.59065,0,27.04257
29.13999,26.59039,0,27.04246
29.15999,26.59013,0,27.04234
29.17999,26.58987,0,27.04223
29.19999,26.58961,0,27.04211
29.21999,26.58934,0,27.042
29.23999,26.58908,0,27.04188
29.25999,26.58883,0,27.04177
29.27999,26.58857,0,27.04165
29.29999,26.58831,0,27.04154
29.31999,26.58805,0,27.04143
29.33999,26.5878,0,27.04131
29.35999,26.58754,0,27.0412
29.37999,26.58728,0,27.04109
29.39999,26.58703,0,27.04098
29.41999,26.58678,0,27.04086
29.43999,26.58652,0,27.04075
29.45999,26.58627,0,27.04064
29.47999,26.58602,0,27.04053
29.49999,26.58577,0,27.04042
29.51999,26.58552,0,27.04031
29.53999,26.58527,0,27.0402
29.55999,26.58502,0,27.04009
29.57999,26.58477,0,27.03998
29.59999,26.58453,0,27.03988
29.61999,26.58428,0,27.03977
29.63999,26.58403,0,27.03966
29.65999,26.58379,0,27.03955
29.67999,26.58354,0,27.03944
29.69999,26.5833,0,27.03934
29.71999,26.58306,0,27.03923
29.73999,26.58282,0,27.03912
29.75999,26.58257,0,27.03901
29.77999,26.58233,0,27.03891
29.79999,26.58209,0,27.0388
29.81999,26.58185,0,27.0387
29.83999,26.58161,0,27.03859
29.85999,26.58138,0,27.03849
29.87999,26.58114,0,27.03838
29.89999,26.5809,0,27.03828
29.91999,26.58066,0,27.03817
29.93999,26.58043,0,27.03807
29.95999,26.58019,0,27.03797
29.97999,26.57996,0,27.03786
29.99999,26.57972,0,27.03776
30.01999,26.57949,0,27.03766
30.03999,26.57926,0,27.03756
30.05999,26.57903,0,27.03745
30.07999,26.57879,0,27.03735
30.09999,26.57856,0,27.03725
30.11999,26.57833,0,27.03715
30.13999,26.5781,0,27.03705
30.15999,26.57788,0,27.03695
30.17999,26.57765,0,27.03685
30.19999,26.57742,0,27.03675
30.21999,26.57719,0,27.03665
30.23999,26.57697,0,27.03655
30.25999,26.57674,0,27.03645
30.27999,26.57652,0,27.03635
30.29999,26.57629,0,27.03625
30.31999,26.57607,0,27.03615
30.33999,26.57584,0,27.03605
30.35999,26.57562,0,27.03596
30.37999,26.5754,0,27.03586
30.39999,26.57518,0,27.03576
30.41999,26.57496,0,27.03566
30.43999,26.57474,0,27.03557
30.45999,26.57452,0,27.03547
30.47999,26.5743,0,27.03537
30.49999,26.57408,0,27.03528
30.51999,26.57386,0,27.03518
30.53999,26.57365,0,27.03509
30.55999,26.57343,0,27.03499
30.57999,26.57322,0,27.0349
30.59999,26.573,0,27.0348
30.61999,26.57279,0,27.03471
30.63999,26.57257,0,27.03461
30.65999,26.57236,0,27.03452
30.67999,26.57215,0,27.03443
30.69999,26.57194,0,27.03433
30.71999,26.57172,0,27.03424
30.73999,26.57151,0,27.03415
30.75999,26.5713,0,27.03406
30.77999,26.57109,0,27.03396
30.79999,26.57088,0,27.03387
30.81999,26.57067,0,27.03378
30.83999,26.57047,0,27.03369
30.85999,26.57026,0,27.0336
30.87999,26.57005,0,27.0335
30.89999,26.56985,0,27.03341
30.91999,26.56964,0,27.03333
30.93999,26.56944,0,27.03323
30.95999,26.56923,0,27.03314
30.97999,26.56903,0,27.03305
30.99999,26.56882,0,27.03296
31.01999,26.56862,0,27.03288
31.03999,26.56842,0,27.03279
31.05999,26.56822,0,27.0327
31.07999,26.56802,0,27.03261
31.09999,26.56782,0,27.03252
31.11999,26.56762,0,27.03243
31.13999,26.56742,0,27.03234
31.15999,26.56722,0,27.03226
31.17999,26.56702,0,27.03217
31.19999,26.56682,0,27.03208
31.21999,26.56662,0,27.032
31.23999,26.56643,0,27.03191
31.25999,26.56623,0,27.03182
31.27999,26.56603,0,27.03174
31.29999,26.56584,0,27.03165
31.31999,26.56565,0,27.03157
31.33999,26.56545,0,27.03148
31.35999,26.56526,0,27.0314
31.37999,26.56507,0,27.03131
31.39999,26.56487,0,27.03123
31.41999,26.56468,0,27.03114
31.43999,26.56449,0,27.03106
31.45999,26.5643,0,27.03098
31.47999,26.56411,0,27.03089
31.49999,26.56392,0,27.03081
31.51999,26.56373,0,27.03073
31.53999,26.56354,0,27.03064
31.55999,26.56335,0,27.03056
31.57999,26.56317,0,27.03048
31.59999,26.56298,0,27.0304
31.61999,26.56279,0,27.03031
31.63999,26.5626,0,27.03023
31.65999,26.56242,0,27.03015
31.67999,26.56223,0,27.03007
31.69999,26.56205,0,27.02999
31.71999,26.56187,0,27.02991
31.73999,26.56168,0,27.02983
31.75999,26.5615,0,27.02975
31.77999,26.56132,0,27.02966
31.79999,26.56114,0,27.02958
31.81999,26.56096,0,27.0295
31.83999,26.56077,0,27.02943
31.85999,26.56059,0,27.02935
31.87999,26.56041,0,27.02927
31.89999,26.56023,0,27.02919
31.91999,26.56005,0,27.02911
31.93999,26.55988,0,27.02903
31.95999,26.5597,0,27.02895
31.97999,26.55952,0,27.02888
31.99999,26.55934,0,27.0288
32.01999,26.55917,0,27.02872
32.03999,26.55899,0,27.02864
32.05999,26.55882,0,27.02857
32.07999,26.55864,0,27.02849
32.09999,26.55847,0,27.02841
32.11999,26.55829,0,27.02834
32.13999,26.55812,0,27.02826
32.15999,26.55795,0,27.02818
32.17999,26.55778,0,27.02811
32.19999,26.5576,0,27.02803
32.21999,26.55743,0,27.02796
32.23999,26.55726,0,27.02788
32.25999,26.55709,0,27.02781
32.27999,26.55692,0,27.02773
32.29999,26.55675,0,27.02766
32.31999,26.55658,0,27.02758
32.33999,26.55641,0,27.02751
32.35999,26.55625,0,27.02744
32.37999,26.55608,0,27.02736
32.39999,26.55591,0,27.02729
32.41999,26.55574,0,27.02721
32.43999,26.55558,0,27.02714
32.45999,26.55541,0,27.02707
32.47999,26.55525,0,27.02699
32.49999,26.55508,0,27.02692
32.51999,26.55492,0,27.02685
32.53999,26.55475,0,27.02678
32.55999,26.55459,0,27.02671
32.57999,26.55443,0,27.02664
32.59999,26.55426,0,27.02656
32.61999,26.5541,0,27.02649
32.63999,26.55394,0,27.02642
32.65999,26.55378,0,27.02635
32.67999,26.55362,0,27.02628
32.69999,26.55346,0,27.02621
32.71999,26.5533,0,27.02614
32.73999,26.55314,0,27.02607
32.75999,26.55298,0,27.026
32.77999,26.55282,0,27.02593
32.79999,26.55266,0,27.02586
32.81999,26.5525,0,27.02579
32.83999,26.55235,0,27.02572
32.85999,26.55219,0,27.02565
32.87999,26.55203,0,27.02558
32.89999,26.55188,0,27.02551
32.91999,26.55172,0,27.02545
32.93999,26.55157,0,27.02538
32.95999,26.55141,0,27.02531
32.97999,26.55126,0,27.02524
32.99999,26.5511,0,27.02518
33.01999,26.55095,0,27.02511
33.03999,26.5508,0,27.02504
33.05999,26.55065,0,27.02497
33.07999,26.55049,0,27.02491
33.09999,26.55034,0,27.02484
33.11999,26.55019,0,27.02477
33.13999,26.55004,0,27.02471
33.15999,26.54989,0,27.02464
33.17999,26.54974,0,27.02458
33.19999,26.54959,0,27.02451
33.21999,26.54944,0,27.02444
33.23999,26.54929,0,27.02438
33.25999,26.54914,0,27.02431
33.27999,26.54899,0,27.02425
33.29999,26.54885,0,27.02418
33.31999,26.5487,0,27.02412
33.33999,26.54855,0,27.02406
33.35999,26.54841,0,27.02399
33.37999,26.54826,0,27.02393
33.39999,26.54812,0,27.02386
33.41999,26.54797,0,27.0238
33.43999,26.54783,0,27.02374
33.45999,26.54768,0,27.02367
33.47999,26.54754,0,27.02361
33.49999,26.5474,0,27.02355
33.51999,26.54725,0,27.02348
33.53999,26.54711,0,27.02342
33.55999,26.54697,0,27.02336
33.57999,26.54683,0,27.0233
33.59999,26.54668,0,27.02323
33.61999,26.54654,0,27.02317
33.63999,26.5464,0,27.02311
33.65999,26.54626,0,27.02305
33.67999,26.54612,0,27.02299
33.69999,26.54598,0,27.02293
33.71999,26.54584,0,27.02287
33.73999,26.5457,0,27.0228
33.75999,26.54556,0,27.02274
33.77999,26.54543,0,27.02268
33.79999,26.54529,0,27.02262
33.81999,26.54515,0,27.02256
33.83999,26.54502,0,27.0225
33.85999,26.54488,0,27.02244
33.87999,26.54474,0,27.02238
33.89999,26.54461,0,27.02232
33.91999,26.54447,0,27.02226
33.93999,26.54434,0,27.02221
33.95999,26.5442,0,27.02214
33.97999,26.54407,0,27.02209
33.99999,26.54393,0,27.02203
34.01999,26.5438,0,27.02197
34.03999,26.54367,0,27.02191
34.05999,26.54353,0,27.02185
34.07999,26.5434,0,27.02179
34.09999,26.54327,0,27.02174
34.11999,26.54314,0,27.02168
34.13999,26.54301,0,27.02162
34.15999,26.54288,0,27.02156
34.17999,26.54275,0,27.02151
34.19999,26.54262,0,27.02145
34.21999,26.54249,0,27.02139
34.23999,26.54236,0,27.02134
34.25999,26.54223,0,27.02128
34.27999,26.5421,0,27.02122
34.29999,26.54197,0,27.02117
34.31999,26.54184,0,27.02111
34.33999,26.54172,0,27.02105
34.35999,26.54159,0,27.021
34.37999,26.54146,0,27.02094
34.39999,26.54133,0,27.02089
34.41999,26.54121,0,27.02083
34.43999,26.54108,0,27.02078
34.45999,26.54096,0,27.02072
34.47999,26.54083,0,27.02067
34.49999,26.54071,0,27.02061
34.51999,26.54058,0,27.02056
34.53999,26.54046,0,27.0205
34.55999,26.54033,0,27.02045
34.57999,26.54021,0,27.02039
34.59999,26.54009,0,27.02034
34.61999,26.53996,0,27.02028
34.63999,26.53984,0,27.02023
34.65999,26.53972,0,27.02018
34.67999,26.5396,0,27.02012
34.69999,26.53948,0,27.02007
34.71999,26.53936,0,27.02002
34.73999,26.53924,0,27.01997
34.75999,26.53912,0,27.01991
34.77999,26.539,0,27.01986
34.79999,26.53888,0,27.01981
34.81999,26.53876,0,27.01975
34.83999,26.53864,0,27.0197
34.85999,26.53852,0,27.01965
34.87999,26.5384,0,27.0196
34.89999,26.53828,0,27.01955
34.91999,26.53816,0,27.0195
34.93999,26.53805,0,27.01944
34.95999,26.53793,0,27.01939
34.97999,26.53781,0,27.01934
34.99999,26.5377,0,27.01929
35.01999,26.53758,0,27.01924
35.03999,26.53746,0,27.01919
35.05999,26.53735,0,27.01914
35.07999,26.53723,0,27.01909
35.09999,26.53712,0,27.01904
35.11999,26.537,0,27.01899
35.13999,26.53689,0,27.01894
35.15999,26.53678,0,27.01889
35.17999,26.53666,0,27.01884
35.19999,26.53655,0,27.01879
35.21999,26.53644,0,27.01874
35.23999,26.53632,0,27.01869
35.25999,26.53621,0,27.01864
35.27999,26.5361,0,27.01859
35.29999,26.53599,0,27.01854
35.31999,26.53588,0,27.01849
35.33999,26.53576,0,27.01844
35.35999,26.53565,0,27.01839
35.37999,26.53554,0,27.01835
35.39999,26.53543,0,27.0183
35.41999,26.53532,0,27.01825
35.43999,26.53521,0,27.0182
35.45999,26.5351,0,27.01815
35.47999,26.535,0,27.01811
35.49999,26.53489,0,27.01806
35.51999,26.53478,0,27.01801
35.53999,26.53467,0,27.01796
35.55999,26.53456,0,27.01792
35.57999,26.53446,0,27.01787
35.59999,26.53435,0,27.01782
35.61999,26.53424,0,27.01778
35.63999,26.53414,0,27.01773
35.65999,26.53403,0,27.01768
35.67999,26.53392,0,27.01764
35.69999,26.53382,0,27.01759
35.71999,26.53371,0,27.01754
35.73999,26.53361,0,27.0175
35.75999,26.5335,0,27.01745
35.77999,26.5334,0,27.01741
35.79999,26.53329,0,27.01736
35.81999,26.53319,0,27.01731
35.83999,26.53309,0,27.01727
35.85999,26.53299,0,27.01722
35.87999,26.53288,0,27.01718
35.89999,26.53278,0,27.01713
35.91999,26.53268,0,27.01709
35.93999,26.53257,0,27.01704
35.95999,26.53247,0,27.017
35.97999,26.53237,0,27.01695
35.99999,26.53227,0,27.01691
36.01999,26.53217,0,27.01687
36.03999,26.53207,0,27.01682
36.05999,26.53197,0,27.01678
36.07999,26.53187,0,27.01673
36.09999,26.53177,0,27.01669
36.11999,26.53167,0,27.01665
36.13999,26.53157,0,27.0166
36.15999,26.53147,0,27.01656
36.17999,26.53137,0,27.01652
36.19999,26.53127,0,27.01647
36.21999,26.53118,0,27.01643
36.23999,26.53108,0,27.01639
36.25999,26.53098,0,27.01634
36.27999,26.53088,0,27.0163
36.29999,26.53079,0,27.01626
36.31999,26.53069,0,27.01622
36.33999,26.53059,0,27.01617
36.35999,26.5305,0,27.01613
36.37999,26.5304,0,27.01609
36.39999,26.53031,0,27.01605
36.41999,26.53021,0,27.01601
36.43999,26.53012,0,27.01596
36.45999,26.53002,0,27.01592
36.47999,26.52992,0,27.01588
36.49999,26.52983,0,27.01584
36.51999,26.52974,0,27.0158
36.53999,26.52964,0,27.01576
36.55999,26.52955,0,27.01572
36.57999,26.52946,0,27.01567
36.59999,26.52936,0,27.01563
36.61999,26.52927,0,27.01559
36.63999,26.52918,0,27.01555
36.65999,26.52909,0,27.01551
36.67999,26.52899,0,27.01547
36.69999,26.5289,0,27.01543
36.71999,26.52881,0,27.01539
36.73999,26.52872,0,27.01535
36.75999,26.52863,0,27.01531
36.77999,26.52854,0,27.01527
36.79999,26.52845,0,27.01523
36.81999,26.52836,0,27.01519
36.83999,26.52827,0,27.01515
36.85999,26.52818,0,27.01511
36.87999,26.52809,0,27.01507
36.89999,26.528,0,27.01504
36.91999,26.52791,0,27.015
36.93999,26.52782,0,27.01496
36.95999,26.52773,0,27.01492
36.97999,26.52764,0,27.01488
36.99999,26.52756,0,27.01484
37.01999,26.52747,0,27.0148
37.03999,26.52738,0,27.01476
37.05999,26.52729,0,27.01473
37.07999,26.5272,0,27.01469
37.09999,26.52712,0,27.01465
37.11999,26.52703,0,27.01461
37.13999,26.52695,0,27.01457
37.15999,26.52686,0,27.01454
37.17999,26.52677,0,27.0145
37.19999,26.52669,0,27.01446
37.21999,26.5266,0,27.01442
37.23999,26.52652,0,27.01439
37.25999,26.52643,0,27.01435
37.27999,26.52635,0,27.01431
37.29999,26.52626,0,27.01427
37.31999,26.52618,0,27.01424
37.33998,26.52609,0,27.0142
37.35999,26.52601,0,27.01416
37.37999,26.52593,0,27.01413
37.39999,26.52584,0,27.01409
37.41999,26.52576,0,27.01406
37.43999,26.52568,0,27.01402
37.45999,26.52559,0,27.01398
37.47999,26.52551,0,27.01395
37.49999,26.52543,0,27.01391
37.51999,26.52535,0,27.01387
37.53999,26.52527,0,27.01384
37.55999,26.52518,0,27.0138
37.57999,26.5251,0,27.01377
37.59999,26.52502,0,27.01373
37.61999,26.52494,0,27.0137
37.63999,26.52486,0,27.01366
37.65999,26.52478,0,27.01363
37.67999,26.5247,0,27.01359
37.69999,26.52462,0,27.01356
37.71999,26.52454,0,27.01352
37.73999,26.52446,0,27.01349
37.75999,26.52438,0,27.01345
37.77999,26.5243,0,27.01342
37.79999,26.52423,0,27.01338
37.81999,26.52415,0,27.01335
37.83998,26.52407,0,27.01331
37.85999,26.52399,0,27.01328
37.87999,26.52391,0,27.01324
37.89999,26.52383,0,27.01321
37.91999,26.52376,0,27.01318
37.93999,26.52368,0,27.01314
37.95999,26.5236,0,27.01311
37.97999,26.52353,0,27.01308
37.99998,26.52345,0,27.01304
38.01999,26.52337,0,27.01301
38.03999,26.5233,0,27.01298
38.05999,26.52322,0,27.01294
38.07999,26.52315,0,27.01291
38.09999,26.52307,0,27.01288
38.11999,26.52299,0,27.01284
38.13999,26.52292,0,27.01281
38.15998,26.52285,0,27.01278
38.17999,26.52277,0,27.01274
38.19999,26.5227,0,27.01271
38.21999,26.52262,0,27.01268
38.23999,26.52255,0,27.01265
38.25999,26.52247,0,27.01262
38.27999,26.5224,0,27.01258
38.29999,26.52233,0,27.01255
38.31999,26.52225,0,27.01252
38.33998,26.52218,0,27.01249
38.35999,26.52211,0,27.01245
38.37999,26.52204,0,27.01242
38.39999,26.52197,0,27.01239
38.41999,26.52189,0,27.01236
38.43999,26.52182,0,27.01233
38.45999,26.52175,0,27.01229
38.47999,26.52168,0,27.01226
38.49998,26.5216,0,27.01223
38.51999,26.52153,0,27.0122
38.53999,26.52146,0,27.01217
38.55999,26.52139,0,27.01214
38.57999,26.52132,0,27.01211
38.59999,26.52125,0,27.01208
38.61999,26.52118,0,27.01205
38.63999,26.52111,0,27.01202
38.65998,26.52104,0,27.01199
38.67999,26.52097,0,27.01196
38.69999,26.5209,0,27.01192
38.71999,26.52083,0,27.01189
38.73999,26.52076,0,27.01186
38.75999,26.52069,0,27.01183
38.77999,26.52063,0,27.0118
38.79999,26.52056,0,27.01177
38.81998,26.52049,0,27.01174
38.83998,26.52042,0,27.01171
38.85999,26.52035,0,27.01168
38.87999,26.52028,0,27.01165
38.89999,26.52022,0,27.01163
38.91999,26.52015,0,27.01159
38.93999,26.52008,0,27.01157
38.95999,26.52002,0,27.01154
38.97998,26.51995,0,27.01151
38.99998,26.51988,0,27.01148
39.01999,26.51982,0,27.01145
39.03999,26.51975,0,27.01142
39.05999,26.51968,0,27.01139
39.07999,26.51962,0,27.01136
39.09999,26.51955,0,27.01133
39.11999,26.51949,0,27.0113
39.13999,26.51942,0,27.01128
39.15998,26.51936,0,27.01125
39.17999,26.51929,0,27.01122
39.19999,26.51923,0,27.01119
39.21999,26.51916,0,27.01116
39.23999,26.5191,0,27.01114
39.25999,26.51903,0,27.01111
39.27999,26.51897,0,27.01108
39.29999,26.5189,0,27.01105
39.31998,26.51884,0,27.01102
39.33998,26.51878,0,27.01099
39.35999,26.51871,0,27.01097
39.37999,26.51865,0,27.01094
39.39999,26.51859,0,27.01091
39.41999,26.51853,0,27.01088
39.43999,26.51846,0,27.01086
39.45999,26.5184,0,27.01083
39.47998,26.51834,0,27.0108
39.49998,26.51827,0,27.01077
39.51999,26.51821,0,27.01075
39.53999,26.51815,0,27.01072
39.55999,26.51809,0,27.01069
39.57999,26.51803,0,27.01067
39.59999,26.51797,0,27.01064
39.61999,26.51791,0,27.01061
39.63998,26.51785,0,27.01059
39.65998,26.51779,0,27.01056
39.67999,26.51772,0,27.01053
39.69999,26.51766,0,27.01051
39.71999,26.5176,0,27.01048
39.73999,26.51754,0,27.01045
39.75999,26.51748,0,27.01043
39.77999,26.51743,0,27.0104
39.79999,26.51737,0,27.01038
39.81998,26.51731,0,27.01035
39.83998,26.51725,0,27.01032
39.85999,26.51719,0,27.0103
39.87999,26.51713,0,27.01027
39.89999,26.51707,0,27.01025
39.91999,26.51701,0,27.01022
39.93999,26.51695,0,27.01019
39.95999,26.51689,0,27.01017
39.97998,26.51684,0,27.01014
39.99998,26.51678,0,27.01012
40.01999,26.51672,0,27.01009
40.03999,26.51666,0,27.01007
40.05999,26.51661,0,27.01004
40.07999,26.51655,0,27.01002
40.09999,26.51649,0,27.00999
40.11999,26.51644,0,27.00997
40.13998,26.51638,0,27.00994
40.15998,26.51632,0,27.00992
40.17999,26.51626,0,27.00989
40.19999,26.51621,0,27.00987
40.21999,26.51615,0,27.00984
40.23999,26.5161,0,27.00982
40.25999,26.51604,0,27.00979
40.27999,26.51599,0,27.00977
40.29998,26.51593,0,27.00975
40.31998,26.51587,0,27.00972
40.33998,26.51582,0,27.0097
40.35999,26.51576,0,27.00967
40.37999,26.51571,0,27.00965
40.39999,26.51565,0,27.00962
40.41999,26.5156,0,27.0096
40.43999,26.51554,0,27.00958
40.45998,26.51549,0,27.00955
40.47998,26.51544,0,27.00953
40.49998,26.51538,0,27.00951
40.51999,26.51533,0,27.00948
40.53999,26.51528,0,27.00946
40.55999,26.51522,0,27.00944
40.57999,26.51517,0,27.00941
40.59999,26.51512,0,27.00939
40.61999,26.51506,0,27.00937
40.63998,26.51501,0,27.00934
40.65998,26.51496,0,27.00932
40.67999,26.5149,0,27.0093
40.69999,26.51485,0,27.00927
40.71999,26.5148,0,27.00925
40.73999,26.51475,0,27.00923
40.75999,26.51469,0,27.0092
40.77999,26.51464,0,27.00918
40.79998,26.51459,0,27.00916
40.81998,26.51454,0,27.00914
40.83998,26.51449,0,27.00911
40.85999,26.51444,0,27.00909
40.87999,26.51439,0,27.00907
40.89999,26.51433,0,27.00905
40.91999,26.51428,0,27.00902
40.93999,26.51423,0,27.009
40.95998,26.51418,0,27.00898
40.97998,26.51413,0,27.00896
40.99998,26.51408,0,27.00894
41.01999,26.51403,0,27.00891
41.03999,26.51398,0,27.00889
41.05999,26.51393,0,27.00887
41.07999,26.51388,0,27.00885
41.09999,26.51383,0,27.00883
41.11998,26.51378,0,27.0088
41.13998,26.51373,0,27.00878
41.15998,26.51368,0,27.00876
41.17999,26.51363,0,27.00874
41.19999,26.51358,0,27.00872
41.21999,26.51353,0,27.0087
41.23999,26.51348,0,27.00867
41.25999,26.51344,0,27.00865
41.27998,26.51339,0,27.00863
41.29998,26.51334,0,27.00861
41.31998,26.51329,0,27.00859
41.33998,26.51325,0,27.00857
41.35999,26.5132,0,27.00855
41.37999,26.51315,0,27.00853
41.39999,26.5131,0,27.00851
41.41999,26.51306,0,27.00849
41.43999,26.51301,0,27.00846
41.45998,26.51296,0,27.00844
41.47998,26.51291,0,27.00842
41.49998,26.51287,0,27.0084
41.51999,26.51282,0,27.00838
41.53999,26.51277,0,27.00836
41.55999,26.51273,0,27.00834
41.57999,26.51268,0,27.00832
41.59999,26.51263,0,27.0083
41.61998,26.51259,0,27.00828
41.63998,26.51254,0,27.00826
41.65998,26.5125,0,27.00824
41.67999,26.51245,0,27.00822
41.69999,26.51241,0,27.0082
41.71999,26.51236,0,27.00818
41.73999,26.51231,0,27.00816
41.75999,26.51227,0,27.00814
41.77998,26.51222,0,27.00812
41.79998,26.51218,0,27.0081
41.81998,26.51213,0,27.00808
41.83998,26.51209,0,27.00806
41.85999,26.51204,0,27.00804
41.87999,26.512,0,27.00802
41.89999,26.51196,0,27.008
41.91999,26.51191,0,27.00798
41.93998,26.51187,0,27.00797
41.95998,26.51182,0,27.00795
41.97998,26.51178,0,27.00793
41.99998,26.51174,0,27.00791
42.01999,26.51169,0,27.00789
42.03999,26.51165,0,27.00787
42.05999,26.5116,0,27.00785
42.07999,26.51156,0,27.00783
42.09998,26.51152,0,27.00781
42.11998,26.51147,0,27.00779
42.13998,26.51143,0,27.00777
42.15998,26.51139,0,27.00776
42.17999,26.51134,0,27.00774
42.19999,26.5113,0,27.00772
42.21999,26.51126,0,27.0077
42.23999,26.51122,0,27.00768
42.25999,26.51118,0,27.00766
42.27998,26.51114,0,27.00764
42.29998,26.51109,0,27.00763
42.31998,26.51105,0,27.00761
42.33998,26.51101,0,27.00759
42.35999,26.51097,0,27.00757
42.37999,26.51093,0,27.00755
42.39999,26.51088,0,27.00753
42.41999,26.51084,0,27.00752
42.43998,26.5108,0,27.0075
42.45998,26.51076,0,27.00748
42.47998,26.51072,0,27.00746
42.49998,26.51068,0,27.00744
42.51999,26.51064,0,27.00743
42.53999,26.5106,0,27.00741
42.55999,26.51056,0,27.00739
42.57999,26.51052,0,27.00737
42.59998,26.51048,0,27.00735
42.61998,26.51044,0,27.00734
42.63998,26.5104,0,27.00732
42.65998,26.51036,0,27.0073
42.67999,26.51032,0,27.00729
42.69999,26.51028,0,27.00727
42.71999,26.51024,0,27.00725
42.73999,26.5102,0,27.00723
42.75998,26.51016,0,27.00722
42.77998,26.51012,0,27.0072
42.79998,26.51008,0,27.00718
42.81998,26.51004,0,27.00716
42.83998,26.51,0,27.00715
42.85999,26.50996,0,27.00713
42.87999,26.50992,0,27.00711
42.89999,26.50989,0,27.0071
42.91998,26.50985,0,27.00708
42.93998,26.50981,0,27.00706
42.95998,26.50977,0,27.00705
42.97998,26.50973,0,27.00703
42.99998,26.5097,0,27.00701
43.01999,26.50966,0,27.007
43.03999,26.50962,0,27.00698
43.05999,26.50958,0,27.00696
43.07999,26.50954,0,27.00695
43.09998,26.5095,0,27.00693
43.11998,26.50947,0,27.00691
43.13998,26.50943,0,27.0069
43.15998,26.50939,0,27.00688
43.17999,26.50935,0,27.00686
43.19999,26.50932,0,27.00685
43.21999,26.50928,0,27.00683
43.23999,26.50924,0,27.00682
43.25998,26.50921,0,27.0068
43.27998,26.50917,0,27.00678
43.29998,26.50914,0,27.00677
43.31998,26.5091,0,27.00675
43.33998,26.50906,0,27.00674
43.35999,26.50903,0,27.00672
43.37999,26.50899,0,27.0067
43.39999,26.50896,0,27.00669
43.41998,26.50892,0,27.00667
43.43998,26.50888,0,27.00666
43.45998,26.50885,0,27.00664
43.47998,26.50881,0,27.00663
43.49998,26.50877,0,27.00661
43.51999,26.50874,0,27.0066
43.53999,26.5087,0,27.00658
43.55999,26.50867,0,27.00656
43.57998,26.50863,0,27.00655
43.59998,26.5086,0,27.00653
43.61998,26.50856,0,27.00652
43.63998,26.50853,0,27.0065
43.65998,26.5085,0,27.00649
43.67999,26.50846,0,27.00647
43.69999,26.50843,0,27.00646
43.71999,26.50839,0,27.00644
43.73998,26.50836,0,27.00643
43.75998,26.50832,0,27.00641
43.77998,26.50829,0,27.0064
43.79998,26.50826,0,27.00638
43.81998,26.50822,0,27.00637
43.83998,26.50819,0,27.00635
43.85999,26.50815,0,27.00634
43.87999,26.50812,0,27.00632
43.89999,26.50808,0,27.00631
43.91998,26.50805,0,27.00629
43.93998,26.50801,0,27.00628
43.95998,26.50798,0,27.00626
43.97998,26.50795,0,27.00625
43.99998,26.50792,0,27.00624
44.01999,26.50788,0,27.00622
44.03999,26.50785,0,27.00621
44.05999,26.50782,0,27.00619
44.07998,26.50779,0,27.00618
44.09998,26.50776,0,27.00616
44.11998,26.50772,0,27.00615
44.13998,26.50769,0,27.00613
44.15998,26.50766,0,27.00612
44.17999,26.50763,0,27.00611
44.19999,26.50759,0,27.00609
44.21999,26.50756,0,27.00608
44.23998,26.50753,0,27.00606
44.25998,26.5075,0,27.00605
44.27998,26.50746,0,27.00604
44.29998,26.50743,0,27.00602
44.31998,26.5074,0,27.00601
44.33998,26.50737,0,27.00599
44.35999,26.50733,0,27.00598
44.37999,26.5073,0,27.00597
44.39998,26.50727,0,27.00595
44.41998,26.50724,0,27.00594
44.43998,26.50721,0,27.00593
44.45998,26.50718,0,27.00591
44.47998,26.50715,0,27.0059
44.49998,26.50712,0,27.00589
44.51999,26.50709,0,27.00587
44.53999,26.50706,0,27.00586
44.55999,26.50703,0,27.00584
44.57998,26.507,0,27.00583
44.59998,26.50697,0,27.00582
44.61998,26.50694,0,27.0058
44.63998,26.50691,0,27.00579
44.65998,26.50688,0,27.00578
44.67999,26.50685,0,27.00577
44.69999,26.50681,0,27.00575
44.71999,26.50678,0,27.00574
44.73998,26.50675,0,27.00573
44.75998,26.50672,0,27.00571
44.77998,26.50669,0,27.0057
44.79998,26.50666,0,27.00569
44.81998,26.50663,0,27.00567
44.83998,26.50661,0,27.00566
44.85999,26.50658,0,27.00565
44.87999,26.50655,0,27.00563
44.89998,26.50652,0,27.00562
44.91998,26.50649,0,27.00561
44.93998,26.50646,0,27.0056
44.95998,26.50643,0,27.00558
44.97998,26.5064,0,27.00557
44.99998,26.50638,0,27.00556
45.01999,26.50635,0,27.00555
45.03999,26.50632,0,27.00553
45.05998,26.50629,0,27.00552
45.07998,26.50626,0,27.00551
45.09998,26.50623,0,27.0055
45.11998,26.5062,0,27.00548
45.13998,26.50618,0,27.00547
45.15998,26.50615,0,27.00546
45.17999,26.50612,0,27.00545
45.19999,26.50609,0,27.00543
45.21998,26.50606,0,27.00542
45.23998,26.50603,0,27.00541
45.25998,26.506,0,27.0054
45.27998,26.50598,0,27.00538
45.29998,26.50595,0,27.00537
45.31998,26.50592,0,27.00536
45.33998,26.5059,0,27.00535
45.35999,26.50587,0,27.00534
45.37999,26.50584,0,27.00533
45.39998,26.50582,0,27.00531
45.41998,26.50579,0,27.0053
45.43998,26.50576,0,27.00529
45.45998,26.50574,0,27.00528
45.47998,26.50571,0,27.00527
45.49998,26.50568,0,27.00525
45.51999,26.50566,0,27.00524
45.53999,26.50563,0,27.00523
45.55998,26.5056,0,27.00522
45.57998,26.50558,0,27.00521
45.59998,26.50555,0,27.0052
45.61998,26.50552,0,27.00518
45.63998,26.5055,0,27.00517
45.65998,26.50547,0,27.00516
45.67999,26.50544,0,27.00515
45.69999,26.50541,0,27.00514
45.71998,26.50539,0,27.00513
45.73998,26.50536,0,27.00512
45.75998,26.50533,0,27.0051
45.77998,26.50531,0,27.00509
45.79998,26.50528,0,27.00508
45.81998,26.50526,0,27.00507
45.83998,26.50523,0,27.00506
45.85999,26.50521,0,27.00505
45.87998,26.50518,0,27.00504
45.89998,26.50516,0,27.00503
45.91998,26.50513,0,27.00501
45.93998,26.50511,0,27.005
45.95998,26.50508,0,27.00499
45.97998,26.50506,0,27.00498
45.99998,26.50503,0,27.00497
46.01999,26.50501,0,27.00496
46.03998,26.50498,0,27.00495
46.05998,26.50496,0,27.00494
46.07998,26.50493,0,27.00493
46.09998,26.50491,0,27.00492
46.11998,26.50488,0,27.00491
46.13998,26.50486,0,27.00489
46.15998,26.50484,0,27.00488
46.17999,26.50481,0,27.00487
46.19999,26.50479,0,27.00486
46.21998,26.50476,0,27.00485
46.23998,26.50474,0,27.00484
46.25998,26.50471,0,27.00483
46.27998,26.50469,0,27.00482
46.29998,26.50466,0,27.00481
46.31998,26.50464,0,27.0048
46.33998,26.50461,0,27.00479
46.35999,26.50459,0,27.00478
46.37998,26.50456,0,27.00477
46.39998,26.50454,0,27.00476
46.41998,26.50452,0,27.00475
46.43998,26.5045,0,27.00474
46.45998,26.50447,0,27.00473
46.47998,26.50445,0,27.00471
46.49998,26.50443,0,27.00471
46.51999,26.5044,0,27.0047
46.53998,26.50438,0,27.00468
46.55998,26.50436,0,27.00467
46.57998,26.50434,0,27.00467
46.59998,26.50431,0,27.00466
46.61998,26.50429,0,27.00464
46.63998,26.50427,0,27.00463
46.65998,26.50424,0,27.00463
46.67999,26.50422,0,27.00461
46.69998,26.5042,0,27.0046
46.71998,26.50418,0,27.00459
46.73998,26.50415,0,27.00459
46.75998,26.50413,0,27.00458
46.77998,26.50411,0,27.00456
46.79998,26.50408,0,27.00455
46.81998,26.50406,0,27.00455
46.83998,26.50404,0,27.00454
46.85998,26.50401,0,27.00453
46.87998,26.50399,0,27.00452
46.89998,26.50397,0,27.00451
46.91998,26.50395,0,27.0045
46.93998,26.50392,0,27.00449
46.95998,26.5039,0,27.00448
46.97998,26.50388,0,27.00447
46.99998,26.50386,0,27.00446
47.01999,26.50384,0,27.00445
47.03998,26.50382,0,27.00444
47.05998,26.5038,0,27.00443
47.07998,26.50378,0,27.00442
47.09998,26.50376,0,27.00441
47.11998,26.50373,0,27.0044
47.13998,26.50371,0,27.00439
47.15998,26.50369,0,27.00438
47.17999,26.50367,0,27.00437
47.19998,26.50365,0,27.00436
47.21998,26.50363,0,27.00436
47.23998,26.50361,0,27.00435
47.25998,26.50359,0,27.00434
47.27998,26.50357,0,27.00433
47.29998,26.50355,0,27.00432
47.31998,26.50352,0,27.00431
47.33998,26.5035,0,27.0043
47.35998,26.50348,0,27.00429
47.37998,26.50346,0,27.00428
47.39998,26.50344,0,27.00427
47.41998,26.50342,0,27.00426
47.43998,26.5034,0,27.00426
47.45998,26.50338,0,27.00425
47.47998,26.50336,0,27.00424
47.49998,26.50334,0,27.00423
47.51998,26.50331,0,27.00422
47.53998,26.50329,0,27.00421
47.55998,26.50327,0,27.0042
47.57998,26.50325,0,27.00419
47.59998,26.50323,0,27.00418
47.61998,26.50321,0,27.00418
47.63998,26.50319,0,27.00417
47.65998,26.50317,0,27.00416
47.67998,26.50315,0,27.00415
47.69998,26.50314,0,27.00414
47.71998,26.50312,0,27.00413
47.73998,26.5031,0,27.00412
47.75998,26.50308,0,27.00412
47.77998,26.50306,0,27.00411
47.79998,26.50304,0,27.0041
47.81998,26.50302,0,27.00409
47.83998,26.503,0,27.00408
47.85998,26.50298,0,27.00407
47.87998,26.50296,0,27.00406
47.89998,26.50294,0,27.00406
47.91998,26.50293,0,27.00405
47.93998,26.50291,0,27.00404
47.95998,26.50289,0,27.00403
47.97998,26.50287,0,27.00402
47.99998,26.50285,0,27.00401
48.01998,26.50283,0,27.00401
48.03998,26.50281,0,27.004
48.05998,26.50279,0,27.00399
48.07998,26.50277,0,27.00398
48.09998,26.50275,0,27.00397
48.11998,26.50274,0,27.00397
48.13998,26.50272,0,27.00396
48.15998,26.5027,0,27.00395
48.17998,26.50268,0,27.00394
48.19998,26.50266,0,27.00393
48.21998,26.50264,0,27.00392
48.23998,26.50262,0,27.00392
48.25998,26.5026,0,27.00391
48.27998,26.50258,0,27.0039
48.29998,26.50256,0,27.00389
48.31998,26.50254,0,27.00388
48.33998,26.50253,0,27.00388
48.35998,26.50251,0,27.00387
48.37998,26.50249,0,27.00386
48.39998,26.50248,0,27.00385
48.41998,26.50246,0,27.00385
48.43998,26.50244,0,27.00384
48.45998,26.50242,0,27.00383
48.47998,26.50241,0,27.00382
48.49998,26.50239,0,27.00381
48.51998,26.50237,0,27.00381
48.53998,26.50236,0,27.0038
48.55998,26.50234,0,27.00379
48.57998,26.50232,0,27.00378
48.59998,26.5023,0,27.00377
48.61998,26.50229,0,27.00377
48.63998,26.50227,0,27.00376
48.65998,26.50225,0,27.00375
48.67998,26.50224,0,27.00374
48.69998,26.50222,0,27.00374
48.71998,26.5022,0,27.00373
48.73998,26.50218,0,27.00372
48.75998,26.50217,0,27.00372
48.77998,26.50215,0,27.00371
48.79998,26.50213,0,27.0037
48.81998,26.50212,0,27.00369
48.83998,26.5021,0,27.00368
48.85998,26.50208,0,27.00368
48.87998,26.50206,0,27.00367
48.89998,26.50205,0,27.00366
48.91998,26.50203,0,27.00366
48.93998,26.50201,0,27.00365
48.95998,26.502,0,27.00364
48.97998,26.50198,0,27.00363
48.99998,26.50196,0,27.00363
49.01998,26.50194,0,27.00362
49.03998,26.50193,0,27.00361
49.05998,26.50191,0,27.0036
49.07998,26.50189,0,27.0036
49.09998,26.50187,0,27.00359
49.11998,26.50186,0,27.00358
49.13998,26.50184,0,27.00358
49.15998,26.50183,0,27.00357
49.17998,26.50181,0,27.00356
49.19998,26.5018,0,27.00356
49.21998,26.50178,0,27.00355
49.23998,26.50177,0,27.00354
49.25998,26.50175,0,27.00353
49.27998,26.50174,0,27.00353
49.29998,26.50172,0,27.00352
49.31998,26.50171,0,27.00351
49.33998,26.50169,0,27.00351
49.35998,26.50167,0,27.0035
49.37998,26.50166,0,27.00349
49.39998,26.50164,0,27.00349
49.41998,26.50163,0,27.00348
49.43998,26.50161,0,27.00347
49.45998,26.5016,0,27.00347
49.47998,26.50158,0,27.00346
49.49998,26.50157,0,27.00345
49.51998,26.50155,0,27.00345
49.53998,26.50154,0,27.00344
49.55998,26.50152,0,27.00343
49.57998,26.50151,0,27.00343
49.59998,26.50149,0,27.00342
49.61998,26.50148,0,27.00341
49.63998,26.50146,0,27.00341
49.65998,26.50145,0,27.0034
49.67998,26.50143,0,27.00339
49.69998,26.50142,0,27.00339
49.71998,26.5014,0,27.00338
49.73998,26.50138,0,27.00337
49.75998,26.50137,0,27.00337
49.77998,26.50135,0,27.00336
49.79998,26.50134,0,27.00335
49.81998,26.50132,0,27.00335
49.83998,26.50131,0,27.00334
49.85998,26.50129,0,27.00333
49.87998,26.50128,0,27.00333
49.89998,26.50126,0,27.00332
49.91998,26.50125,0,27.00331
49.93998,26.50123,0,27.00331
49.95998,26.50122,0,27.0033
49.97998,26.5012,0,27.0033
49.99998,26.50119,0,27.00329
50.01998,26.50117,0,27.00328
50.03998,26.50116,0,27.00328
50.05998,26.50115,0,27.00327
50.07998,26.50113,0,27.00327
50.09998,26.50112,0,27.00326
50.11998,26.50111,0,27.00325
50.13998,26.50109,0,27.00325
50.15998,26.50108,0,27.00324
50.17998,26.50107,0,27.00323
50.19998,26.50105,0,27.00323
50.21998,26.50104,0,27.00322
50.23998,26.50103,0,27.00322
50.25998,26.50101,0,27.00321
50.27998,26.501,0,27.0032
50.29998,26.50099,0,27.0032
50.31998,26.50097,0,27.00319
50.33998,26.50096,0,27.00319
50.35998,26.50095,0,27.00318
50.37998,26.50093,0,27.00317
50.39998,26.50092,0,27.00317
50.41998,26.50091,0,27.00316
50.43998,26.50089,0,27.00316
50.45998,26.50088,0,27.00315
50.47998,26.50087,0,27.00315
50.49998,26.50085,0,27.00314
50.51998,26.50084,0,27.00313
50.53998,26.50083,0,27.00313
50.55998,26.50081,0,27.00312
50.57998,26.5008,0,27.00312
50.59998,26.50079,0,27.00311
50.61998,26.50077,0,27.00311
50.63998,26.50076,0,27.0031
50.65998,26.50075,0,27.00309
50.67998,26.50073,0,27.00309
50.69998,26.50072,0,27.00308
50.71998,26.50071,0,27.00308
50.73998,26.50069,0,27.00307
50.75998,26.50068,0,27.00307
50.77998,26.50067,0,27.00306
50.79998,26.50065,0,27.00305
50.81998,26.50064,0,27.00305
50.83998,26.50063,0,27.00304
50.85998,26.50061,0,27.00304
50.87998,26.5006,0,27.00303
50.89998,26.50059,0,27.00303
50.91998,26.50057,0,27.00302
50.93998,26.50056,0,27.00301
50.95998,26.50055,0,27.00301
50.97998,26.50053,0,27.003
50.99998,26.50052,0,27.003
51.01998,26.50051,0,27.00299
51.03998,26.50049,0,27.00299
51.05998,26.50048,0,27.00298
51.07998,26.50047,0,27.00298
51.09998,26.50046,0,27.00297
51.11998,26.50045,0,27.00296
51.13998,26.50043,0,27.00296
51.15998,26.50042,0,27.00295
51.17998,26.50041,0,27.00295
51.19998,26.5004,0,27.00294
51.21998,26.50039,0,27.00294
51.23998,26.50038,0,27.00293
51.25998,26.50037,0,27.00293
51.27998,26.50035,0,27.00292
51.29998,26.50034,0,27.00292
51.31998,26.50033,0,27.00291
51.33998,26.50032,0,27.00291
51.35998,26.50031,0,27.0029
51.37998,26.5003,0,27.0029
51.39998,26.50029,0,27.00289
51.41998,26.50027,0,27.00289
51.43998,26.50026,0,27.00288
51.45998,26.50025,0,27.00288
51.47998,26.50024,0,27.00287
51.49998,26.50023,0,27.00287
51.51998,26.50022,0,27.00286
51.53998,26.50021,0,27.00286
51.55998,26.50019,0,27.00285
51.57998,26.50018,0,27.00285
51.59998,26.50017,0,27.00284
51.61998,26.50016,0,27.00284
51.63998,26.50015,0,27.00283
51.65998,26.50014,0,27.00283
51.67998,26.50013,0,27.00282
51.69998,26.50011,0,27.00282
51.71998,26.5001,0,27.00281
51.73998,26.50009,0,27.00281
51.75998,26.50008,0,27.0028
51.77998,26.50007,0,27.0028
51.79998,26.50006,0,27.00279
51.81998,26.50005,0,27.00279
51.83998,26.50003,0,27.00278
51.85998,26.50002,0,27.00278
51.87998,26.50001,0,27.00277
51.89998,26.5,0,27.00277
51.91998,26.49999,0,27.00276
51.93998,26.49998,0,27.00276
51.95998,26.49997,0,27.00275
51.97998,26.49995,0,27.00275
51.99998,26.49994,0,27.00274
52.01998,26.49993,0,27.00274
52.03998,26.49992,0,27.00273
52.05998,26.49991,0,27.00273
52.07998,26.4999,0,27.00272
52.09998,26.49989,0,27.00272
52.11998,26.49987,0,27.00271
52.13998,26.49986,0,27.00271
52.15998,26.49985,0,27.0027
52.17998,26.49984,0,27.0027
52.19998,26.49983,0,27.0027
52.21998,26.49982,0,27.00269
52.23998,26.49981,0,27.00269
52.25998,26.4998,0,27.00268
52.27998,26.49979,0,27.00268
52.29998,26.49978,0,27.00267
52.31998,26.49977,0,27.00267
52.33998,26.49976,0,27.00266
52.35998,26.49975,0,27.00266
52.37998,26.49974,0,27.00266
52.39998,26.49973,0,27.00265
52.41998,26.49972,0,27.00265
52.43998,26.49971,0,27.00264
52.45998,26.4997,0,27.00264
52.47998,26.49969,0,27.00263
52.49998,26.49968,0,27.00263
52.51998,26.49967,0,27.00262
52.53998,26.49966,0,27.00262
52.55998,26.49965,0,27.00261
52.57998,26.49964,0,27.00261
52.59998,26.49963,0,27.00261
52.61998,26.49962,0,27.0026
52.63998,26.49961,0,27.0026
52.65998,26.49961,0,27.00259
52.67998,26.4996,0,27.00259
52.69998,26.49959,0,27.00259
52.71998,26.49958,0,27.00258
52.73998,26.49957,0,27.00258
52.75998,26.49956,0,27.00257
52.77998,26.49955,0,27.00257
52.79998,26.49954,0,27.00256
52.81998,26.49953,0,27.00256
52.83998,26.49952,0,27.00256
52.85998,26.49951,0,27.00255
52.87998,26.4995,0,27.00255
52.89998,26.49949,0,27.00254
52.91998,26.49948,0,27.00254
52.93998,26.49947,0,27.00253
52.95998,26.49946,0,27.00253
52.97998,26.49945,0,27.00253
52.99998,26.49944,0,27.00252
53.01998,26.49943,0,27.00252
53.03998,26.49942,0,27.00251
53.05998,26.49941,0,27.00251
53.07998,26.4994,0,27.00251
53.09998,26.4994,0,27.0025
53.11998,26.49939,0,27.0025
53.13998,26.49938,0,27.00249
53.15998,26.49937,0,27.00249
53.17998,26.49936,0,27.00249
53.19998,26.49935,0,27.00248
53.21998,26.49934,0,27.00248
53.23998,26.49933,0,27.00247
53.25998,26.49932,0,27.00247
53.27998,26.49931,0,27.00247
53.29998,26.4993,0,27.00246
53.31998,26.49929,0,27.00246
53.33998,26.49928,0,27.00245
53.35998,26.49927,0,27.00245
53.37998,26.49926,0,27.00245
53.39998,26.49925,0,27.00244
53.41998,26.49924,0,27.00244
53.43998,26.49923,0,27.00243
53.45998,26.49922,0,27.00243
53.47998,26.49921,0,27.00243
53.49998,26.4992,0,27.00242
53.51998,26.4992,0,27.00242
53.53998,26.49919,0,27.00241
53.55998,26.49918,0,27.00241
53.57998,26.49917,0,27.00241
53.59998,26.49916,0,27.0024
53.61998,26.49915,0,27.0024
53.63998,26.49914,0,27.0024
53.65998,26.49913,0,27.00239
53.67998,26.49912,0,27.00239
53.69998,26.49911,0,27.00238
53.71998,26.49911,0,27.00238
53.73998,26.4991,0,27.00238
53.75998,26.49909,0,27.00237
53.77998,26.49908,0,27.00237
53.79998,26.49907,0,27.00237
53.81998,26.49907,0,27.00236
53.83998,26.49906,0,27.00236
53.85998,26.49905,0,27.00235
53.87998,26.49904,0,27.00235
53.89998,26.49904,0,27.00235
53.91998,26.49903,0,27.00234
53.93998,26.49902,0,27.00234
53.95998,26.49901,0,27.00234
53.97998,26.49901,0,27.00233
53.99998,26.499,0,27.00233
54.01998,26.49899,0,27.00233
54.03998,26.49898,0,27.00232
54.05998,26.49898,0,27.00232
54.07998,26.49897,0,27.00232
54.09998,26.49896,0,27.00231
54.11998,26.49895,0,27.00231
54.13998,26.49895,0,27.0023
54.15998,26.49894,0,27.0023
54.17998,26.49893,0,27.0023
54.19998,26.49892,0,27.00229
54.21998,26.49891,0,27.00229
54.23998,26.49891,0,27.00229
54.25998,26.4989,0,27.00229
54.27998,26.49889,0,27.00228
54.29998,26.49888,0,27.00228
54.31998,26.49888,0,27.00227
54.33998,26.49887,0,27.00227
54.35998,26.49886,0,27.00227
54.37998,26.49885,0,27.00226
54.39998,26.49885,0,27.00226
54.41998,26.49884,0,27.00226
54.43998,26.49883,0,27.00225
54.45998,26.49882,0,27.00225
54.47998,26.49882,0,27.00225
54.49998,26.49881,0,27.00224
54.51998,26.4988,0,27.00224
54.53998,26.49879,0,27.00224
54.55998,26.49879,0,27.00223
54.57998,26.49878,0,27.00223
54.59998,26.49877,0,27.00223
54.61998,26.49876,0,27.00222
54.63998,26.49875,0,27.00222
54.65998,26.49875,0,27.00222
54.67998,26.49874,0,27.00221
54.69998,26.49873,0,27.00221
54.71998,26.49872,0,27.00221
54.73998,26.49872,0,27.0022
54.75998,26.49871,0,27.0022
54.77998,26.4987,0,27.0022
54.79998,26.49869,0,27.00219
54.81998,26.49869,0,27.00219
54.83998,26.49868,0,27.00219
54.85998,26.49867,0,27.00218
54.87998,26.49866,0,27.00218
54.89998,26.49866,0,27.00218
54.91998,26.49865,0,27.00217
54.93998,26.49864,0,27.00217
54.95998,26.49863,0,27.00217
54.97998,26.49862,0,27.00216
54.99998,26.49862,0,27.00216
55.01998,26.49861,0,27.00216
55.03998,26.4986,0,27.00216
55.05998,26.49859,0,27.00215
55.07998,26.49859,0,27.00215
55.09998,26.49858,0,27.00215
55.11998,26.49857,0,27.00214
55.13998,26.49856,0,27.00214
55.15998,26.49856,0,27.00214
55.17998,26.49855,0,27.00213
55.19998,26.49854,0,27.00213
55.21998,26.49853,0,27.00213
55.23998,26.49853,0,27.00212
55.25998,26.49852,0,27.00212
55.27998,26.49851,0,27.00212
55.29998,26.4985,0,27.00212
55.31998,26.4985,0,27.00211
55.33998,26.49849,0,27.00211
55.35998,26.49848,0,27.00211
55.37998,26.49847,0,27.0021
55.39998,26.49846,0,27.0021
55.41998,26.49846,0,27.0021
55.43998,26.49845,0,27.00209
55.45998,26.49844,0,27.00209
55.47998,26.49844,0,27.00209
55.49998,26.49843,0,27.00209
55.51998,26.49842,0,27.00208
55.53998,26.49842,0,27.00208
55.55998,26.49841,0,27.00208
55.57998,26.49841,0,27.00208
55.59998,26.4984,0,27.00207
55.61998,26.4984,0,27.00207
55.63998,26.49839,0,27.00207
55.65998,26.49838,0,27.00206
55.67998,26.49838,0,27.00206
55.69998,26.49837,0,27.00206
55.71998,26.49837,0,27.00205
55.73998,26.49836,0,27.00205
55.75998,26.49836,0,27.00205
55.77998,26.49835,0,27.00205
55.79998,26.49834,0,27.00204
55.81998,26.49834,0,27.00204
55.83998,26.49833,0,27.00204
55.85998,26.49833,0,27.00204
55.87998,26.49832,0,27.00203
55.89998,26.49832,0,27.00203
55.91998,26.49831,0,27.00203
55.93998,26.4983,0,27.00203
55.95998,26.4983,0,27.00202
55.97998,26.49829,0,27.00202
55.99998,26.49829,0,27.00202
56.01998,26.49828,0,27.00201
56.03998,26.49828,0,27.00201
56.05998,26.49827,0,27.00201
56.07998,26.49826,0,27.00201
56.09998,26.49826,0,27.002
56.11998,26.49825,0,27.002
56.13998,26.49825,0,27.002
56.15998,26.49824,0,27.002
56.17998,26.49824,0,27.00199
56.19998,26.49823,0,27.00199
56.21998,26.49822,0,27.00199
56.23998,26.49822,0,27.00199
56.25998,26.49821,0,27.00198
56.27998,26.49821,0,27.00198
56.29998,26.4982,0,27.00198
56.31998,26.4982,0,27.00197
56.33998,26.49819,0,27.00197
56.35998,26.49818,0,27.00197
56.37998,26.49818,0,27.00197
56.39998,26.49817,0,27.00196
56.41998,26.49817,0,27.00196
56.43998,26.49816,0,27.00196
56.45998,26.49816,0,27.00196
56.47998,26.49815,0,27.00196
56.49998,26.49814,0,27.00195
56.51998,26.49814,0,27.00195
56.53998,26.49813,0,27.00195
56.55998,26.49813,0,27.00194
56.57998,26.49812,0,27.00194
56.59998,26.49812,0,27.00194
56.61998,26.49811,0,27.00194
56.63998,26.4981,0,27.00193
56.65998,26.4981,0,27.00193
56.67998,26.49809,0,27.00193
56.69998,26.49809,0,27.00193
56.71998,26.49808,0,27.00192
56.73998,26.49808,0,27.00192
56.75998,26.49807,0,27.00192
56.77998,26.49806,0,27.00192
56.79998,26.49806,0,27.00191
56.81998,26.49805,0,27.00191
56.83998,26.49805,0,27.00191
56.85998,26.49804,0,27.00191
56.87998,26.49804,0,27.00191
56.89998,26.49803,0,27.0019
56.91998,26.49802,0,27.0019
56.93998,26.49802,0,27.0019
56.95998,26.49801,0,27.0019
56.97998,26.49801,0,27.00189
56.99998,26.498,0,27.00189
57.01998,26.498,0,27.00189
57.03998,26.49799,0,27.00188
57.05998,26.49798,0,27.00188
57.07998,26.49798,0,27.00188
57.09998,26.49797,0,27.00188
57.11998,26.49797,0,27.00187
57.13998,26.49796,0,27.00187
57.15998,26.49796,0,27.00187
57.17998,26.49795,0,27.00187
57.19998,26.49794,0,27.00187
57.21998,26.49794,0,27.00186
57.23998,26.49793,0,27.00186
57.25998,26.49793,0,27.00186
57.27998,26.49792,0,27.00186
57.29998,26.49792,0,27.00186
57.31998,26.49791,0,27.00185
57.33998,26.4979,0,27.00185
57.35998,26.4979,0,27.00185
57.37998,26.49789,0,27.00185
57.39998,26.49789,0,27.00184
57.41998,26.49788,0,27.00184
57.43998,26.49788,0,27.00184
57.45998,26.49787,0,27.00184
57.47998,26.49786,0,27.00183
57.49998,26.49786,0,27.00183
57.51998,26.49785,0,27.00183
57.53998,26.49785,0,27.00183
57.55998,26.49784,0,27.00183
57.57998,26.49784,0,27.00182
57.59998,26.49783,0,27.00182
57.61998,26.49782,0,27.00182
57.63998,26.49782,0,27.00182
57.65998,26.49781,0,27.00181
57.67998,26.49781,0,27.00181
57.69998,26.4978,0,27.00181
57.71998,26.4978,0,27.00181
57.73998,26.49779,0,27.00181
57.75998,26.49778,0,27.0018
57.77998,26.49778,0,27.0018
57.79998,26.49777,0,27.0018
57.81998,26.49777,0,27.0018
57.83998,26.49776,0,27.00179
57.85998,26.49776,0,27.00179
57.87998,26.49775,0,27.00179
57.89998,26.49775,0,27.00179
57.91998,26.49774,0,27.00179
57.93998,26.49774,0,27.00179
57.95998,26.49773,0,27.00178
57.97998,26.49773,0,27.00178
57.99998,26.49773,0,27.00178
58.01998,26.49772,0,27.00178
58.03998,26.49772,0,27.00177
58.05998,26.49771,0,27.00177
58.07998,26.49771,0,27.00177
58.09998,26.49771,0,27.00177
58.11998,26.4977,0,27.00177
58.13998,26.4977,0,27.00176
58.15998,26.4977,0,27.00176
58.17998,26.49769,0,27.00176
58.19998,26.49769,0,27.00176
58.21998,26.49768,0,27.00176
58.23998,26.49768,0,27.00175
58.25998,26.49768,0,27.00175
58.27998,26.49767,0,27.00175
58.29998,26.49767,0,27.00175
58.31998,26.49767,0,27.00175
58.33998,26.49766,0,27.00175
58.35998,26.49766,0,27.00174
58.37998,26.49765,0,27.00174
58.39998,26.49765,0,27.00174
58.41998,26.49765,0,27.00174
58.43998,26.49764,0,27.00174
58.45998,26.49764,0,27.00173
58.47998,26.49763,0,27.00173
58.49998,26.49763,0,27.00173
58.51998,26.49763,0,27.00173
58.53998,26.49762,0,27.00173
58.55998,26.49762,0,27.00172
58.57998,26.49762,0,27.00172
58.59998,26.49761,0,27.00172
58.61998,26.49761,0,27.00172
58.63998,26.4976,0,27.00172
58.65998,26.4976,0,27.00171
58.67998,26.4976,0,27.00171
58.69998,26.49759,0,27.00171
58.71998,26.49759,0,27.00171
58.73998,26.49759,0,27.00171
58.75998,26.49758,0,27.00171
58.77998,26.49758,0,27.00171
58.79998,26.49757,0,27.0017
58.81998,26.49757,0,27.0017
58.83998,26.49757,0,27.0017
58.85998,26.49756,0,27.0017
58.87998,26.49756,0,27.0017
58.89998,26.49755,0,27.00169
58.91998,26.49755,0,27.00169
58.93998,26.49755,0,27.00169
58.95998,26.49754,0,27.00169
58.97998,26.49754,0,27.00169
58.99998,26.49754,0,27.00168
59.01998,26.49753,0,27.00168
59.03998,26.49753,0,27.00168
59.05998,26.49752,0,27.00168
59.07998,26.49752,0,27.00168
59.09998,26.49752,0,27.00168
59.11998,26.49751,0,27.00167
59.13998,26.49751,0,27.00167
59.15998,26.49751,0,27.00167
59.17998,26.4975,0,27.00167
59.19998,26.4975,0,27.00167
59.21998,26.49749,0,27.00167
59.23998,26.49749,0,27.00166
59.25998,26.49749,0,27.00166
59.27998,26.49748,0,27.00166
59.29998,26.49748,0,27.00166
59.31998,26.49747,0,27.00166
59.33998,26.49747,0,27.00166
59.35998,26.49747,0,27.00165
59.37998,26.49746,0,27.00165
59.39998,26.49746,0,27.00165
59.41998,26.49746,0,27.00165
59.43998,26.49745,0,27.00165
59.45998,26.49745,0,27.00165
59.47998,26.49744,0,27.00164
59.49998,26.49744,0,27.00164
59.51998,26.49744,0,27.00164
59.53998,26.49743,0,27.00164
59.55998,26.49743,0,27.00164
59.57998,26.49743,0,27.00163
59.59998,26.49742,0,27.00163
59.61998,26.49742,0,27.00163
59.63998,26.49741,0,27.00163
59.65998,26.49741,0,27.00163
59.67998,26.49741,0,27.00163
59.69998,26.4974,0,27.00163
59.71998,26.4974,0,27.00162
59.73998,26.49739,0,27.00162
59.75998,26.49739,0,27.00162
59.77998,26.49739,0,27.00162
59.79998,26.49738,0,27.00162
59.81998,26.49738,0,27.00162
59.83998,26.49738,0,27.00161
59.85998,26.49737,0,27.00161
59.87998,26.49737,0,27.00161
59.89998,26.49736,0,27.00161
59.91998,26.49736,0,27.00161
59.93998,26.49736,0,27.00161
59.95998,26.49735,0,27.0016
59.97998,26.49735,0,27.0016
59.99998,26.49734,0,27.0016
60.01998,26.49734,0,27.0016
60.03998,26.49734,0,27.0016
60.05998,26.49733,0,27.0016
60.07998,26.49733,0,27.00159
60.09998,26.49733,0,27.00159
60.11998,26.49732,0,27.00159
60.13998,26.49732,0,27.00159
60.15998,26.49731,0,27.00159
60.17998,26.49731,0,27.00159
60.19998,26.49731,0,27.00159
60.21998,26.4973,0,27.00159
60.23998,26.4973,0,27.00158
60.25998,26.4973,0,27.00158
60.27998,26.49729,0,27.00158
60.29998,26.49729,0,27.00158
60.31998,26.49728,0,27.00158
60.33998,26.49728,0,27.00158
60.35998,26.49728,0,27.00157
60.37998,26.49727,0,27.00157
60.39998,26.49727,0,27.00157
60.41998,26.49726,0,27.00157
60.43998,26.49726,0,27.00157
60.45998,26.49726,0,27.00157
60.47998,26.49725,0,27.00156
60.49998,26.49725,0,27.00156
60.51998,26.49725,0,27.00156
60.53998,26.49724,0,27.00156
60.55998,26.49724,0,27.00156
60.57998,26.49723,0,27.00156
60.59998,26.49723,0,27.00156
60.61998,26.49723,0,27.00155
60.63998,26.49722,0,27.00155
60.65998,26.49722,0,27.00155
60.67998,26.49722,0,27.00155
60.69998,26.49721,0,27.00155
60.71998,26.49721,0,27.00155
60.73998,26.4972,0,27.00154
60.75998,26.4972,0,27.00154
60.77998,26.4972,0,27.00154
60.79998,26.49719,0,27.00154
60.81998,26.49719,0,27.00154
60.83998,26.49718,0,27.00154
60.85998,26.49718,0,27.00154
60.87998,26.49718,0,27.00154
60.89998,26.49717,0,27.00153
60.91998,26.49717,0,27.00153
60.93998,26.49717,0,27.00153
60.95998,26.49716,0,27.00153
60.97998,26.49716,0,27.00153
60.99998,26.49715,0,27.00153
61.01998,26.49715,0,27.00153
61.03998,26.49715,0,27.00152
61.05998,26.49714,0,27.00152
61.07998,26.49714,0,27.00152
61.09998,26.49714,0,27.00152
61.11998,26.49713,0,27.00152
61.13998,26.49713,0,27.00152
61.15998,26.49712,0,27.00152
61.17998,26.49712,0,27.00151
61.19998,26.49712,0,27.00151
61.21998,26.49711,0,27.00151
61.23998,26.49711,0,27.00151
61.25998,26.4971,0,27.00151
61.27998,26.4971,0,27.00151
61.29998,26.4971,0,27.00151
61.31998,26.49709,0,27.0015
61.33998,26.49709,0,27.0015
61.35998,26.49709,0,27.0015
61.37998,26.49708,0,27.0015
61.39998,26.49708,0,27.0015
61.41998,26.49707,0,27.0015
61.43998,26.49707,0,27.0015
61.45998,26.49707,0,27.0015
61.47998,26.49706,0,27.00149
61.49998,26.49706,0,27.00149
61.51998,26.49706,0,27.00149
61.53998,26.49705,0,27.00149
61.55998,26.49705,0,27.00149
61.57998,26.49705,0,27.00149
61.59998,26.49705,0,27.00149
61.61998,26.49705,0,27.00149
61.63998,26.49704,0,27.00148
61.65998,26.49704,0,27.00148
61.67998,26.49704,0,27.00148
61.69998,26.49704,0,27.00148
61.71998,26.49704,0,27.00148
61.73998,26.49703,0,27.00148
61.75998,26.49703,0,27.00148
61.77998,26.49703,0,27.00148
61.79998,26.49703,0,27.00148
61.81998,26.49703,0,27.00147
61.83998,26.49702,0,27.00147
61.85998,26.49702,0,27.00147
61.87998,26.49702,0,27.00147
61.89998,26.49702,0,27.00147
61.91998,26.49702,0,27.00147
61.93998,26.49701,0,27.00147
61.95998,26.49701,0,27.00147
61.97998,26.49701,0,27.00146
61.99998,26.49701,0,27.00146
62.01998,26.49701,0,27.00146
62.03998,26.49701,0,27.00146
62.05998,26.497,0,27.00146
62.07998,26.497,0,27.00146
62.09998,26.497,0,27.00146
62.11998,26.497,0,27.00146
62.13998,26.497,0,27.00146
62.15998,26.49699,0,27.00146
62.17998,26.49699,0,27.00145
62.19998,26.49699,0,27.00145
62.21998,26.49699,0,27.00145
62.23998,26.49699,0,27.00145
62.25998,26.49698,0,27.00145
62.27998,26.49698,0,27.00145
62.29998,26.49698,0,27.00145
62.31998,26.49698,0,27.00145
62.33998,26.49698,0,27.00145
62.35998,26.49697,0,27.00144
62.37998,26.49697,0,27.00144
62.39998,26.49697,0,27.00144
62.41998,26.49697,0,27.00144
62.43998,26.49697,0,27.00144
62.45998,26.49697,0,27.00144
62.47998,26.49696,0,27.00144
62.49998,26.49696,0,27.00144
62.51998,26.49696,0,27.00144
62.53998,26.49696,0,27.00143
62.55998,26.49696,0,27.00143
62.57998,26.49695,0,27.00143
62.59998,26.49695,0,27.00143
62.61998,26.49695,0,27.00143
62.63998,26.49695,0,27.00143
62.65998,26.49695,0,27.00143
62.67998,26.49694,0,27.00143
62.69998,26.49694,0,27.00143
62.71998,26.49694,0,27.00143
62.73998,26.49694,0,27.00142
62.75998,26.49694,0,27.00142
62.77998,26.49693,0,27.00142
62.79998,26.49693,0,27.00142
62.81998,26.49693,0,27.00142
62.83998,26.49693,0,27.00142
62.85998,26.49693,0,27.00142
62.87998,26.49693,0,27.00142
62.89998,26.49692,0,27.00142
62.91998,26.49692,0,27.00142
62.93998,26.49692,0,27.00142
62.95998,26.49692,0,27.00141
62.97998,26.49692,0,27.00141
62.99998,26.49691,0,27.00141
63.01998,26.49691,0,27.00141
63.03998,26.49691,0,27.00141
63.05998,26.49691,0,27.00141
63.07998,26.49691,0,27.00141
63.09998,26.4969,0,27.00141
63.11998,26.4969,0,27.00141
63.13998,26.4969,0,27.0014
63.15998,26.4969,0,27.0014
63.17998,26.4969,0,27.0014
63.19998,26.49689,0,27.0014
63.21998,26.49689,0,27.0014
63.23998,26.49689,0,27.0014
63.25998,26.49689,0,27.0014
63.27998,26.49689,0,27.0014
63.29998,26.49689,0,27.0014
63.31998,26.49688,0,27.0014
63.33998,26.49688,0,27.00139
63.35998,26.49688,0,27.00139
63.37998,26.49688,0,27.00139
63.39998,26.49688,0,27.00139
63.41998,26.49687,0,27.00139
63.43998,26.49687,0,27.00139
63.45998,26.49687,0,27.00139
63.47998,26.49687,0,27.00139
63.49998,26.49687,0,27.00139
63.51998,26.49686,0,27.00139
63.53998,26.49686,0,27.00138
63.55998,26.49686,0,27.00138
63.57998,26.49686,0,27.00138
63.59998,26.49686,0,27.00138
63.61998,26.49685,0,27.00138
63.63998,26.49685,0,27.00138
63.65998,26.49685,0,27.00138
63.67998,26.49685,0,27.00138
63.69998,26.49685,0,27.00138
63.71998,26.49685,0,27.00138
63.73998,26.49684,0,27.00138
63.75998,26.49684,0,27.00138
63.77998,26.49684,0,27.00138
63.79998,26.49684,0,27.00137
63.81998,26.49684,0,27.00137
63.83998,26.49683,0,27.00137
63.85998,26.49683,0,27.00137
63.87998,26.49683,0,27.00137
63.89998,26.49683,0,27.00137
63.91998,26.49683,0,27.00137
63.93998,26.49682,0,27.00137
63.95998,26.49682,0,27.00137
63.97998,26.49682,0,27.00137
63.99998,26.49682,0,27.00137
64.01997,26.49682,0,27.00136
64.03998,26.49681,0,27.00136
64.05997,26.49681,0,27.00136
64.07998,26.49681,0,27.00136
64.09998,26.49681,0,27.00136
64.11998,26.49681,0,27.00136
64.13998,26.49681,0,27.00136
64.15998,26.4968,0,27.00136
64.17998,26.4968,0,27.00136
64.19997,26.4968,0,27.00136
64.21998,26.4968,0,27.00136
64.23997,26.4968,0,27.00135
64.25998,26.49679,0,27.00135
64.27998,26.49679,0,27.00135
64.29998,26.49679,0,27.00135
64.31998,26.49679,0,27.00135
64.33997,26.49679,0,27.00135
64.35998,26.49678,0,27.00135
64.37997,26.49678,0,27.00135
64.39998,26.49678,0,27.00135
64.41998,26.49678,0,27.00135
64.43998,26.49678,0,27.00135
64.45998,26.49677,0,27.00134
64.47998,26.49677,0,27.00134
64.49998,26.49677,0,27.00134
64.51997,26.49677,0,27.00134
64.53998,26.49677,0,27.00134
64.55997,26.49677,0,27.00134
64.57998,26.49676,0,27.00134
64.59998,26.49676,0,27.00134
64.61998,26.49676,0,27.00134
64.63998,26.49676,0,27.00134
64.65998,26.49676,0,27.00134
64.67998,26.49675,0,27.00134
64.69997,26.49675,0,27.00134
64.71998,26.49675,0,27.00133
64.73997,26.49675,0,27.00133
64.75998,26.49675,0,27.00133
64.77998,26.49674,0,27.00133
64.79998,26.49674,0,27.00133
64.81998,26.49674,0,27.00133
64.83997,26.49674,0,27.00133
64.85998,26.49674,0,27.00133
64.87997,26.49673,0,27.00133
64.89998,26.49673,0,27.00133
64.91998,26.49673,0,27.00133
64.93998,26.49673,0,27.00132
64.95998,26.49673,0,27.00132
64.97998,26.49673,0,27.00132
64.99998,26.49672,0,27.00132
65.01997,26.49672,0,27.00132
65.03998,26.49672,0,27.00132
65.05997,26.49672,0,27.00132
65.07998,26.49672,0,27.00132
65.09998,26.49671,0,27.00132
65.11998,26.49671,0,27.00132
65.13998,26.49671,0,27.00132
65.15997,26.49671,0,27.00132
65.17998,26.49671,0,27.00132
65.19997,26.4967,0,27.00131
65.21998,26.4967,0,27.00131
65.23997,26.4967,0,27.00131
65.25998,26.4967,0,27.00131
65.27998,26.4967,0,27.00131
65.29998,26.49669,0,27.00131
65.31998,26.49669,0,27.00131
65.33997,26.49669,0,27.00131
65.35998,26.49669,0,27.00131
65.37997,26.49669,0,27.00131
65.39998,26.49669,0,27.00131
65.41998,26.49668,0,27.00131
65.43998,26.49668,0,27.00131
65.45998,26.49668,0,27.00131
65.47998,26.49668,0,27.0013
65.49998,26.49668,0,27.0013
65.51997,26.49667,0,27.0013
65.53998,26.49667,0,27.0013
65.55997,26.49667,0,27.0013
65.57998,26.49667,0,27.0013
65.59998,26.49667,0,27.0013
65.61998,26.49666,0,27.0013
65.63998,26.49666,0,27.0013
65.65997,26.49666,0,27.0013
65.67998,26.49666,0,27.0013
65.69997,26.49666,0,27.0013
65.71998,26.49665,0,27.0013
65.73997,26.49665,0,27.0013
65.75998,26.49665,0,27.0013
65.77998,26.49665,0,27.0013
65.79998,26.49665,0,27.00129
65.81998,26.49664,0,27.00129
65.83997,26.49664,0,27.00129
65.85998,26.49664,0,27.00129
65.87997,26.49664,0,27.00129
65.89998,26.49664,0,27.00129
65.91998,26.49664,0,27.00129
65.93998,26.49663,0,27.00129
65.95998,26.49663,0,27.00129
65.97997,26.49663,0,27.00129
65.99998,26.49663,0,27.00129
66.01997,26.49663,0,27.00129
66.03998,26.49662,0,27.00129
66.05997,26.49662,0,27.00128
66.07998,26.49662,0,27.00128
66.09998,26.49662,0,27.00128
66.11998,26.49662,0,27.00128
66.13998,26.49661,0,27.00128
66.15997,26.49661,0,27.00128
66.17998,26.49661,0,27.00128
66.19997,26.49661,0,27.00128
66.21998,26.49661,0,27.00128
66.23997,26.4966,0,27.00128
66.25998,26.4966,0,27.00128
66.27998,26.4966,0,27.00128
66.29998,26.4966,0,27.00128
66.31998,26.4966,0,27.00127
66.33997,26.4966,0,27.00127
66.35998,26.49659,0,27.00127
66.37997,26.49659,0,27.00127
66.39998,26.49659,0,27.00127
66.41998,26.49659,0,27.00127
66.43998,26.49659,0,27.00127
66.45998,26.49658,0,27.00127
66.47997,26.49658,0,27.00127
66.49998,26.49658,0,27.00127
66.51997,26.49658,0,27.00127
66.53998,26.49658,0,27.00127
66.55997,26.49657,0,27.00127
66.57998,26.49657,0,27.00127
66.59998,26.49657,0,27.00126
66.61998,26.49657,0,27.00126
66.63998,26.49657,0,27.00126
66.65997,26.49656,0,27.00126
66.67998,26.49656,0,27.00126
66.69997,26.49656,0,27.00126
66.71998,26.49656,0,27.00126
66.73997,26.49656,0,27.00126
66.75998,26.49656,0,27.00126
66.77998,26.49655,0,27.00126
66.79997,26.49655,0,27.00126
66.81998,26.49655,0,27.00126
66.83997,26.49655,0,27.00126
66.85998,26.49655,0,27.00126
66.87997,26.49654,0,27.00126
66.89998,26.49654,0,27.00126
66.91998,26.49654,0,27.00126
66.93998,26.49654,0,27.00126
66.95998,26.49654,0,27.00125
66.97997,26.49653,0,27.00125
66.99998,26.49653,0,27.00125
67.01997,26.49653,0,27.00125
67.03998,26.49653,0,27.00125
67.05997,26.49653,0,27.00125
67.07998,26.49652,0,27.00125
67.09998,26.49652,0,27.00125
67.11998,26.49652,0,27.00125
67.13998,26.49652,0,27.00125
67.15997,26.49652,0,27.00125
67.17998,26.49652,0,27.00125
67.19997,26.49651,0,27.00125
67.21998,26.49651,0,27.00125
67.23997,26.49651,0,27.00125
67.25998,26.49651,0,27.00125
67.27998,26.49651,0,27.00125
67.29997,26.4965,0,27.00124
67.31998,26.4965,0,27.00124
67.33997,26.4965,0,27.00124
67.35998,26.4965,0,27.00124
67.37997,26.4965,0,27.00124
67.39998,26.49649,0,27.00124
67.41998,26.49649,0,27.00124
67.43998,26.49649,0,27.00124
67.45998,26.49649,0,27.00124
67.47997,26.49649,0,27.00124
67.49998,26.49648,0,27.00124
67.51997,26.49648,0,27.00124
67.53998,26.49648,0,27.00124
67.55997,26.49648,0,27.00124
67.57998,26.49648,0,27.00124
67.59998,26.49648,0,27.00124
67.61997,26.49647,0,27.00123
67.63998,26.49647,0,27.00123
67.65997,26.49647,0,27.00123
67.67998,26.49647,0,27.00123
67.69997,26.49647,0,27.00123
67.71998,26.49646,0,27.00123
67.73997,26.49646,0,27.00123
67.75998,26.49646,0,27.00123
67.77998,26.49646,0,27.00123
67.79997,26.49646,0,27.00123
67.81998,26.49645,0,27.00123
67.83997,26.49645,0,27.00123
67.85998,26.49645,0,27.00123
67.87997,26.49645,0,27.00123
67.89998,26.49645,0,27.00123
67.91998,26.49644,0,27.00123
67.93998,26.49644,0,27.00123
67.95998,26.49644,0,27.00122
67.97997,26.49644,0,27.00122
67.99998,26.49644,0,27.00122
68.01997,26.49644,0,27.00122
68.03998,26.49643,0,27.00122
68.05997,26.49643,0,27.00122
68.07998,26.49643,0,27.00122
68.09998,26.49643,0,27.00122
68.11997,26.49643,0,27.00122
68.13998,26.49642,0,27.00122
68.15997,26.49642,0,27.00122
68.17998,26.49642,0,27.00122
68.19997,26.49642,0,27.00122
68.21998,26.49642,0,27.00122
68.23997,26.49641,0,27.00122
68.25998,26.49641,0,27.00122
68.27998,26.49641,0,27.00122
68.29997,26.49641,0,27.00121
68.31998,26.49641,0,27.00121
68.33997,26.4964,0,27.00121
68.35998,26.4964,0,27.00121
68.37997,26.4964,0,27.00121
68.39998,26.4964,0,27.00121
68.41998,26.4964,0,27.00121
68.43998,26.4964,0,27.00121
68.45998,26.49639,0,27.00121
68.47997,26.49639,0,27.00121
68.49998,26.49639,0,27.00121
68.51997,26.49639,0,27.00121
68.53998,26.49639,0,27.00121
68.55997,26.49638,0,27.00121
68.57998,26.49638,0,27.00121
68.59998,26.49638,0,27.00121
68.61997,26.49638,0,27.00121
68.63998,26.49638,0,27.00121
68.65997,26.49637,0,27.00121
68.67998,26.49637,0,27.0012
68.69997,26.49637,0,27.0012
68.71998,26.49637,0,27.0012
68.73997,26.49637,0,27.0012
68.75998,26.49636,0,27.0012
68.77998,26.49636,0,27.0012
68.79997,26.49636,0,27.0012
68.81998,26.49636,0,27.0012
68.83997,26.49636,0,27.0012
68.85998,26.49636,0,27.0012
68.87997,26.49635,0,27.0012
68.89998,26.49635,0,27.0012
68.91998,26.49635,0,27.0012
68.93997,26.49635,0,27.0012
68.95998,26.49635,0,27.0012
68.97997,26.49634,0,27.0012
68.99998,26.49634,0,27.0012
69.01997,26.49634,0,27.0012
69.03998,26.49634,0,27.0012
69.05997,26.49634,0,27.00119
69.07998,26.49633,0,27.00119
69.09998,26.49633,0,27.00119
69.11997,26.49633,0,27.00119
69.13998,26.49633,0,27.00119
69.15997,26.49633,0,27.00119
69.17998,26.49633,0,27.00119
69.19997,26.49633,0,27.00119
69.21998,26.49633,0,27.00119
69.23997,26.49633,0,27.00119
69.25998,26.49633,0,27.00119
69.27998,26.49633,0,27.00119
69.29997,26.49633,0,27.00119
69.31998,26.49633,0,27.00119
69.33997,26.49633,0,27.00119
69.35998,26.49633,0,27.00119
69.37997,26.49633,0,27.00119
69.39998,26.49633,0,27.00119
69.41998,26.49633,0,27.00119
69.43997,26.49633,0,27.00119
69.45998,26.49633,0,27.00119
69.47997,26.49633,0,27.00119
69.49998,26.49633,0,27.00119
69.51997,26.49633,0,27.00119
69.53998,26.49633,0,27.00119
69.55997,26.49633,0,27.00119
69.57998,26.49633,0,27.00119
69.59998,26.49633,0,27.00119
69.61997,26.49633,0,27.00119
69.63998,26.49633,0,27.00119
69.65997,26.49633,0,27.00119
69.67998,26.49633,0,27.00118
69.69997,26.49633,0,27.00118
69.71998,26.49633,0,27.00118
69.73997,26.49633,0,27.00118
69.75997,26.49633,0,27.00118
69.77998,26.49633,0,27.00118
69.79997,26.49633,0,27.00118
69.81998,26.49633,0,27.00118
69.83997,26.49633,0,27.00118
69.85998,26.49633,0,27.00118
69.87997,26.49633,0,27.00118
69.89998,26.49633,0,27.00118
69.91998,26.49633,0,27.00118
69.93997,26.49633,0,27.00118
69.95998,26.49633,0,27.00118
69.97997,26.49633,0,27.00118
69.99998,26.49633,0,27.00118
70.01997,26.49633,0,27.00118
70.03998,26.49633,0,27.00118
70.05997,26.49633,0,27.00118
70.07998,26.49633,0,27.00118
70.09998,26.49633,0,27.00118
70.11997,26.49633,0,27.00118
70.13998,26.49633,0,27.00118
70.15997,26.49633,0,27.00118
70.17998,26.49633,0,27.00118
70.19997,26.49633,0,27.00118
70.21998,26.49633,0,27.00118
70.23997,26.49633,0,27.00118
70.25997,26.49633,0,27.00118
70.27998,26.49633,0,27.00118
70.29997,26.49633,0,27.00118
70.31998,26.49633,0,27.00118
70.33997,26.49633,0,27.00117
70.35998,26.49633,0,27.00117
70.37997,26.49633,0,27.00117
70.39998,26.49633,0,27.00117
70.41998,26.49633,0,27.00117
70.43997,26.49633,0,27.00117
70.45998,26.49633,0,27.00117
70.47997,26.49633,0,27.00117
70.49998,26.49633,0,27.00117
70.51997,26.49633,0,27.00117
70.53998,26.49633,0,27.00117
70.55997,26.49633,0,27.00117
70.57997,26.49633,0,27.00117
70.59998,26.49633,0,27.00117
70.61997,26.49633,0,27.00117
70.63998,26.49633,0,27.00117
70.65997,26.49633,0,27.00117
70.67998,26.49633,0,27.00117
70.69997,26.49633,0,27.00117
70.71998,26.49633,0,27.00117
70.73997,26.49633,0,27.00117
70.75997,26.49633,0,27.00117
70.77998,26.49633,0,27.00117
70.79997,26.49633,0,27.00117
70.81998,26.49633,0,27.00117
70.83997,26.49633,0,27.00117
70.85998,26.49633,0,27.00117
70.87997,26.49633,0,27.00117
70.89998,26.49633,0,27.00117
70.91998,26.49633,0,27.00117
70.93997,26.49633,0,27.00117
70.95998,26.49633,0,27.00117
70.97997,26.49633,0,27.00117
70.99998,26.49633,0,27.00117
71.01997,26.49633,0,27.00117
71.03998,26.49633,0,27.00117
71.05997,26.49633,0,27.00117
71.07997,26.49633,0,27.00117
71.09998,26.49633,0,27.00117
71.11997,26.49633,0,27.00117
71.13998,26.49633,0,27.00116
71.15997,26.49633,0,27.00116
71.17998,26.49633,0,27.00116
71.19997,26.49633,0,27.00116
71.21998,26.49633,0,27.00116
71.23997,26.49633,0,27.00116
71.25997,26.49633,0,27.00116
71.27998,26.49633,0,27.00116
71.29997,26.49633,0,27.00116
71.31998,26.49633,0,27.00116
71.33997,26.49633,0,27.00116
71.35998,26.49633,0,27.00116
71.37997,26.49633,0,27.00116
71.39997,26.49633,0,27.00116
71.41998,26.49633,0,27.00116
71.43997,26.49633,0,27.00116
71.45998,26.49633,0,27.00116
71.47997,26.49633,0,27.00116
71.49998,26.49633,0,27.00116
71.51997,26.49633,0,27.00116
71.53998,26.49633,0,27.00116
71.55997,26.49633,0,27.00116
71.57997,26.49633,0,27.00116
71.59998,26.49633,0,27.00116
71.61997,26.49633,0,27.00116
71.63998,26.49633,0,27.00116
71.65997,26.49633,0,27.00116
71.67998,26.49633,0,27.00116
71.69997,26.49633,0,27.00116
71.71998,26.49633,0,27.00116
71.73997,26.49633,0,27.00116
71.75997,26.49633,0,27.00116
71.77998,26.49633,0,27.00116
71.79997,26.49633,0,27.00116
71.81998,26.49633,0,27.00115
71.83997,26.49633,0,27.00115
71.85998,26.49633,0,27.00115
71.87997,26.49633,0,27.00115
71.89997,26.49633,0,27.00115
71.91998,26.49633,0,27.00115
71.93997,26.49633,0,27.00115
71.95998,26.49633,0,27.00115
71.97997,26.49633,0,27.00115
71.99998,26.49633,0,27.00115
72.01997,26.49633,0,27.00115
72.03998,26.49633,0,27.00115
72.05997,26.49633,0,27.00115
72.07997,26.49633,0,27.00115
72.09998,26.49633,0,27.00115
72.11997,26.49633,0,27.00115
72.13998,26.49633,0,27.00115
72.15997,26.49633,0,27.00115
72.17998,26.49633,0,27.00115
72.19997,26.49633,0,27.00115
72.21997,26.49633,0,27.00115
72.23997,26.49633,0,27.00115
72.25997,26.49633,0,27.00115
72.27998,26.49633,0,27.00115
72.29997,26.49633,0,27.00115
72.31998,26.49633,0,27.00115
72.33997,26.49633,0,27.00115
72.35998,26.49633,0,27.00115
72.37997,26.49633,0,27.00115
72.39997,26.49633,0,27.00115
72.41998,26.49633,0,27.00115
72.43997,26.49633,0,27.00115
72.45998,26.49633,0,27.00115
72.47997,26.49633,0,27.00114
72.49998,26.49633,0,27.00114
72.51997,26.49633,0,27.00114
72.53998,26.49633,0,27.00114
72.55997,26.49633,0,27.00114
72.57997,26.49633,0,27.00114
72.59998,26.49633,0,27.00114
72.61997,26.49633,0,27.00114
72.63998,26.49633,0,27.00114
72.65997,26.49633,0,27.00114
72.67998,26.49633,0,27.00114
72.69997,26.49633,0,27.00114
72.71997,26.49633,0,27.00114
72.73997,26.49633,0,27.00114
72.75997,26.49633,0,27.00114
72.77998,26.49633,0,27.00114
72.79997,26.49633,0,27.00114
72.81998,26.49633,0,27.00114
72.83997,26.49633,0,27.00114
72.85998,26.49633,0,27.00114
72.87997,26.49633,0,27.00114
72.89997,26.49633,0,27.00114
72.91998,26.49633,0,27.00114
72.93997,26.49633,0,27.00114
72.95998,26.49633,0,27.00114
72.97997,26.49633,0,27.00114
72.99998,26.49633,0,27.00114
73.01997,26.49633,0,27.00114
73.03997,26.49633,0,27.00114
73.05997,26.49633,0,27.00114
73.07997,26.49633,0,27.00114
73.09998,26.49633,0,27.00114
73.11997,26.49633,0,27.00114
73.13998,26.49633,0,27.00114
73.15997,26.49633,0,27.00114
73.17998,26.49633,0,27.00114
73.19997,26.49633,0,27.00113
73.21997,26.49633,0,27.00113
73.23997,26.49633,0,27.00113
73.25997,26.49633,0,27.00113
73.27998,26.49633,0,27.00113
73.29997,26.49633,0,27.00113
73.31998,26.49633,0,27.00113
73.33997,26.49633,0,27.00113
73.35998,26.49633,0,27.00113
73.37997,26.49633,0,27.00113
73.39997,26.49633,0,27.00113
73.41998,26.49633,0,27.00113
73.43997,26.49633,0,27.00113
73.45998,26.49633,0,27.00113
73.47997,26.49633,0,27.00113
73.49998,26.49633,0,27.00113
73.51997,26.49633,0,27.00113
73.53997,26.49633,0,27.00113
73.55997,26.49633,0,27.00113
73.57997,26.49633,0,27.00113
73.59998,26.49633,0,27.00113
73.61997,26.49633,0,27.00113
73.63998,26.49633,0,27.00113
73.65997,26.49633,0,27.00113
73.67998,26.49633,0,27.00113
73.69997,26.49633,0,27.00113
73.71997,26.49633,0,27.00113
73.73997,26.49633,0,27.00113
73.75997,26.49633,0,27.00113
73.77998,26.49633,0,27.00113
73.79997,26.49633,0,27.00113
73.81998,26.49633,0,27.00113
73.83997,26.49633,0,27.00113
73.85997,26.49633,0,27.00113
73.87997,26.49633,0,27.00113
73.89997,26.49633,0,27.00113
73.91998,26.49633,0,27.00113
73.93997,26.49633,0,27.00113
73.95998,26.49633,0,27.00113
73.97997,26.49633,0,27.00113
73.99998,26.49633,0,27.00113
74.01997,26.49633,0,27.00113
74.03997,26.49633,0,27.00113
74.05997,26.49633,0,27.00113
74.07997,26.49633,0,27.00113
74.09998,26.49633,0,27.00113
74.11997,26.49633,0,27.00113
74.13998,26.49633,0,27.00113
74.15997,26.49633,0,27.00113
74.17998,26.49633,0,27.00113
74.19997,26.49633,0,27.00113
74.21997,26.49633,0,27.00113
74.23997,26.49633,0,27.00113
74.25997,26.49633,0,27.00113
74.27998,26.49633,0,27.00113
74.29997,26.49633,0,27.00113
74.31998,26.49633,0,27.00113
74.33997,26.49633,0,27.00113
74.35997,26.49633,0,27.00113
74.37997,26.49633,0,27.00113
74.39997,26.49633,0,27.00113
74.41998,26.49633,0,27.00113
74.43997,26.49633,0,27.00113
74.45998,26.49633,0,27.00113
74.47997,26.49633,0,27.00113
74.49998,26.49633,0,27.00113
74.51997,26.49633,0,27.00113
74.53997,26.49633,0,27.00113
74.55997,26.49633,0,27.00113
74.57997,26.49633,0,27.00113
74.59998,26.49633,0,27.00113
74.61997,26.49633,0,27.00113
74.63998,26.49633,0,27.00113
74.65997,26.49633,0,27.00113
74.67997,26.49633,0,27.00113
74.69997,26.49633,0,27.00113
74.71997,26.49633,0,27.00113
74.73997,26.49633,0,27.00113
74.75997,26.49633,0,27.00113
74.77998,26.49633,0,27.00113
74.79997,26.49633,0,27.00112
74.81998,26.49633,0,27.00112
74.83997,26.49633,0,27.00112
74.85997,26.49633,0,27.00112
74.87997,26.49633,0,27.00112
74.89997,26.49633,0,27.00112
74.91998,26.49633,0,27.00112
74.93997,26.49633,0,27.00112
74.95998,26.49633,0,27.00112
74.97997,26.49633,0,27.00112
74.99998,26.49633,0,27.00112
75.01997,26.49633,0,27.00112
75.03997,26.49633,0,27.00112
75.05997,26.49633,0,27.00112
75.07997,26.49633,0,27.00112
75.09998,26.49633,0,27.00112
75.11997,26.49633,0,27.00112
75.13998,26.49633,0,27.00112
75.15997,26.49633,0,27.00112
75.17997,26.49633,0,27.00112
75.19997,26.49633,0,27.00112
75.21997,26.49633,0,27.00112
75.23997,26.49633,0,27.00112
75.25997,26.49633,0,27.00112
75.27998,26.49633,0,27.00112
75.29997,26.49633,0,27.00112
75.31998,26.49633,0,27.00112
75.33997,26.49633,0,27.00112
75.35997,26.49633,0,27.00112
75.37997,26.49633,0,27.00112
75.39997,26.49633,0,27.00112
75.41998,26.49633,0,27.00112
75.43997,26.49633,0,27.00112
75.45998,26.49633,0,27.00112
75.47997,26.49633,0,27.00112
75.49997,26.49633,0,27.00112
75.51997,26.49633,0,27.00112
75.53997,26.49633,0,27.00112
75.55997,26.49633,0,27.00112
75.57997,26.49633,0,26.99896
75.59998,26.49633,0,26.99896
75.61997,26.49633,0,26.99896
75.63998,26.49633,0,26.99896
75.65997,26.49633,0,26.99896
75.67997,26.49633,0,26.99896
75.69997,26.49633,0,26.99896
75.71997,26.49633,0,26.99896
75.73997,26.49633,0,26.99896
75.75997,26.49633,0,26.99896
75.77998,26.49633,0,26.99896
75.79997,26.49633,0,26.99896
75.81998,26.49633,0,26.99896
75.83997,26.49633,0,26.99896
75.85997,26.49633,0,26.99896
75.87997,26.49633,0,26.99896
75.89997,26.49633,0,26.99896
75.91998,26.49633,0,26.99896
75.93997,26.49633,0,26.99896
75.95998,26.49633,0,26.99896
75.97997,26.49633,0,26.99896
75.99997,26.49633,0,26.99896
76.01997,26.49633,0,26.99896
76.03997,26.49633,0,26.99896
76.05997,26.49633,0,26.99896
76.07997,26.49633,0,26.99896
76.09998,26.49633,0,26.99896
76.11997,26.49633,0,26.99896
76.13998,26.49633,0,26.99896
76.15997,26.49633,0,26.99896
76.17997,26.49633,0,26.99896
76.19997,26.49633,0,26.99896
76.21997,26.49633,0,26.99896
76.23997,26.49633,0,26.99896
76.25997,26.49633,0,26.99896
76.27998,26.49633,0,26.99896
76.29997,26.49633,0,26.99896
76.31997,26.49633,0,26.99896
76.33997,26.49633,0,26.99896
76.35997,26.49633,0,26.99896
76.37997,26.49633,0,26.99896
76.39997,26.49633,0,26.99896
76.41998,26.49633,0,26.99896
76.43997,26.49633,0,26.99896
76.45998,26.49633,0,26.99896
76.47997,26.49633,0,26.99896
76.49997,26.49633,0,26.99896
76.51997,26.49633,0,26.99896
76.53997,26.49633,0,26.99896
76.55997,26.49633,0,26.99896
76.57997,26.49633,0,26.99896
76.59998,26.49633,0,26.99896
76.61997,26.49633,0,26.99896
76.63998,26.49633,0,26.99896
76.65997,26.49633,0,26.99896
76.67997,26.49633,0,26.99896
76.69997,26.49633,0,26.99896
76.71997,26.49633,0,26.99896
76.73997,26.49633,0,26.99896
76.75997,26.49633,0,26.99896
76.77998,26.49633,0,26.99896
76.79997,26.49633,0,26.99896
76.81997,26.49633,0,26.99896
76.83997,26.49633,0,26.99896
76.85997,26.49633,0,26.99896
76.87997,26.49633,0,26.99896
76.89997,26.49633,0,26.99896
76.91998,26.49633,0,26.99896
76.93997,26.49633,0,26.99896
76.95998,26.49633,0,26.99896
76.97997,26.49633,0,26.99896
76.99997,26.49633,0,26.99896
77.01997,26.49633,0,26.99896
77.03997,26.49633,0,26.99896
77.05997,26.49633,0,26.99896
77.07997,26.49633,0,26.99896
77.09998,26.49633,0,26.99896
77.11997,26.49633,0,26.99896
77.13997,26.49633,0,26.99896
77.15997,26.49633,0,26.99896
77.17997,26.49633,0,26.99896
77.19997,26.49633,0,26.99896
77.21997,26.49633,0,26.99896
77.23997,26.49633,0,26.99896
77.25997,26.49633,0,26.99896
77.27998,26.49633,0,26.99896
77.29997,26.49633,0,26.99896
77.31997,26.49633,0,26.99896
77.33997,26.49633,0,26.99896
77.35997,26.49633,0,26.99896
77.37997,26.49633,0,26.99896
77.39997,26.49633,0,26.99896
77.41998,26.49633,0,26.99896
77.43997,26.49633,0,26.99896
77.45998,26.49633,0,26.99896
77.47997,26.49633,0,26.99896
77.49997,26.49633,0,26.99896
77.51997,26.49633,0,26.99896
77.53997,26.49633,0,26.99896
77.55997,26.49633,0,26.99896
77.57997,26.49633,0,26.99896
77.59998,26.49633,0,26.99896
77.61997,26.49633,0,26.99896
77.63997,26.49633,0,26.99896
77.65997,26.49633,0,26.99896
77.67997,26.49633,0,26.99896
77.69997,26.49633,0,26.99896
77.71997,26.49633,0,26.99896
77.73997,26.49633,0,26.99896
77.75997,26.49633,0,26.99896
77.77998,26.49633,0,26.99896
77.79997,26.49633,0,26.99896
77.81997,26.49633,0,26.99896
77.83997,26.49633,0,26.99896
77.85997,26.49633,0,26.99896
77.87997,26.49633,0,26.99896
77.89997,26.49633,0,26.99896
77.91998,26.49633,0,26.99896
77.93997,26.49633,0,26.99896
77.95997,26.49633,0,26.99896
77.97997,26.49633,0,26.99896
77.99997,26.49633,0,26.99896
78.01997,26.49633,0,26.99896
78.03997,26.49633,0,26.99896
78.05997,26.49633,0,26.99896
78.07997,26.49633,0,26.99896
78.09998,26.49633,0,26.99896
78.11997,26.49633,0,26.99896
78.13997,26.49633,0,26.99896
78.15997,26.49633,0,26.99896
78.17997,26.49633,0,26.99896
78.19997,26.49633,0,26.99896
78.21997,26.49633,0,26.99896
78.23997,26.49633,0,26.99896
78.25997,26.49633,0,26.99896
78.27998,26.49633,0,26.99896
78.29997,26.49633,0,26.99896
78.31997,26.49633,0,26.99896
78.33997,26.49633,0,26.99896
78.35997,26.49633,0,26.99896
78.37997,26.49633,0,26.99896
78.39997,26.49633,0,26.99896
78.41998,26.49633,0,26.99896
78.43997,26.49633,0,26.99896
78.45997,26.49633,0,26.99896
78.47997,26.49633,0,26.99896
78.49997,26.49633,0,26.99896
78.51997,26.49633,0,26.99896
78.53997,26.49633,0,26.99896
78.55997,26.49633,0,26.99896
78.57997,26.49633,0,26.99896
78.59998,26.49633,0,26.99896
78.61997,26.49633,0,26.99896
78.63997,26.49633,0,26.99896
78.65997,26.49633,0,26.99896
78.67997,26.49633,0,26.99896
78.69997,26.49633,0,26.99896
78.71997,26.49633,0,26.99896
78.73997,26.49633,0,26.99896
78.75997,26.49633,0,26.99896
78.77998,26.49633,0,26.99896
78.79997,26.49633,0,26.99896
78.81997,26.49633,0,26.99896
78.83997,26.49633,0,26.99896
78.85997,26.49633,0,26.99896
78.87997,26.49633,0,26.99896
78.89997,26.49633,0,26.99896
78.91998,26.49633,0,26.99896
78.93997,26.49633,0,26.99896
78.95997,26.49633,0,26.99896
78.97997,26.49633,0,26.99896
78.99997,26.49633,0,26.99896
79.01997,26.49633,0,26.99896
79.03997,26.49633,0,26.99896
79.05997,26.49633,0,26.99896
79.07997,26.49633,0,26.99896
79.09998,26.49633,0,26.99896
79.11997,26.49633,0,26.99896
79.13997,26.49633,0,26.99896
79.15997,26.49633,0,26.99896
79.17997,26.49633,0,26.99896
79.19997,26.49633,0,26.99896
79.21997,26.49633,0,26.99896
79.23997,26.49633,0,26.99896
79.25997,26.49633,0,26.99896
79.27997,26.49633,0,26.99896
79.29997,26.49633,0,26.99896
79.31997,26.49633,0,26.99896
79.33997,26.49633,0,26.99896
79.35997,26.49633,0,26.99896
79.37997,26.49633,0,26.99896
79.39997,26.49633,0,26.99896
79.41998,26.49633,0,26.99896
79.43997,26.49633,0,26.99896
79.45997,26.49633,0,26.99896
79.47997,26.49633,0,26.99896
79.49997,26.49633,0,26.99896
79.51997,26.49633,0,26.99896
79.53997,26.49633,0,26.99896
79.55997,26.49633,0,26.99896
79.57997,26.49633,0,26.99896
79.59998,26.49633,0,26.99896
79.61997,26.49633,0,26.99896
79.63997,26.49633,0,26.99896
79.65997,26.49633,0,26.99896
79.67997,26.49633,0,26.99896
79.69997,26.49633,0,26.99896
79.71997,26.49633,0,26.99896
79.73997,26.49633,0,26.99896
79.75997,26.49633,0,26.99896
79.77997,26.49633,0,26.99896
79.79997,26.49633,0,26.99896
79.81997,26.49633,0,26.99896
79.83997,26.49633,0,26.99896
79.85997,26.49633,0,26.99896
79.87997,26.49633,0,26.99896
79.89997,26.49633,0,26.99896
79.91998,26.49633,0,26.99896
79.93997,26.49633,0,26.99896
79.95997,26.49633,0,26.99896
79.97997,26.49633,0,26.99896
79.99997,26.49633,0,26.99896
80.01997,26.49633,0,26.99896
80.03997,26.49633,0,26.99896
80.05997,26.49633,0,26.99896
80.07997,26.49633,0,26.99896
80.09997,26.49633,0,26.99896
80.11997,26.49633,0,26.99896
80.13997,26.49633,0,26.99896
80.15997,26.49633,0,26.99896
80.17997,26.49633,0,26.99896
80.19997,26.49633,0,26.99896
80.21997,26.49633,0,26.99896
80.23997,26.49633,0,26.99896
80.25997,26.49633,0,26.99896
80.27997,26.49633,0,26.99896
80.29997,26.49633,0,26.99896
80.31997,26.49633,0,26.99896
80.33997,26.49633,0,26.99896
80.35997,26.49633,0,26.99896
80.37997,26.49633,0,26.99896
80.39997,26.49633,0,26.99896
80.41998,26.49633,0,26.99896
80.43997,26.49633,0,26.99896
80.45997,26.49633,0,26.99896
80.47997,26.49633,0,26.99896
80.49997,26.49633,0,26.99896
80.51997,26.49633,0,26.99896
80.53997,26.49633,0,26.99896
80.55997,26.49633,0,26.99896
80.57997,26.49633,0,26.99896
80.59997,26.49633,0,26.99896
80.61997,26.49633,0,26.99896
80.63997,26.49633,0,26.99896
80.65997,26.49633,0,26.99896
80.67997,26.49633,0,26.99896
80.69997,26.49633,0,26.99896
80.71997,26.49633,0,26.99896
80.73997,26.49633,0,26.99896
80.75997,26.49633,0,26.99896
80.77997,26.49633,0,26.99896
80.79997,26.49633,0,26.99896
80.81997,26.49633,0,26.99896
80.83997,26.49633,0,26.99896
80.85997,26.49633,0,26.99896
80.87997,26.49633,0,26.99896
80.89997,26.49633,0,26.99896
80.91997,26.49633,0,26.99896
80.93997,26.49633,0,26.99896
80.95997,26.49633,0,26.99896
80.97997,26.49633,0,26.99896
80.99997,26.49633,0,26.99896
81.01997,26.49633,0,26.99896
81.03997,26.49633,0,26.99896
81.05997,26.49633,0,26.99896
81.07997,26.49633,0,26.99896
81.09997,26.49633,0,26.99896
81.11997,26.49633,0,26.99896
81.13997,26.49633,0,26.99896
81.15997,26.49633,0,26.99896
81.17997,26.49633,0,26.99896
81.19997,26.49633,0,26.99896
81.21997,26.49633,0,26.99896
81.23997,26.49633,0,26.99896
81.25997,26.49633,0,26.99896
81.27997,26.49633,0,26.99896
81.29997,26.49633,0,26.99896
81.31997,26.49633,0,26.99896
81.33997,26.49633,0,26.99896
81.35997,26.49633,0,26.99896
81.37997,26.49633,0,26.99896
81.39997,26.49633,0,26.99896
81.41997,26.49633,0,26.99896
81.43997,26.49633,0,26.99896
81.45997,26.49633,0,26.99896
81.47997,26.49633,0,26.99896
81.49997,26.49633,0,26.99896
81.51997,26.49633,0,26.99896
81.53997,26.49633,0,26.99896
81.55997,26.49633,0,26.99896
81.57997,26.49633,0,26.99896
81.59997,26.49633,0,26.99896
81.61997,26.49633,0,26.99896
81.63997,26.49633,0,26.99896
81.65997,26.49633,0,26.99896
81.67997,26.49633,0,26.99896
81.69997,26.49633,0,26.99896
81.71997,26.49633,0,26.99896
81.73997,26.49633,0,26.99896
81.75997,26.49633,0,26.99896
81.77997,26.49633,0,26.99896
81.79997,26.49633,0,26.99896
81.81997,26.49633,0,26.99896
81.83997,26.49633,0,26.99896
81.85997,26.49633,0,26.99896
81.87997,26.49633,0,26.99896
81.89997,26.49633,0,26.99896
81.91997,26.49633,0,26.99896
81.93997,26.49633,0,26.99896
81.95997,26.49633,0,26.99896
81.97997,26.49633,0,26.99896
81.99997,26.49633,0,26.99896
82.01997,26.49633,0,26.99896
82.03997,26.49633,0,26.99896
82.05997,26.49633,0,26.99896
82.07997,26.49633,0,26.99896
82.09997,26.49633,0,26.99896
82.11997,26.49633,0,26.99896
82.13997,26.49633,0,26.99896
82.15997,26.49633,0,26.99896
82.17997,26.49633,0,26.99896
82.19997,26.49633,0,26.99896
82.21997,26.49633,0,26.99896
82.23997,26.49633,0,26.99896
82.25997,26.49633,0,26.99896
82.27997,26.49633,0,26.99896
82.29997,26.49633,0,26.99896
82.31997,26.49633,0,26.99896
82.33997,26.49633,0,26.99896
82.35997,26.49633,0,26.99896
82.37997,26.49633,0,26.99896
82.39997,26.49633,0,26.99896
82.41997,26.49633,0,26.99896
82.43997,26.49633,0,26.99896
82.45997,26.49633,0,26.99896
82.47997,26.49633,0,26.99896
82.49997,26.49633,0,26.99896
82.51997,26.49633,0,26.99896
82.53997,26.49633,0,26.99896
82.55997,26.49633,0,26.99896
82.57997,26.49633,0,26.99896
82.59997,26.49633,0,26.99896
82.61997,26.49633,0,26.99896
82.63997,26.49633,0,26.99896
82.65997,26.49633,0,26.99896
82.67997,26.49633,0,26.99896
82.69997,26.49633,0,26.99896
82.71997,26.49633,0,26.99896
82.73997,26.49633,0,26.99896
82.75997,26.49633,0,26.99896
82.77997,26.49633,0,26.99896
82.79997,26.49633,0,26.99896
82.81997,26.49633,0,26.99896
82.83997,26.49633,0,26.99896
82.85997,26.49633,0,26.99896
82.87997,26.49633,0,26.99896
82.89997,26.49633,0,26.99896
82.91997,26.49633,0,26.99896
82.93997,26.49633,0,26.99896
82.95997,26.49633,0,26.99896
82.97997,26.49633,0,26.99896
82.99997,26.49633,0,26.99896
83.01997,26.49633,0,26.99896
83.03997,26.49633,0,26.99896
83.05997,26.49633,0,26.99896
83.07997,26.49633,0,26.99896
83.09997,26.49633,0,26.99896
83.11997,26.49633,0,26.99896
83.13997,26.49633,0,26.99896
83.15997,26.49633,0,26.99896
83.17997,26.49633,0,26.99896
83.19997,26.49633,0,26.99896
83.21997,26.49633,0,26.99896
83.23997,26.49633,0,26.99896
83.25997,26.49633,0,26.99896
83.27997,26.49633,0,26.99896
83.29997,26.49633,0,26.99896
83.31997,26.49633,0,26.99896
83.33997,26.49633,0,26.99896
83.35997,26.49633,0,26.99896
83.37997,26.49633,0,26.99896
83.39997,26.49633,0,26.99896
83.41997,26.49633,0,26.99896
83.43997,26.49633,0,26.99896
83.45997,26.49633,0,26.99896
83.47997,26.49633,0,26.99896
83.49997,26.49633,0,26.99896
83.51997,26.49633,0,26.99896
83.53997,26.49633,0,26.99896
83.55997,26.49633,0,26.99896
83.57997,26.49633,0,26.99896
83.59997,26.49633,0,26.99896
83.61997,26.49633,0,26.99896
83.63997,26.49633,0,26.99896
83.65997,26.49633,0,26.99896
83.67997,26.49633,0,26.99896
83.69997,26.49633,0,26.99896
83.71997,26.49633,0,26.99896
83.73997,26.49633,0,26.99896
83.75997,26.49633,0,26.99896
83.77997,26.49633,0,26.99896
83.79997,26.49633,0,26.99896
83.81997,26.49633,0,26.99896
83.83997,26.49633,0,26.99896
83.85997,26.49633,0,26.99896
83.87997,26.49633,0,26.99896
83.89997,26.49633,0,26.99896
83.91997,26.49633,0,26.99896
83.93997,26.49633,0,26.99896
83.95997,26.49633,0,26.99896
83.97997,26.49633,0,26.99896
83.99997,26.49633,0,26.99896
84.01997,26.49633,0,26.99896
84.03997,26.49633,0,26.99896
84.05997,26.49633,0,26.99896
84.07997,26.49633,0,26.99896
84.09997,26.49633,0,26.99896
84.11997,26.49633,0,26.99896
84.13997,26.49633,0,26.99896
84.15997,26.49633,0,26.99896
84.17997,26.49633,0,26.99896
84.19997,26.49633,0,26.99896
84.21997,26.49633,0,26.99896
84.23997,26.49633,0,26.99896
84.25997,26.49633,0,26.99896
84.27997,26.49633,0,26.99896
84.29997,26.49633,0,26.99896
84.31997,26.49633,0,26.99896
84.33997,26.49633,0,26.99896
84.35997,26.49633,0,26.99896
84.37997,26.49633,0,26.99896
84.39997,26.49633,0,26.99896
84.41997,26.49633,0,26.99896
84.43997,26.49633,0,26.99896
84.45997,26.49633,0,26.99896
84.47997,26.49633,0,26.99896
84.49997,26.49633,0,26.99896
84.51997,26.49633,0,26.99896
84.53997,26.49633,0,26.99896
84.55997,26.49633,0,26.99896
84.57997,26.49633,0,26.99896
84.59997,26.49633,0,26.99896
84.61997,26.49633,0,26.99896
84.63997,26.49633,0,26.99896
84.65997,26.49633,0,26.99896
84.67997,26.49633,0,26.99896
84.69997,26.49633,0,26.99896
84.71997,26.49633,0,26.99896
84.73997,26.49633,0,26.99896
84.75997,26.49633,0,26.99896
84.77997,26.49633,0,26.99896
84.79997,26.49633,0,26.99896
84.81997,26.49633,0,26.99896
84.83997,26.49633,0,26.99896
84.85997,26.49633,0,26.99896
84.87997,26.49633,0,26.99896
84.89997,26.49633,0,26.99896
84.91997,26.49633,0,26.99896
84.93997,26.49633,0,26.99896
84.95997,26.49633,0,26.99896
84.97997,26.49633,0,26.99896
84.99997,26.49633,0,26.99896
85.01997,26.49633,0,26.99896
85.03997,26.49633,0,26.99896
85.05997,26.49633,0,26.99896
85.07997,26.49633,0,26.99896
85.09997,26.49633,0,26.99896
85.11997,26.49633,0,26.99896
85.13997,26.49633,0,26.99896
85.15997,26.49633,0,26.99896
85.17997,26.49633,0,26.99896
85.19997,26.49633,0,26.99896
85.21997,26.49633,0,26.99896
85.23997,26.49633,0,26.99896
85.25997,26.49633,0,26.99896
85.27997,26.49633,0,26.99896
85.29997,26.49633,0,26.99896
85.31997,26.49633,0,26.99896
85.33997,26.49633,0,26.99896
85.35997,26.49633,0,26.99896
85.37997,26.49633,0,26.99896
85.39997,26.49633,0,26.99896
85.41997,26.49633,0,26.99896
85.43997,26.49633,0,26.99896
85.45997,26.49633,0,26.99896
85.47997,26.49633,0,26.99896
85.49997,26.49633,0,26.99896
85.51997,26.49633,0,26.99896
85.53997,26.49633,0,26.99896
85.55997,26.49633,0,26.99896
85.57997,26.49633,0,26.99896
85.59997,26.49633,0,26.99896
85.61997,26.49633,0,26.99896
85.63997,26.49633,0,26.99896
85.65997,26.49633,0,26.99896
85.67997,26.49633,0,26.99896
85.69997,26.49633,0,26.99896
85.71997,26.49633,0,26.99896
85.73997,26.49633,0,26.99896
85.75997,26.49633,0,26.99896
85.77997,26.49633,0,26.99896
85.79997,26.49633,0,26.99896
85.81997,26.49633,0,26.99896
85.83997,26.49633,0,26.99896
85.85997,26.49633,0,26.99896
85.87997,26.49633,0,26.99896
85.89997,26.49633,0,26.99896
85.91997,26.49633,0,26.99896
85.93997,26.49633,0,26.99896
85.95997,26.49633,0,26.99896
85.97997,26.49633,0,26.99896
85.99997,26.49633,0,26.99896
86.01997,26.49633,0,26.99896
86.03997,26.49633,0,26.99896
86.05997,26.49633,0,26.99896
86.07997,26.49633,0,26.99896
86.09997,26.49633,0,26.99896
86.11997,26.49633,0,26.99896
86.13997,26.49633,0,26.99896
86.15997,26.49633,0,26.99896
86.17997,26.49633,0,26.99896
86.19997,26.49633,0,26.99896
86.21997,26.49633,0,26.99896
86.23997,26.49633,0,26.99896
86.25997,26.49633,0,26.99896
86.27997,26.49633,0,26.99896
86.29997,26.49633,0,26.99896
86.31997,26.49633,0,26.99896
86.33997,26.49633,0,26.99896
86.35997,26.49633,0,26.99896
86.37997,26.49633,0,26.99896
86.39997,26.49633,0,26.99896
86.41997,26.49633,0,26.99896
86.43997,26.49633,0,26.99896
86.45997,26.49633,0,26.99896
86.47997,26.49633,0,26.99896
86.49997,26.49633,0,26.99896
86.51997,26.49633,0,26.99896
86.53997,26.49633,0,26.99896
86.55997,26.49633,0,26.99896
86.57997,26.49633,0,26.99896
86.59997,26.49633,0,26.99896
86.61997,26.49633,0,26.99896
86.63997,26.49633,0,26.99896
86.65997,26.49633,0,26.99896
86.67997,26.49633,0,26.99896
86.69997,26.49633,0,26.99896
86.71997,26.49633,0,26.99896
86.73997,26.49633,0,26.99896
86.75997,26.49633,0,26.99896
86.77997,26.49633,0,26.99896
86.79997,26.49633,0,26.99896
86.81997,26.49633,0,26.99896
86.83997,26.49633,0,26.99896
86.85997,26.49633,0,26.99896
86.87997,26.49633,0,26.99896
86.89997,26.49633,0,26.99896
86.91997,26.49633,0,26.99896
86.93997,26.49633,0,26.99896
86.95997,26.49633,0,26.99896
86.97997,26.49633,0,26.99896
86.99997,26.49633,0,26.99896
87.01997,26.49633,0,26.99896
87.03997,26.49633,0,26.99896
87.05997,26.49633,0,26.99896
87.07997,26.49633,0,26.99896
87.09997,26.49633,0,26.99896
87.11997,26.49633,0,26.99896
87.13997,26.49633,0,26.99896
87.15997,26.49633,0,26.99896
87.17997,26.49633,0,26.99896
87.19997,26.49633,0,26.99896
87.21997,26.49633,0,26.99896
87.23997,26.49633,0,26.99896
87.25997,26.49633,0,26.99896
87.27997,26.49633,0,26.99896
87.29997,26.49633,0,26.99896
87.31997,26.49633,0,26.99896
87.33997,26.49633,0,26.99896
87.35997,26.49633,0,26.99896
87.37997,26.49633,0,26.99896
87.39997,26.49633,0,26.99896
87.41997,26.49633,0,26.99896
87.43997,26.49633,0,26.99896
87.45997,26.49633,0,26.99896
87.47997,26.49633,0,26.99896
87.49997,26.49633,0,26.99896
87.51997,26.49633,0,26.99896
87.53997,26.49633,0,26.99896
87.55997,26.49633,0,26.99896
87.57997,26.49633,0,26.99896
87.59997,26.49633,0,26.99896
87.61997,26.49633,0,26.99896
87.63997,26.49633,0,26.99896
87.65997,26.49633,0,26.99896
87.67997,26.49633,0,26.99896
87.69997,26.49633,0,26.99896
87.71997,26.49633,0,26.99896
87.73997,26.49633,0,26.99896
87.75997,26.49633,0,26.99896
87.77997,26.49633,0,26.99896
87.79997,26.49633,0,26.99896
87.81997,26.49633,0,26.99896
87.83997,26.49633,0,26.99896
87.85997,26.49633,0,26.99896
87.87997,26.49633,0,26.99896
87.89997,26.49633,0,26.99896
87.91997,26.49633,0,26.99896
87.93997,26.49633,0,26.99896
87.95997,26.49633,0,26.99896
87.97997,26.49633,0,26.99896
87.99997,26.49633,0,26.99896
88.01997,26.49633,0,26.99896
88.03997,26.49633,0,26.99896
88.05997,26.49633,0,26.99896
88.07997,26.49633,0,26.99896
88.09997,26.49633,0,26.99896
88.11997,26.49633,0,26.99896
88.13997,26.49633,0,26.99896
88.15997,26.49633,0,26.99896
88.17997,26.49633,0,26.99896
88.19997,26.49633,0,26.99896
88.21997,26.49633,0,26.99896
88.23997,26.49633,0,26.99896
88.25997,26.49633,0,26.99896
88.27997,26.49633,0,26.99896
88.29996,26.49633,0,26.99896
88.31997,26.49633,0,26.99896
88.33997,26.49633,0,26.99896
88.35997,26.49633,0,26.99896
88.37997,26.49633,0,26.99896
88.39997,26.49633,0,26.99896
88.41997,26.49633,0,26.99896
88.43997,26.49633,0,26.99896
88.45997,26.49633,0,26.99896
88.47997,26.49633,0,26.99896
88.49997,26.49633,0,26.99896
88.51997,26.49633,0,26.99896
88.53997,26.49633,0,26.99896
88.55997,26.49633,0,26.99896
88.57997,26.49633,0,26.99896
88.59997,26.49633,0,26.99896
88.61997,26.49633,0,26.99896
88.63997,26.49633,0,26.99896
88.65997,26.49633,0,26.99896
88.67997,26.49633,0,26.99896
88.69997,26.49633,0,26.99896
88.71997,26.49633,0,26.99896
88.73997,26.49633,0,26.99896
88.75997,26.49633,0,26.99896
88.77997,26.49633,0,26.99896
88.79996,26.49633,0,26.99896
88.81997,26.49633,0,26.99896
88.83997,26.49633,0,26.99896
88.85997,26.49633,0,26.99896
88.87997,26.49633,0,26.99896
88.89997,26.49633,0,26.99896
88.91997,26.49633,0,26.99896
88.93997,26.49633,0,26.99896
88.95997,26.49633,0,26.99896
88.97997,26.49633,0,26.99896
88.99997,26.49633,0,26.99896
89.01997,26.49633,0,26.99896
89.03997,26.49633,0,26.99896
89.05997,26.49633,0,26.99896
89.07997,26.49633,0,26.99896
89.09997,26.49633,0,26.99896
89.11997,26.49633,0,26.99896
89.13997,26.49633,0,26.99896
89.15997,26.49633,0,26.99896
89.17997,26.49633,0,26.99896
89.19997,26.49633,0,26.99896
89.21997,26.49633,0,26.99896
89.23997,26.49633,0,26.99896
89.25997,26.49633,0,26.99896
89.27997,26.49633,0,26.99896
89.29996,26.49633,0,26.99896
89.31997,26.49633,0,26.99896
89.33997,26.49633,0,26.99896
89.35997,26.49633,0,26.99896
89.37997,26.49633,0,26.99896
89.39997,26.49633,0,26.99896
89.41997,26.49633,0,26.99896
89.43997,26.49633,0,26.99896
89.45997,26.49633,0,26.99896
89.47997,26.49633,0,26.99896
89.49997,26.49633,0,26.99896
89.51997,26.49633,0,26.99896
89.53997,26.49633,0,26.99896
89.55997,26.49633,0,26.99896
89.57997,26.49633,0,26.99896
89.59997,26.49633,0,26.99896
89.61996,26.49633,0,26.99896
89.63997,26.49633,0,26.99896
89.65997,26.49633,0,26.99896
89.67997,26.49633,0,26.99896
89.69997,26.49633,0,26.99896
89.71997,26.49633,0,26.99896
89.73997,26.49633,0,26.99896
89.75997,26.49633,0,26.99896
89.77997,26.49633,0,26.99896
89.79996,26.49633,0,26.99896
89.81997,26.49633,0,26.99896
89.83997,26.49633,0,26.99896
89.85997,26.49633,0,26.99896
89.87997,26.49633,0,26.99896
89.89997,26.49633,0,26.99896
89.91997,26.49633,0,26.99896
89.93997,26.49633,0,26.99896
89.95997,26.49633,0,26.99896
89.97997,26.49633,0,26.99896
89.99997,26.49633,0,26.99896
90.01997,26.49633,0,26.99896
90.03997,26.49633,0,26.99896
90.05997,26.49633,0,26.99896
90.07997,26.49633,0,26.99896
90.09997,26.49633,0,26.99896
90.11996,26.49633,0,26.99896
90.13997,26.49633,0,26.99896
90.15997,26.49633,0,26.99896
90.17997,26.49633,0,26.99896
90.19997,26.49633,0,26.99896
90.21997,26.49633,0,26.99896
90.23997,26.49633,0,26.99896
90.25997,26.49633,0,26.99896
90.27997,26.49633,0,26.99896
90.29996,26.49633,0,26.99896
90.31997,26.49633,0,26.99896
90.33997,26.49633,0,26.99896
90.35997,26.49633,0,26.99896
90.37997,26.49633,0,26.99896
90.39997,26.49633,0,26.99896
90.41997,26.49633,0,26.99896
90.43996,26.49633,0,26.99896
90.45997,26.49633,0,26.99896
90.47997,26.49633,0,26.99896
90.49997,26.49633,0,26.99896
90.51997,26.49633,0,26.99896
90.53997,26.49633,0,26.99896
90.55997,26.49633,0,26.99896
90.57997,26.49633,0,26.99896
90.59997,26.49633,0,26.99896
90.61996,26.49633,0,26.99896
90.63997,26.49633,0,26.99896
90.65997,26.49633,0,26.99896
90.67997,26.49633,0,26.99896
90.69997,26.49633,0,26.99896
90.71997,26.49633,0,26.99896
90.73997,26.49633,0,26.99896
90.75997,26.49633,0,26.99896
90.77997,26.49633,0,26.99896
90.79996,26.49633,0,26.99896
90.81997,26.49633,0,26.99896
90.83997,26.49633,0,26.99896
90.85997,26.49633,0,26.99896
90.87997,26.49633,0,26.99896
90.89997,26.49633,0,26.99896
90.91997,26.49633,0,26.99896
90.93996,26.49633,0,26.99896
90.95997,26.49633,0,26.99896
90.97997,26.49633,0,26.99896
90.99997,26.49633,0,26.99896
91.01997,26.49633,0,26.99896
91.03997,26.49633,0,26.99896
91.05997,26.49633,0,26.99896
91.07997,26.49633,0,26.99896
91.09997,26.49633,0,26.99896
91.11996,26.49633,0,26.99896
91.13997,26.49633,0,26.99896
91.15997,26.49633,0,26.99896
91.17997,26.49633,0,26.99896
91.19997,26.49633,0,26.99896
91.21997,26.49633,0,26.99896
91.23997,26.49633,0,26.99896
91.25996,26.49633,0,26.99896
91.27997,26.49633,0,26.99896
91.29996,26.49633,0,26.99896
91.31997,26.49633,0,26.99896
91.33997,26.49633,0,26.99896
91.35997,26.49633,0,26.99896
91.37997,26.49633,0,26.99896
91.39997,26.49633,0,26.99896
91.41997,26.49633,0,26.99896
91.43996,26.49633,0,26.99896
91.45997,26.49633,0,26.99896
91.47997,26.49633,0,26.99896
91.49997,26.49633,0,26.99896
91.51997,26.49633,0,26.99896
91.53997,26.49633,0,26.99896
91.55997,26.49633,0,26.99896
91.57997,26.49633,0,26.99896
91.59997,26.49633,0,26.99896
91.61996,26.49633,0,26.99896
91.63997,26.49633,0,26.99896
91.65997,26.49633,0,26.99896
91.67997,26.49633,0,26.99896
91.69997,26.49633,0,26.99896
91.71997,26.49633,0,26.99896
91.73997,26.49633,0,26.99896
91.75996,26.49633,0,26.99896
91.77997,26.49633,0,26.99896
91.79996,26.49633,0,26.99896
91.81997,26.49633,0,26.99896
91.83997,26.49633,0,26.99896
91.85997,26.49633,0,26.99896
91.87997,26.49633,0,26.99896
91.89997,26.49633,0,26.99896
91.91997,26.49633,0,26.99896
91.93996,26.49633,0,26.99896
91.95997,26.49633,0,26.99896
91.97997,26.49633,0,26.99896
91.99997,26.49633,0,26.99896
92.01997,26.49633,0,26.99896
92.03997,26.49633,0,26.99896
92.05997,26.49633,0,26.99896
92.07996,26.49633,0,26.99896
92.09997,26.49633,0,26.99896
92.11996,26.49633,0,26.99896
92.13997,26.49633,0,26.99896
92.15997,26.49633,0,26.99896
92.17997,26.49633,0,26.99896
92.19997,26.49633,0,26.99896
92.21997,26.49633,0,26.99896
92.23997,26.49633,0,26.99896
92.25996,26.49633,0,26.99896
92.27997,26.49633,0,26.99896
92.29996,26.49633,0,26.99896
92.31997,26.49633,0,26.99896
92.33997,26.49633,0,26.99896
92.35997,26.49633,0,26.99896
92.37997,26.49633,0,26.99896
92.39997,26.49633,0,26.99896
92.41997,26.49633,0,26.99896
92.43996,26.49633,0,26.99896
92.45997,26.49633,0,26.99896
92.47997,26.49633,0,26.99896
92.49997,26.49633,0,26.99896
92.51997,26.49633,0,26.99896
92.53997,26.49633,0,26.99896
92.55997,26.49633,0,26.99896
92.57996,26.49633,0,26.99896
92.59997,26.49633,0,26.99896
92.61996,26.49633,0,26.99896
92.63997,26.49633,0,26.99896
92.65997,26.49633,0,26.99896
92.67997,26.49633,0,26.99896
92.69997,26.49633,0,26.99896
92.71997,26.49633,0,26.99896
92.73997,26.49633,0,26.99896
92.75996,26.49633,0,26.99896
92.77997,26.49633,0,26.99896
92.79996,26.49633,0,26.99896
92.81997,26.49633,0,26.99896
92.83997,26.49633,0,26.99896
92.85997,26.49633,0,26.99896
92.87997,26.49633,0,26.99896
92.89996,26.49633,0,26.99896
92.91997,26.49633,0,26.99896
92.93996,26.49633,0,26.99896
92.95997,26.49633,0,26.99896
92.97997,26.49633,0,26.99896
92.99997,26.49633,0,26.99896
93.01997,26.49633,0,26.99896
93.03997,26.49633,0,26.99896
93.05997,26.49633,0,26.99896
93.07996,26.49633,0,26.99896
93.09997,26.49633,0,26.99896
93.11996,26.49633,0,26.99896
93.13997,26.49633,0,26.99896
93.15997,26.49633,0,26.99896
93.17997,26.49633,0,26.99896
93.19997,26.49633,0,26.99896
93.21997,26.49633,0,26.99896
93.23997,26.49633,0,26.99896
93.25996,26.49633,0,26.99896
93.27997,26.49633,0,26.99896
93.29996,26.49633,0,26.99896
93.31997,26.49633,0,26.99896
93.33997,26.49633,0,26.99896
93.35997,26.49633,0,26.99896
93.37997,26.49633,0,26.99896
93.39996,26.49633,0,26.99896
93.41997,26.49633,0,26.99896
93.43996,26.49633,0,26.99896
93.45997,26.49633,0,26.99896
93.47997,26.49633,0,26.99896
93.49997,26.49633,0,26.99896
93.51997,26.49633,0,26.99896
93.53997,26.49633,0,26.99896
93.55997,26.49633,0,26.99896
93.57996,26.49633,0,26.99896
93.59997,26.49633,0,26.99896
93.61996,26.49633,0,26.99896
93.63997,26.49633,0,26.99896
93.65997,26.49633,0,26.99896
93.67997,26.49633,0,26.99896
93.69997,26.49633,0,26.99896
93.71996,26.49633,0,26.99896
93.73997,26.49633,0,26.99896
93.75996,26.49633,0,26.99896
93.77997,26.49633,0,26.99896
93.79996,26.49633,0,26.99896
93.81997,26.49633,0,26.99896
93.83997,26.49633,0,26.99896
93.85997,26.49633,0,26.99896
93.87997,26.49633,0,26.99896
93.89996,26.49633,0,26.99896
93.91997,26.49633,0,26.99896
93.93996,26.49633,0,26.99896
93.95997,26.49633,0,26.99896
93.97997,26.49633,0,26.99896
93.99997,26.49633,0,26.99896
94.01997,26.49633,0,26.99896
94.03997,26.49633,0,26.99896
94.05997,26.49633,0,26.99896
94.07996,26.49633,0,26.99896
94.09997,26.49633,0,26.99896
94.11996,26.49633,0,26.99896
94.13997,26.49633,0,26.99896
94.15997,26.49633,0,26.99896
94.17997,26.49633,0,26.99896
94.19997,26.49633,0,26.99896
94.21996,26.49633,0,26.99896
94.23997,26.49633,0,26.99896
94.25996,26.49633,0,26.99896
94.27997,26.49633,0,26.99896
94.29996,26.49633,0,26.99896
94.31997,26.49633,0,26.99896
94.33997,26.49633,0,26.99896
94.35997,26.49633,0,26.99896
94.37997,26.49633,0,26.99896
94.39996,26.49633,0,26.99896
94.41997,26.49633,0,26.99896
94.43996,26.49633,0,26.99896
94.45997,26.49633,0,26.99896
94.47997,26.49633,0,26.99896
94.49997,26.49633,0,26.99896
94.51997,26.49633,0,26.99896
94.53996,26.49633,0,26.99896
94.55997,26.49633,0,26.99896
94.57996,26.49633,0,26.99896
94.59997,26.49633,0,26.99896
94.61996,26.49633,0,26.99896
94.63997,26.49633,0,26.99896
94.65997,26.49633,0,26.99896
94.67997,26.49633,0,26.99896
94.69997,26.49633,0,26.99896
94.71996,26.49633,0,26.99896
94.73997,26.49633,0,26.99896
94.75996,26.49633,0,26.99896
94.77997,26.49633,0,26.99896
94.79996,26.49633,0,26.99896
94.81997,26.49633,0,26.99896
94.83997,26.49633,0,26.99896
94.85997,26.49633,0,26.99896
94.87997,26.49633,0,26.99896
94.89996,26.49633,0,26.99896
94.91997,26.49633,0,26.99896
94.93996,26.49633,0,26.99896
94.95997,26.49633,0,26.99896
94.97997,26.49633,0,26.99896
94.99997,26.49633,0,26.99896
95.01997,26.49633,0,26.99896
95.03996,26.49633,0,26.99896
95.05997,26.49633,0,26.99896
95.07996,26.49633,0,26.99896
95.09997,26.49633,0,26.99896
95.11996,26.49633,0,26.99896
95.13997,26.49633,0,26.99896
95.15997,26.49633,0,26.99896
95.17997,26.49633,0,26.99896
95.19997,26.49633,0,26.99896
95.21996,26.49633,0,26.99896
95.23997,26.49633,0,26.99896
95.25996,26.49633,0,26.99896
95.27997,26.49633,0,26.99896
95.29996,26.49633,0,26.99896
95.31997,26.49633,0,26.99896
95.33997,26.49633,0,26.99896
95.35996,26.49633,0,26.99896
95.37997,26.49633,0,26.99896
95.39996,26.49633,0,26.99896
95.41997,26.49633,0,26.99896
95.43996,26.49633,0,26.99896
95.45997,26.49633,0,26.99896
95.47997,26.49633,0,26.99896
95.49997,26.49633,0,26.99896
95.51997,26.49633,0,26.99896
95.53996,26.49633,0,26.99896
95.55997,26.49633,0,26.99896
95.57996,26.49633,0,26.99896
95.59997,26.49633,0,26.99896
95.61996,26.49633,0,26.99896
95.63997,26.49633,0,26.99896
95.65997,26.49633,0,26.99896
95.67997,26.49633,0,26.99896
95.69997,26.49633,0,26.99896
95.71996,26.49633,0,26.99896
95.73997,26.49633,0,26.99896
95.75996,26.49633,0,26.99896
95.77997,26.49633,0,26.99896
95.79996,26.49633,0,26.99896
95.81997,26.49633,0,26.99896
95.83997,26.49633,0,26.99896
95.85996,26.49633,0,26.99896
95.87997,26.49633,0,26.99896
95.89996,26.49633,0,26.99896
95.91997,26.49633,0,26.99896
95.93996,26.49633,0,26.99896
95.95997,26.49633,0,26.99896
95.97997,26.49633,0,26.99896
95.99997,26.49633,0,26.99896
96.01997,26.49633,0,26.99896
96.03996,26.49633,0,26.99896
96.05997,26.49633,0,26.99896
96.07996,26.49633,0,26.99896
96.09997,26.49633,0,26.99896
96.11996,26.49633,0,26.99896
96.13997,26.49633,0,26.99896
96.15997,26.49633,0,26.99896
96.17996,26.49633,0,26.99896
96.19997,26.49633,0,26.99896
96.21996,26.49633,0,26.99896
96.23997,26.49633,0,26.99896
96.25996,26.49633,0,26.99896
96.27997,26.49633,0,26.99896
96.29996,26.49633,0,26.99896
96.31997,26.49633,0,26.99896
96.33997,26.49633,0,26.99896
96.35996,26.49633,0,26.99896
96.37997,26.49633,0,26.99896
96.39996,26.49633,0,26.99896
96.41997,26.49633,0,26.99896
96.43996,26.49633,0,26.99896
96.45997,26.49633,0,26.99896
96.47997,26.49633,0,26.99896
96.49997,26.49633,0,26.99896
96.51997,26.49633,0,26.99896
96.53996,26.49633,0,26.99896
96.55997,26.49633,0,26.99896
96.57996,26.49633,0,26.99896
96.59997,26.49633,0,26.99896
96.61996,26.49633,0,26.99896
96.63997,26.49633,0,26.99896
96.65997,26.49633,0,26.99896
96.67996,26.49633,0,26.99896
96.69997,26.49633,0,26.99896
96.71996,26.49633,0,26.99896
96.73997,26.49633,0,26.99896
96.75996,26.49633,0,26.99896
96.77997,26.49633,0,26.99896
96.79996,26.49633,0,26.99896
96.81997,26.49633,0,26.99896
96.83997,26.49633,0,26.99896
96.85996,26.49633,0,26.99896
96.87997,26.49633,0,26.99896
96.89996,26.49633,0,26.99896
96.91997,26.49633,0,26.99896
96.93996,26.49633,0,26.99896
96.95997,26.49633,0,26.99896
96.97997,26.49633,0,26.99896
96.99996,26.49633,0,26.99896
97.01997,26.49633,0,26.99896
97.03996,26.49633,0,26.99896
97.05997,26.49633,0,26.99896
97.07996,26.49633,0,26.99896
97.09997,26.49633,0,26.99896
97.11996,26.49633,0,26.99896
97.13997,26.49633,0,26.99896
97.15997,26.49633,0,26.99896
97.17996,26.49633,0,26.99896
97.19997,26.49633,0,26.99896
97.21996,26.49633,0,26.99896
97.23997,26.49633,0,26.99896
97.25996,26.49633,0,26.99896
97.27997,26.49633,0,26.99896
97.29996,26.49633,0,26.99896
97.31997,26.49633,0,26.99896
97.33997,26.49633,0,26.99896
97.35996,26.49633,0,26.99896
97.37997,26.49633,0,26.99896
97.39996,26.49633,0,26.99896
97.41997,26.49633,0,26.99896
97.43996,26.49633,0,26.99896
97.45997,26.49633,0,26.99896
97.47997,26.49633,0,26.99896
97.49996,26.49633,0,26.99896
97.51997,26.49633,0,26.99896
97.53996,26.49633,0,26.99896
97.55997,26.49633,0,26.99896
97.57996,26.49633,0,26.99896
97.59997,26.49633,0,26.99896
97.61996,26.49633,0,26.99896
97.63997,26.49633,0,26.99896
97.65997,26.49633,0,26.99896
97.67996,26.49633,0,26.99896
97.69997,26.49633,0,26.99896
97.71996,26.49633,0,26.99896
97.73997,26.49633,0,26.99896
97.75996,26.49633,0,26.99896
97.77997,26.49633,0,26.99896
97.79996,26.49633,0,26.99896
97.81996,26.49633,0,26.99896
97.83997,26.49633,0,26.99896
97.85996,26.49633,0,26.99896
97.87997,26.49633,0,26.99896
97.89996,26.49633,0,26.99896
97.91997,26.49633,0,26.99896
97.93996,26.49633,0,26.99896
97.95997,26.49633,0,26.99896
97.97997,26.49633,0,26.99896
97.99996,26.49633,0,26.99896
98.01997,26.49633,0,26.99896
98.03996,26.49633,0,26.99896
98.05997,26.49633,0,26.99896
98.07996,26.49633,0,26.99896
98.09997,26.49633,0,26.99896
98.11996,26.49633,0,26.99896
98.13997,26.49633,0,26.99896
98.15997,26.49633,0,26.99896
98.17996,26.49633,0,26.99896
98.19997,26.49633,0,26.99896
98.21996,26.49633,0,26.99896
98.23997,26.49633,0,26.99896
98.25996,26.49633,0,26.99896
98.27997,26.49633,0,26.99896
98.29996,26.49633,0,26.99896
98.31996,26.49633,0,26.99896
98.33997,26.49633,0,26.99896
98.35996,26.49633,0,26.99896
98.37997,26.49633,0,26.99896
98.39996,26.49633,0,26.99896
98.41997,26.49633,0,26.99896
98.43996,26.49633,0,26.99896
98.45997,26.49633,0,26.99896
98.47997,26.49633,0,26.99896
98.49996,26.49633,0,26.99896
98.51997,26.49633,0,26.99896
98.53996,26.49633,0,26.99896
98.55997,26.49633,0,26.99896
98.57996,26.49633,0,26.99896
98.59997,26.49633,0,26.99896
98.61996,26.49633,0,26.99896
98.63996,26.49633,0,26.99896
98.65997,26.49633,0,26.99896
98.67996,26.49633,0,26.99896
98.69997,26.49633,0,26.99896
98.71996,26.49633,0,26.99896
98.73997,26.49633,0,26.99896
98.75996,26.49633,0,26.99896
98.77997,26.49633,0,26.99896
98.79996,26.49633,0,26.99896
98.81996,26.49633,0,26.99896
98.83997,26.49633,0,26.99896
98.85996,26.49633,0,26.99896
98.87997,26.49633,0,26.99896
98.89996,26.49633,0,26.99896
98.91997,26.49633,0,26.99896
98.93996,26.49633,0,26.99896
98.95997,26.49633,0,26.99896
98.97997,26.49633,0,26.99896
98.99996,26.49633,0,26.99896
99.01997,26.49633,0,26.99896
99.03996,26.49633,0,26.99896
99.05997,26.49633,0,26.99896
99.07996,26.49633,0,26.99896
99.09997,26.49633,0,26.99896
99.11996,26.49633,0,26.99896
99.13996,26.49633,0,26.99896
99.15997,26.49633,0,26.99896
99.17996,26.49633,0,26.99896
99.19997,26.49633,0,26.99896
99.21996,26.49633,0,26.99896
99.23997,26.49633,0,26.99896
99.25996,26.49633,0,26.99896
99.27997,26.49633,0,26.99896
99.29996,26.49633,0,26.99896
99.31996,26.49633,0,26.99896
99.33997,26.49633,0,26.99896
99.35996,26.49633,0,26.99896
99.37997,26.49633,0,26.99896
99.39996,26.49633,0,26.99896
99.41997,26.49633,0,26.99896
99.43996,26.49633,0,26.99896
99.45997,26.49633,0,26.99896
99.47997,26.49633,0,26.99896
99.49996,26.49633,0,26.99896
99.51997,26.49633,0,26.99896
99.53996,26.49633,0,26.99896
99.55997,26.49633,0,26.99896
99.57996,26.49633,0,26.99896
99.59997,26.49633,0,26.99896
99.61996,26.49633,0,26.99896
99.63996,26.49633,0,26.99896
99.65997,26.49633,0,26.99896
99.67996,26.49633,0,26.99896
99.69997,26.49633,0,26.99896
99.71996,26.49633,0,26.99896
99.73997,26.49633,0,26.99896
99.75996,26.49633,0,26.99896
99.77997,26.49633,0,26.99896
99.79996,26.49633,0,26.99896
99.81996,26.49633,0,26.99896
99.83997,26.49633,0,26.99896
99.85996,26.49633,0,26.99896
99.87997,26.49633,0,26.99896
99.89996,26.49633,0,26.99896
99.91997,26.49633,0,26.99896
99.93996,26.49633,0,26.99896
99.95996,26.49633,0,26.99896
99.97997,26.49633,0,26.99896
99.99996,26.49633,0,26.99896
100.02,26.49633,0,26.99896
100.04,26.49633,0,26.99896
100.06,26.49633,0,26.99896
100.08,26.49633,0,26.99896
100.1,26.49633,0,26.99896
100.12,26.49633,0,26.99896
100.14,26.49633,0,26.99896
100.16,26.49633,0,26.99896
100.18,26.49633,0,26.99896
100.2,26.49633,0,26.99896
100.22,26.49633,0,26.99896
100.24,26.49633,0,26.99896
100.26,26.49633,0,26.99896
100.28,26.49633,0,26.99896
100.3,26.49633,0,26.99896
100.32,26.49633,0,26.99896
100.34,26.49633,0,26.99896
100.36,26.49633,0,26.99896
100.38,26.49633,0,26.99896
100.4,26.49633,0,26.99896
100.42,26.49633,0,26.99896
100.44,26.49633,0,26.99896
100.46,26.49633,0,26.99896
100.48,26.49633,0,26.99896
100.5,26.49633,0,26.99896
100.52,26.49633,0,26.99896
100.54,26.49633,0,26.99896
100.56,26.49633,0,26.99896
100.58,26.49633,0,26.99896
100.6,26.49633,0,26.99896
100.62,26.49633,0,26.99896
100.64,26.49633,0,26.99896
100.66,26.49633,0,26.99896
100.68,26.49633,0,26.99896
100.7,26.49633,0,26.99896
100.72,26.49633,0,26.99896
100.74,26.49633,0,26.99896
100.76,26.49633,0,26.99896
100.78,26.49633,0,26.99896
100.8,26.49633,0,26.99896
100.82,26.49633,0,26.99896
100.84,26.49633,0,26.99896
100.86,26.49633,0,26.99896
100.88,26.49633,0,26.99896
100.9,26.49633,0,26.99896
100.92,26.49633,0,26.99896
100.94,26.49633,0,26.99896
100.96,26.49633,0,26.99896
100.98,26.49633,0,26.99896
101,26.49633,0,26.99896
101.02,26.49633,0,26.99896
101.04,26.49633,0,26.99896
101.06,26.49633,0,26.99896
101.08,26.49633,0,26.99896
101.1,26.49633,0,26.99896
101.12,26.49633,0,26.99896
101.14,26.49633,0,26.99896
101.16,26.49633,0,26.99896
101.18,26.49633,0,26.99896
101.2,26.49633,0,26.99896
101.22,26.49633,0,26.99896
101.24,26.49633,0,26.99896
101.26,26.49633,0,26.99896
101.28,26.49633,0,26.99896
101.3,26.49633,0,26.99896
101.32,26.49633,0,26.99896
101.34,26.49633,0,26.99896
101.36,26.49633,0,26.99896
101.38,26.49633,0,26.99896
101.4,26.49633,0,26.99896
101.42,26.49633,0,26.99896
101.44,26.49633,0,26.99896
101.46,26.49633,0,26.99896
101.48,26.49633,0,26.99896
101.5,26.49633,0,26.99896
101.52,26.49633,0,26.99896
101.54,26.49633,0,26.99896
101.56,26.49633,0,26.99896
101.58,26.49633,0,26.99896
101.6,26.49633,0,26.99896
101.62,26.49633,0,26.99896
101.64,26.49633,0,26.99896
101.66,26.49633,0,26.99896
101.68,26.49633,0,26.99896
101.7,26.49633,0,26.99896
101.72,26.49633,0,26.99896
101.74,26.49633,0,26.99896
101.76,26.49633,0,26.99896
101.78,26.49633,0,26.99896
101.8,26.49633,0,26.99896
101.82,26.49633,0,26.99896
101.84,26.49633,0,26.99896
101.86,26.49633,0,26.99896
101.88,26.49633,0,26.99896
101.9,26.49633,0,26.99896
101.92,26.49633,0,26.99896
101.94,26.49633,0,26.99896
101.96,26.49633,0,26.99896
101.98,26.49633,0,26.99896
102,26.49633,0,26.99896
102.02,26.49633,0,26.99896
102.04,26.49633,0,26.99896
102.06,26.49633,0,26.99896
102.08,26.49633,0,26.99896
102.1,26.49633,0,26.99896
102.12,26.49633,0,26.99896
102.14,26.49633,0,26.99896
102.16,26.49633,0,26.99896
102.18,26.49633,0,26.99896
102.2,26.49633,0,26.99896
102.22,26.49633,0,26.99896
102.24,26.49633,0,26.99896
102.26,26.49633,0,26.99896
102.28,26.49633,0,26.99896
102.3,26.49633,0,26.99896
102.32,26.49633,0,26.99896
102.34,26.49633,0,26.99896
102.36,26.49633,0,26.99896
102.38,26.49633,0,26.99896
102.4,26.49633,0,26.99896
102.42,26.49633,0,26.99896
102.44,26.49633,0,26.99896
102.46,26.49633,0,26.99896
102.48,26.49633,0,26.99896
102.5,26.49633,0,26.99896
102.52,26.49633,0,26.99896
102.54,26.49633,0,26.99896
102.56,26.49633,0,26.99896
102.58,26.49633,0,26.99896
102.6,26.49633,0,26.99896
102.62,26.49633,0,26.99896
102.64,26.49633,0,26.99896
102.66,26.49633,0,26.99896
102.68,26.49633,0,26.99896
102.7,26.49633,0,26.99896
102.72,26.49633,0,26.99896
102.74,26.49633,0,26.99896
102.76,26.49633,0,26.99896
102.78,26.49633,0,26.99896
102.8,26.49633,0,26.99896
102.82,26.49633,0,26.99896
102.84,26.49633,0,26.99896
102.86,26.49633,0,26.99896
102.88,26.49633,0,26.99896
102.9,26.49633,0,26.99896
102.92,26.49633,0,26.99896
102.94,26.49633,0,26.99896
102.96,26.49633,0,26.99896
102.98,26.49633,0,26.99896
103,26.49633,0,26.99896
103.02,26.49633,0,26.99896
103.04,26.49633,0,26.99896
103.06,26.49633,0,26.99896
103.08,26.49633,0,26.99896
103.1,26.49633,0,26.99896
103.12,26.49633,0,26.99896
103.14,26.49633,0,26.99896
103.16,26.49633,0,26.99896
103.18,26.49633,0,26.99896
103.2,26.49633,0,26.99896
103.22,26.49633,0,26.99896
103.24,26.49633,0,26.99896
103.26,26.49633,0,26.99896
103.28,26.49633,0,26.99896
103.3,26.49633,0,26.99896
103.32,26.49633,0,26.99896
103.34,26.49633,0,26.99896
103.36,26.49633,0,26.99896
103.38,26.49633,0,26.99896
103.4,26.49633,0,26.99896
103.42,26.49633,0,26.99896
103.44,26.49633,0,26.99896
103.46,26.49633,0,26.99896
103.48,26.49633,0,26.99896
103.5,26.49633,0,26.99896
103.52,26.49633,0,26.99896
103.54,26.49633,0,26.99896
103.56,26.49633,0,26.99896
103.58,26.49633,0,26.99896
103.6,26.49633,0,26.99896
103.62,26.49633,0,26.99896
103.64,26.49633,0,26.99896
103.66,26.49633,0,26.99896
103.68,26.49633,0,26.99896
103.7,26.49633,0,26.99896
103.72,26.49633,0,26.99896
103.74,26.49633,0,26.99896
103.76,26.49633,0,26.99896
103.78,26.49633,0,26.99896
103.8,26.49633,0,26.99896
103.82,26.49633,0,26.99896
103.84,26.49633,0,26.99896
103.86,26.49633,0,26.99896
103.88,26.49633,0,26.99896
103.9,26.49633,0,26.99896
103.92,26.49633,0,26.99896
103.94,26.49633,0,26.99896
103.96,26.49633,0,26.99896
103.98,26.49633,0,26.99896
104,26.49633,0,26.99896
104.02,26.49633,0,26.99896
104.04,26.49633,0,26.99896
104.06,26.49633,0,26.99896
104.08,26.49633,0,26.99896
104.1,26.49633,0,26.99896
104.12,26.49633,0,26.99896
104.14,26.49633,0,26.99896
104.16,26.49633,0,26.99896
104.18,26.49633,0,26.99896
104.2,26.49633,0,26.99896
104.22,26.49633,0,26.99896
104.24,26.49633,0,26.99896
104.26,26.49633,0,26.99896
104.28,26.49633,0,26.99896
104.3,26.49633,0,26.99896
104.32,26.49633,0,26.99896
104.34,26.49633,0,26.99896
104.36,26.49633,0,26.99896
104.38,26.49633,0,26.99896
104.4,26.49633,0,26.99896
104.42,26.49633,0,26.99896
104.44,26.49633,0,26.99896
104.46,26.49633,0,26.99896
104.48,26.49633,0,26.99896
104.5,26.49633,0,26.99896
104.52,26.49633,0,26.99896
104.54,26.49633,0,26.99896
104.56,26.49633,0,26.99896
104.58,26.49633,0,26.99896
104.6,26.49633,0,26.99896
104.62,26.49633,0,26.99896
104.64,26.49633,0,26.99896
104.66,26.49633,0,26.99896
104.68,26.49633,0,26.99896
104.7,26.49633,0,26.99896
104.72,26.49633,0,26.99896
104.74,26.49633,0,26.99896
104.76,26.49633,0,26.99896
104.78,26.49633,0,26.99896
104.8,26.49633,0,26.99896
104.82,26.49633,0,26.99896
104.84,26.49633,0,26.99896
104.86,26.49633,0,26.99896
104.88,26.49633,0,26.99896
104.9,26.49633,0,26.99896
104.92,26.49633,0,26.99896
104.94,26.49633,0,26.99896
104.96,26.49633,0,26.99896
104.98,26.49633,0,26.99896
105,26.49633,0,26.99896
105.02,26.49633,0,26.99896
105.04,26.49633,0,26.99896
105.06,26.49633,0,26.99896
105.08,26.49633,0,26.99896
105.1,26.49633,0,26.99896
105.12,26.49633,0,26.99896
105.14,26.49633,0,26.99896
105.16,26.49633,0,26.99896
105.18,26.49633,0,26.99896
105.2,26.49633,0,26.99896
105.22,26.49633,0,26.99896
105.24,26.49633,0,26.99896
105.26,26.49633,0,26.99896
105.28,26.49633,0,26.99896
105.3,26.49633,0,26.99896
105.32,26.49633,0,26.99896
105.34,26.49633,0,26.99896
105.36,26.49633,0,26.99896
105.38,26.49633,0,26.99896
105.4,26.49633,0,26.99896
105.42,26.49633,0,26.99896
105.44,26.49633,0,26.99896
105.46,26.49633,0,26.99896
105.48,26.49633,0,26.99896
105.5,26.49633,0,26.99896
105.52,26.49633,0,26.99896
105.54,26.49633,0,26.99896
105.56,26.49633,0,26.99896
105.58,26.49633,0,26.99896
105.6,26.49633,0,26.99896
105.62,26.49633,0,26.99896
105.64,26.49633,0,26.99896
105.66,26.49633,0,26.99896
105.68,26.49633,0,26.99896
105.7,26.49633,0,26.99896
105.72,26.49633,0,26.99896
105.74,26.49633,0,26.99896
105.76,26.49633,0,26.99896
105.78,26.49633,0,26.99896
105.8,26.49633,0,26.99896
105.82,26.49633,0,26.99896
105.84,26.49633,0,26.99896
105.86,26.49633,0,26.99896
105.88,26.49633,0,26.99896
105.9,26.49633,0,26.99896
105.92,26.49633,0,26.99896
105.94,26.49633,0,26.99896
105.96,26.49633,0,26.99896
105.98,26.49633,0,26.99896
106,26.49633,0,26.99896
106.02,26.49633,0,26.99896
106.04,26.49633,0,26.99896
106.06,26.49633,0,26.99896
106.08,26.49633,0,26.99896
106.1,26.49633,0,26.99896
106.12,26.49633,0,26.99896
106.14,26.49633,0,26.99896
106.16,26.49633,0,26.99896
106.18,26.49633,0,26.99896
106.2,26.49633,0,26.99896
106.22,26.49633,0,26.99896
106.24,26.49633,0,26.99896
106.26,26.49633,0,26.99896
106.28,26.49633,0,26.99896
106.3,26.49633,0,26.99896
106.32,26.49633,0,26.99896
106.34,26.49633,0,26.99896
106.36,26.49633,0,26.99896
106.38,26.49633,0,26.99896
106.4,26.49633,0,26.99896
106.42,26.49633,0,26.99896
106.44,26.49633,0,26.99896
106.46,26.49633,0,26.99896
106.48,26.49633,0,26.99896
106.5,26.49633,0,26.99896
106.52,26.49633,0,26.99896
106.54,26.49633,0,26.99896
106.56,26.49633,0,26.99896
106.58,26.49633,0,26.99896
106.6,26.49633,0,26.99896
106.62,26.49633,0,26.99896
106.64,26.49633,0,26.99896
106.66,26.49633,0,26.99896
106.68,26.49633,0,26.99896
106.7,26.49633,0,26.99896
106.72,26.49633,0,26.99896
106.74,26.49633,0,26.99896
106.76,26.49633,0,26.99896
106.78,26.49633,0,26.99896
106.8,26.49633,0,26.99896
106.82,26.49633,0,26.99896
106.84,26.49633,0,26.99896
106.86,26.49633,0,26.99896
106.88,26.49633,0,26.99896
106.9,26.49633,0,26.99896
106.92,26.49633,0,26.99896
106.94,26.49633,0,26.99896
106.96,26.49633,0,26.99896
106.98,26.49633,0,26.99896
107,26.49633,0,26.99896
107.02,26.49633,0,26.99896
107.04,26.49633,0,26.99896
107.06,26.49633,0,26.99896
107.08,26.49633,0,26.99896
107.1,26.49633,0,26.99896
107.12,26.49633,0,26.99896
107.14,26.49633,0,26.99896
107.16,26.49633,0,26.99896
107.18,26.49633,0,26.99896
107.2,26.49633,0,26.99896
107.22,26.49633,0,26.99896
107.24,26.49633,0,26.99896
107.26,26.49633,0,26.99896
107.28,26.49633,0,26.99896
107.3,26.49633,0,26.99896
107.32,26.49633,0,26.99896
107.34,26.49633,0,26.99896
107.36,26.49633,0,26.99896
107.38,26.49633,0,26.99896
107.4,26.49633,0,26.99896
107.42,26.49633,0,26.99896
107.44,26.49633,0,26.99896
107.46,26.49633,0,26.99896
107.48,26.49633,0,26.99896
107.5,26.49633,0,26.99896
107.52,26.49633,0,26.99896
107.54,26.49633,0,26.99896
107.56,26.49633,0,26.99896
107.58,26.49633,0,26.99896
107.6,26.49633,0,26.99896
107.62,26.49633,0,26.99896
107.64,26.49633,0,26.99896
107.66,26.49633,0,26.99896
107.68,26.49633,0,26.99896
107.7,26.49633,0,26.99896
107.72,26.49633,0,26.99896
107.74,26.49633,0,26.99896
107.76,26.49633,0,26.99896
107.78,26.49633,0,26.99896
107.8,26.49633,0,26.99896
107.82,26.49633,0,26.99896
107.84,26.49633,0,26.99896
107.86,26.49633,0,26.99896
107.88,26.49633,0,26.99896
107.9,26.49633,0,26.99896
107.92,26.49633,0,26.99896
107.94,26.49633,0,26.99896
107.96,26.49633,0,26.99896
107.98,26.49633,0,26.99896
108,26.49633,0,26.99896
108.02,26.49633,0,26.99896
108.04,26.49633,0,26.99896
108.06,26.49633,0,26.99896
108.08,26.49633,0,26.99896
108.1,26.49633,0,26.99896
108.12,26.49633,0,26.99896
108.14,26.49633,0,26.99896
108.16,26.49633,0,26.99896
108.18,26.49633,0,26.99896
108.2,26.49633,0,26.99896
108.22,26.49633,0,26.99896
108.24,26.49633,0,26.99896
108.26,26.49633,0,26.99896
108.28,26.49633,0,26.99896
108.3,26.49633,0,26.99896
108.32,26.49633,0,26.99896
108.34,26.49633,0,26.99896
108.36,26.49633,0,26.99896
108.38,26.49633,0,26.99896
108.4,26.49633,0,26.99896
108.42,26.49633,0,26.99896
108.44,26.49633,0,26.99896
108.46,26.49633,0,26.99896
108.48,26.49633,0,26.99896
108.5,26.49633,0,26.99896
108.52,26.49633,0,26.99896
108.54,26.49633,0,26.99896
108.56,26.49633,0,26.99896
108.58,26.49633,0,26.99896
108.6,26.49633,0,26.99896
108.62,26.49633,0,26.99896
108.64,26.49633,0,26.99896
108.66,26.49633,0,26.99896
108.68,26.49633,0,26.99896
108.7,26.49633,0,26.99896
108.72,26.49633,0,26.99896
108.74,26.49633,0,26.99896
108.76,26.49633,0,26.99896
108.78,26.49633,0,26.99896
108.8,26.49633,0,26.99896
108.82,26.49633,0,26.99896
108.84,26.49633,0,26.99896
108.86,26.49633,0,26.99896
108.88,26.49633,0,26.99896
108.9,26.49633,0,26.99896
108.92,26.49633,0,26.99896
108.94,26.49633,0,26.99896
108.96,26.49633,0,26.99896
108.98,26.49633,0,26.99896
109,26.49633,0,26.99896
109.02,26.49633,0,26.99896
109.04,26.49633,0,26.99896
109.06,26.49633,0,26.99896
109.08,26.49633,0,26.99896
109.1,26.49633,0,26.99896
109.12,26.49633,0,26.99896
109.14,26.49633,0,26.99896
109.16,26.49633,0,26.99896
109.18,26.49633,0,26.99896
109.2,26.49633,0,26.99896
109.22,26.49633,0,26.99896
109.24,26.49633,0,26.99896
109.26,26.49633,0,26.99896
109.28,26.49633,0,26.99896
109.3,26.49633,0,26.99896
109.32,26.49633,0,26.99896
109.34,26.49633,0,26.99896
109.36,26.49633,0,26.99896
109.38,26.49633,0,26.99896
109.4,26.49633,0,26.99896
109.42,26.49633,0,26.99896
109.44,26.49633,0,26.99896
109.46,26.49633,0,26.99896
109.48,26.49633,0,26.99896
109.5,26.49633,0,26.99896
109.52,26.49633,0,26.99896
109.54,26.49633,0,26.99896
109.56,26.49633,0,26.99896
109.58,26.49633,0,26.99896
109.6,26.49633,0,26.99896
109.62,26.49633,0,26.99896
109.64,26.49633,0,26.99896
109.66,26.49633,0,26.99896
109.68,26.49633,0,26.99896
109.7,26.49633,0,26.99896
109.72,26.49633,0,26.99896
109.74,26.49633,0,26.99896
109.76,26.49633,0,26.99896
109.78,26.49633,0,26.99896
109.8,26.49633,0,26.99896
109.82,26.49633,0,26.99896
109.84,26.49633,0,26.99896
109.86,26.49633,0,26.99896
109.88,26.49633,0,26.99896
109.9,26.49633,0,26.99896
109.92,26.49633,0,26.99896
109.94,26.49633,0,26.99896
109.96,26.49633,0,26.99896
109.98,26.49633,0,26.99896
110,26.49633,0,26.99896
110.02,26.49633,0,26.99896
110.04,26.49633,0,26.99896
110.06,26.49633,0,26.99896
110.08,26.49633,0,26.99896
110.1,26.49633,0,26.99896
110.12,26.49633,0,26.99896
110.14,26.49633,0,26.99896
110.16,26.49633,0,26.99896
110.18,26.49633,0,26.99896
110.2,26.49633,0,26.99896
110.22,26.49633,0,26.99896
110.24,26.49633,0,26.99896
110.26,26.49633,0,26.99896
110.28,26.49633,0,26.99896
110.3,26.49633,0,26.99896
110.32,26.49633,0,26.99896
110.34,26.49633,0,26.99896
110.36,26.49633,0,26.99896
110.38,26.49633,0,26.99896
110.4,26.49633,0,26.99896
110.42,26.49633,0,26.99896
110.44,26.49633,0,26.99896
110.46,26.49633,0,26.99896
110.48,26.49633,0,26.99896
110.5,26.49633,0,26.99896
110.52,26.49633,0,26.99896
110.54,26.49633,0,26.99896
110.56,26.49633,0,26.99896
110.58,26.49633,0,26.99896
110.6,26.49633,0,26.99896
110.62,26.49633,0,26.99896
110.64,26.49633,0,26.99896
110.66,26.49633,0,26.99896
110.68,26.49633,0,26.99896
110.7,26.49633,0,26.99896
110.72,26.49633,0,26.99896
110.74,26.49633,0,26.99896
110.76,26.49633,0,26.99896
110.78,26.49633,0,26.99896
110.8,26.49633,0,26.99896
110.82,26.49633,0,26.99896
110.84,26.49633,0,26.99896
110.86,26.49633,0,26.99896
110.88,26.49633,0,26.99896
110.9,26.49633,0,26.99896
110.92,26.49633,0,26.99896
110.94,26.49633,0,26.99896
110.96,26.49633,0,26.99896
110.98,26.49633,0,26.99896
111,26.49633,0,26.99896
111.02,26.49633,0,26.99896
111.04,26.49633,0,26.99896
111.06,26.49633,0,26.99896
111.08,26.49633,0,26.99896
111.1,26.49633,0,26.99896
111.12,26.49633,0,26.99896
111.14,26.49633,0,26.99896
111.16,26.49633,0,26.99896
111.18,26.49633,0,26.99896
111.2,26.49633,0,26.99896
111.22,26.49633,0,26.99896
111.24,26.49633,0,26.99896
111.26,26.49633,0,26.99896
111.28,26.49633,0,26.99896
111.3,26.49633,0,26.99896
111.32,26.49633,0,26.99896
111.34,26.49633,0,26.99896
111.36,26.49633,0,26.99896
111.38,26.49633,0,26.99896
111.4,26.49633,0,26.99896
111.42,26.49633,0,26.99896
111.44,26.49633,0,26.99896
111.46,26.49633,0,26.99896
111.48,26.49633,0,26.99896
111.5,26.49633,0,26.99896
111.52,26.49633,0,26.99896
111.54,26.49633,0,26.99896
111.56,26.49633,0,26.99896
111.58,26.49633,0,26.99896
111.6,26.49633,0,26.99896
111.62,26.49633,0,26.99896
111.64,26.49633,0,26.99896
111.66,26.49633,0,26.99896
111.68,26.49633,0,26.99896
111.7,26.49633,0,26.99896
111.72,26.49633,0,26.99896
111.74,26.49633,0,26.99896
111.76,26.49633,0,26.99896
111.78,26.49633,0,26.99896
111.8,26.49633,0,26.99896
111.82,26.49633,0,26.99896
111.84,26.49633,0,26.99896
111.86,26.49633,0,26.99896
111.88,26.49633,0,26.99896
111.9,26.49633,0,26.99896
111.92,26.49633,0,26.99896
111.94,26.49633,0,26.99896
111.96,26.49633,0,26.99896
111.98,26.49633,0,26.99896
112,26.49633,0,26.99896
112.02,26.49633,0,26.99896
112.04,26.49633,0,26.99896
112.06,26.49633,0,26.99896
112.08,26.49633,0,26.99896
112.1,26.49633,0,26.99896
112.12,26.49633,0,26.99896
112.14,26.49633,0,26.99896
112.16,26.49633,0,26.99896
112.18,26.49633,0,26.99896
112.2,26.49633,0,26.99896
112.22,26.49633,0,26.99896
112.24,26.49633,0,26.99896
112.26,26.49633,0,26.99896
112.28,26.49633,0,26.99896
112.3,26.49633,0,26.99896
112.32,26.49633,0,26.99896
112.34,26.49633,0,26.99896
112.36,26.49633,0,26.99896
112.38,26.49633,0,26.99896
112.4,26.49633,0,26.99896
112.42,26.49633,0,26.99896
112.44,26.49633,0,26.99896
112.46,26.49633,0,26.99896
112.48,26.49633,0,26.99896
112.5,26.49633,0,26.99896
112.52,26.49633,0,26.99896
112.54,26.49633,0,26.99896
112.56,26.49633,0,26.99896
112.58,26.49633,0,26.99896
112.6,26.49633,0,26.99896
112.62,26.49633,0,26.99896
112.64,26.49633,0,26.99896
112.66,26.49633,0,26.99896
112.68,26.49633,0,26.99896
112.7,26.49633,0,26.99896
112.72,26.49633,0,26.99896
112.74,26.49633,0,26.99896
112.76,26.49633,0,26.99896
112.78,26.49633,0,26.99896
112.8,26.49633,0,26.99896
112.82,26.49633,0,26.99896
112.84,26.49633,0,26.99896
112.86,26.49633,0,26.99896
112.88,26.49633,0,26.99896
112.9,26.49633,0,26.99896
112.92,26.49633,0,26.99896
112.94,26.49633,0,26.99896
112.96,26.49633,0,26.99896
112.98,26.49633,0,26.99896
113,26.49633,0,26.99896
113.02,26.49633,0,26.99896
113.04,26.49633,0,26.99896
113.06,26.49633,0,26.99896
113.08,26.49633,0,26.99896
113.1,26.49633,0,26.99896
113.12,26.49633,0,26.99896
113.14,26.49633,0,26.99896
113.16,26.49633,0,26.99896
113.18,26.49633,0,26.99896
113.2,26.49633,0,26.99896
113.22,26.49633,0,26.99896
113.24,26.49633,0,26.99896
113.26,26.49633,0,26.99896
113.28,26.49633,0,26.99896
113.3,26.49633,0,26.99896
113.32,26.49633,0,26.99896
113.34,26.49633,0,26.99896
113.36,26.49633,0,26.99896
113.38,26.49633,0,26.99896
113.4,26.49633,0,26.99896
113.42,26.49633,0,26.99896
113.44,26.49633,0,26.99896
113.46,26.49633,0,26.99896
113.48,26.49633,0,26.99896
113.5,26.49633,0,26.99896
113.52,26.49633,0,26.99896
113.54,26.49633,0,26.99896
113.56,26.49633,0,26.99896
113.58,26.49633,0,26.99896
113.6,26.49633,0,26.99896
113.62,26.49633,0,26.99896
113.64,26.49633,0,26.99896
113.66,26.49633,0,26.99896
113.68,26.49633,0,26.99896
113.7,26.49633,0,26.99896
113.72,26.49633,0,26.99896
113.74,26.49633,0,26.99896
113.76,26.49633,0,26.99896
113.78,26.49633,0,26.99896
113.8,26.49633,0,26.99896
113.82,26.49633,0,26.99896
113.84,26.49633,0,26.99896
113.86,26.49633,0,26.99896
113.88,26.49633,0,26.99896
113.9,26.49633,0,26.99896
113.92,26.49633,0,26.99896
113.94,26.49633,0,26.99896
113.96,26.49633,0,26.99896
113.98,26.49633,0,26.99896
114,26.49633,0,26.99896
114.02,26.49633,0,26.99896
114.04,26.49633,0,26.99896
114.06,26.49633,0,26.99896
114.08,26.49633,0,26.99896
114.1,26.49633,0,26.99896
114.12,26.49633,0,26.99896
114.14,26.49633,0,26.99896
114.16,26.49633,0,26.99896
114.18,26.49633,0,26.99896
114.2,26.49633,0,26.99896
114.22,26.49633,0,26.99896
114.24,26.49633,0,26.99896
114.26,26.49633,0,26.99896
114.28,26.49633,0,26.99896
114.3,26.49633,0,26.99896
114.32,26.49633,0,26.99896
114.34,26.49633,0,26.99896
114.36,26.49633,0,26.99896
114.38,26.49633,0,26.99896
114.4,26.49633,0,26.99896
114.42,26.49633,0,26.99896
114.44,26.49633,0,26.99896
114.46,26.49633,0,26.99896
114.48,26.49633,0,26.99896
114.5,26.49633,0,26.99896
114.52,26.49633,0,26.99896
114.54,26.49633,0,26.99896
114.56,26.49633,0,26.99896
114.58,26.49633,0,26.99896
114.6,26.49633,0,26.99896
114.62,26.49633,0,26.99896
114.64,26.49633,0,26.99896
114.66,26.49633,0,26.99896
114.68,26.49633,0,26.99896
114.7,26.49633,0,26.99896
114.72,26.49633,0,26.99896
114.74,26.49633,0,26.99896
114.76,26.49633,0,26.99896
114.78,26.49633,0,26.99896
114.8,26.49633,0,26.99896
114.82,26.49633,0,26.99896
114.84,26.49633,0,26.99896
114.86,26.49633,0,26.99896
114.88,26.49633,0,26.99896
114.9,26.49633,0,26.99896
114.92,26.49633,0,26.99896
114.94,26.49633,0,26.99896
114.96,26.49633,0,26.99896
114.98,26.49633,0,26.99896
115,26.49633,0,26.99896
115.02,26.49633,0,26.99896
115.04,26.49633,0,26.99896
115.06,26.49633,0,26.99896
115.08,26.49633,0,26.99896
115.1,26.49633,0,26.99896
115.12,26.49633,0,26.99896
115.14,26.49633,0,26.99896
115.16,26.49633,0,26.99896
115.18,26.49633,0,26.99896
115.2,26.49633,0,26.99896
115.22,26.49633,0,26.99896
115.24,26.49633,0,26.99896
115.26,26.49633,0,26.99896
115.28,26.49633,0,26.99896
115.3,26.49633,0,26.99896
115.32,26.49633,0,26.99896
115.34,26.49633,0,26.99896
115.36,26.49633,0,26.99896
115.38,26.49633,0,26.99896
115.4,26.49633,0,26.99896
115.42,26.49633,0,26.99896
115.44,26.49633,0,26.99896
115.46,26.49633,0,26.99896
115.48,26.49633,0,26.99896
115.5,26.49633,0,26.99896
115.52,26.49633,0,26.99896
115.54,26.49633,0,26.99896
115.56,26.49633,0,26.99896
115.58,26.49633,0,26.99896
115.6,26.49633,0,26.99896
115.62,26.49633,0,26.99896
115.64,26.49633,0,26.99896
115.66,26.49633,0,26.99896
115.68,26.49633,0,26.99896
115.7,26.49633,0,26.99896
115.72,26.49633,0,26.99896
115.74,26.49633,0,26.99896
115.76,26.49633,0,26.99896
115.78,26.49633,0,26.99896
115.8,26.49633,0,26.99896
115.82,26.49633,0,26.99896
115.84,26.49633,0,26.99896
115.86,26.49633,0,26.99896
115.88,26.49633,0,26.99896
115.9,26.49633,0,26.99896
115.92,26.49633,0,26.99896
115.94,26.49633,0,26.99896
115.96,26.49633,0,26.99896
115.98,26.49633,0,26.99896
116,26.49633,0,26.99896
116.02,26.49633,0,26.99896
116.04,26.49633,0,26.99896
116.06,26.49633,0,26.99896
116.08,26.49633,0,26.99896
116.1,26.49633,0,26.99896
116.12,26.49633,0,26.99896
116.14,26.49633,0,26.99896
116.16,26.49633,0,26.99896
116.18,26.49633,0,26.99896
116.2,26.49633,0,26.99896
116.22,26.49633,0,26.99896
116.24,26.49633,0,26.99896
116.26,26.49633,0,26.99896
116.28,26.49633,0,26.99896
116.3,26.49633,0,26.99896
116.32,26.49633,0,26.99896
116.34,26.49633,0,26.99896
116.36,26.49633,0,26.99896
116.38,26.49633,0,26.99896
116.4,26.49633,0,26.99896
116.42,26.49633,0,26.99896
116.44,26.49633,0,26.99896
116.46,26.49633,0,26.99896
116.48,26.49633,0,26.99896
116.5,26.49633,0,26.99896
116.52,26.49633,0,26.99896
116.54,26.49633,0,26.99896
116.56,26.49633,0,26.99896
116.58,26.49633,0,26.99896
116.6,26.49633,0,26.99896
116.62,26.49633,0,26.99896
116.64,26.49633,0,26.99896
116.66,26.49633,0,26.99896
116.68,26.49633,0,26.99896
116.7,26.49633,0,26.99896
116.72,26.49633,0,26.99896
116.74,26.49633,0,26.99896
116.76,26.49633,0,26.99896
116.78,26.49633,0,26.99896
116.8,26.49633,0,26.99896
116.82,26.49633,0,26.99896
116.84,26.49633,0,26.99896
116.86,26.49633,0,26.99896
116.88,26.49633,0,26.99896
116.9,26.49633,0,26.99896
116.92,26.49633,0,26.99896
116.94,26.49633,0,26.99896
116.96,26.49633,0,26.99896
116.98,26.49633,0,26.99896
117,26.49633,0,26.99896
117.02,26.49633,0,26.99896
117.04,26.49633,0,26.99896
117.06,26.49633,0,26.99896
117.08,26.49633,0,26.99896
117.1,26.49633,0,26.99896
117.12,26.49633,0,26.99896
117.14,26.49633,0,26.99896
117.16,26.49633,0,26.99896
117.18,26.49633,0,26.99896
117.2,26.49633,0,26.99896
117.22,26.49633,0,26.99896
117.24,26.49633,0,26.99896
117.26,26.49633,0,26.99896
117.28,26.49633,0,26.99896
117.3,26.49633,0,26.99896
117.32,26.49633,0,26.99896
117.34,26.49633,0,26.99896
117.36,26.49633,0,26.99896
117.38,26.49633,0,26.99896
117.4,26.49633,0,26.99896
117.42,26.49633,0,26.99896
117.44,26.49633,0,26.99896
117.46,26.49633,0,26.99896
117.48,26.49633,0,26.99896
117.5,26.49633,0,26.99896
117.52,26.49633,0,26.99896
117.54,26.49633,0,26.99896
117.56,26.49633,0,26.99896
117.58,26.49633,0,26.99896
117.6,26.49633,0,26.99896
117.62,26.49633,0,26.99896
117.64,26.49633,0,26.99896
117.66,26.49633,0,26.99896
117.68,26.49633,0,26.99896
117.7,26.49633,0,26.99896
117.72,26.49633,0,26.99896
117.74,26.49633,0,26.99896
117.76,26.49633,0,26.99896
117.78,26.49633,0,26.99896
117.8,26.49633,0,26.99896
117.82,26.49633,0,26.99896
117.84,26.49633,0,26.99896
117.86,26.49633,0,26.99896
117.88,26.49633,0,26.99896
117.9,26.49633,0,26.99896
117.92,26.49633,0,26.99896
117.94,26.49633,0,26.99896
117.96,26.49633,0,26.99896
117.98,26.49633,0,26.99896
118,26.49633,0,26.99896
118.02,26.49633,0,26.99896
118.04,26.49633,0,26.99896
118.06,26.49633,0,26.99896
118.08,26.49633,0,26.99896
118.1,26.49633,0,26.99896
118.12,26.49633,0,26.99896
118.14,26.49633,0,26.99896
118.16,26.49633,0,26.99896
118.18,26.49633,0,26.99896
118.2,26.49633,0,26.99896
118.22,26.49633,0,26.99896
118.24,26.49633,0,26.99896
118.26,26.49633,0,26.99896
118.28,26.49633,0,26.99896
118.3,26.49633,0,26.99896
118.32,26.49633,0,26.99896
118.34,26.49633,0,26.99896
118.36,26.49633,0,26.99896
118.38,26.49633,0,26.99896
118.4,26.49633,0,26.99896
118.42,26.49633,0,26.99896
118.44,26.49633,0,26.99896
118.46,26.49633,0,26.99896
118.48,26.49633,0,26.99896
118.5,26.49633,0,26.99896
118.52,26.49633,0,26.99896
118.54,26.49633,0,26.99896
118.56,26.49633,0,26.99896
118.58,26.49633,0,26.99896
118.6,26.49633,0,26.99896
118.62,26.49633,0,26.99896
118.64,26.49633,0,26.99896
118.66,26.49633,0,26.99896
118.68,26.49633,0,26.99896
118.7,26.49633,0,26.99896
118.72,26.49633,0,26.99896
118.74,26.49633,0,26.99896
118.76,26.49633,0,26.99896
118.78,26.49633,0,26.99896
118.8,26.49633,0,26.99896
118.82,26.49633,0,26.99896
118.84,26.49633,0,26.99896
118.86,26.49633,0,26.99896
118.88,26.49633,0,26.99896
118.9,26.49633,0,26.99896
118.92,26.49633,0,26.99896
118.94,26.49633,0,26.99896
118.96,26.49633,0,26.99896
118.98,26.49633,0,26.99896
119,26.49633,0,26.99896
119.02,26.49633,0,26.99896
119.04,26.49633,0,26.99896
119.06,26.49633,0,26.99896
119.08,26.49633,0,26.99896
119.1,26.49633,0,26.99896
119.12,26.49633,0,26.99896
119.14,26.49633,0,26.99896
119.16,26.49633,0,26.99896
119.18,26.49633,0,26.99896
119.2,26.49633,0,26.99896
119.22,26.49633,0,26.99896
119.24,26.49633,0,26.99896
119.26,26.49633,0,26.99896
119.28,26.49633,0,26.99896
119.3,26.49633,0,26.99896
119.32,26.49633,0,26.99896
119.34,26.49633,0,26.99896
119.36,26.49633,0,26.99896
119.38,26.49633,0,26.99896
119.4,26.49633,0,26.99896
119.42,26.49633,0,26.99896
119.44,26.49633,0,26.99896
119.46,26.49633,0,26.99896
119.48,26.49633,0,26.99896
119.5,26.49633,0,26.99896
119.52,26.49633,0,26.99896
119.54,26.49633,0,26.99896
119.56,26.49633,0,26.99896
119.58,26.49633,0,26.99896
119.6,26.49633,0,26.99896
119.62,26.49633,0,26.99896
119.64,26.49633,0,26.99896
119.66,26.49633,0,26.99896
119.68,26.49633,0,26.99896
119.7,26.49633,0,26.99896
119.72,26.49633,0,26.99896
119.74,26.49633,0,26.99896
119.76,26.49633,0,26.99896
119.78,26.49633,0,26.99896
119.8,26.49633,0,26.99896
119.82,26.49633,0,26.99896
119.84,26.49633,0,26.99896
119.86,26.49633,0,26.99896
119.88,26.49633,0,26.99896
119.9,26.49633,0,26.99896
119.92,26.49633,0,26.99896
119.94,26.49633,0,26.99896
119.96,26.49633,0,26.99896
119.98,26.49633,0,26.99896
120,26.49633,0,26.99896
120.02,26.49633,0,26.99896
120.04,26.49633,0,26.99896
120.06,26.49633,0,26.99896
120.08,26.49633,0,26.99896
120.1,26.49633,0,26.99896
120.12,26.49633,0,26.99896
120.14,26.49633,0,26.99896
120.16,26.49633,0,26.99896
120.18,26.49633,0,26.99896
120.2,26.49633,0,26.99896
120.22,26.49633,0,26.99896
120.24,26.49633,0,26.99896
120.26,26.49633,0,26.99896
120.28,26.49633,0,26.99896
120.3,26.49633,0,26.99896
120.32,26.49633,0,26.99896
120.34,26.49633,0,26.99896
120.36,26.49633,0,26.99896
120.38,26.49633,0,26.99896
120.4,26.49633,0,26.99896
120.42,26.49633,0,26.99896
120.44,26.49633,0,26.99896
120.46,26.49633,0,26.99896
120.48,26.49633,0,26.99896
120.5,26.49633,0,26.99896
120.52,26.49633,0,26.99896
120.54,26.49633,0,26.99896
120.56,26.49633,0,26.99896
120.58,26.49633,0,26.99896
120.6,26.49633,0,26.99896
120.62,26.49633,0,26.99896
120.64,26.49633,0,26.99896
120.66,26.49633,0,26.99896
120.68,26.49633,0,26.99896
120.7,26.49633,0,26.99896
120.72,26.49633,0,26.99896
120.74,26.49633,0,26.99896
120.76,26.49633,0,26.99896
120.78,26.49633,0,26.99896
120.8,26.49633,0,26.99896
120.82,26.49633,0,26.99896
120.84,26.49633,0,26.99896
120.86,26.49633,0,26.99896
120.88,26.49633,0,26.99896
120.9,26.49633,0,26.99896
120.92,26.49633,0,26.99896
120.94,26.49633,0,26.99896
120.96,26.49633,0,26.99896
120.98,26.49633,0,26.99896
121,26.49633,0,26.99896
121.02,26.49633,0,26.99896
121.04,26.49633,0,26.99896
121.06,26.49633,0,26.99896
121.08,26.49633,0,26.99896
121.1,26.49633,0,26.99896
121.12,26.49633,0,26.99896
121.14,26.49633,0,26.99896
121.16,26.49633,0,26.99896
121.18,26.49633,0,26.99896
121.2,26.49633,0,26.99896
121.22,26.49633,0,26.99896
121.24,26.49633,0,26.99896
121.26,26.49633,0,26.99896
121.28,26.49633,0,26.99896
121.3,26.49633,0,26.99896
121.32,26.49633,0,26.99896
121.34,26.49633,0,26.99896
121.36,26.49633,0,26.99896
121.38,26.49633,0,26.99896
121.4,26.49633,0,26.99896
121.42,26.49633,0,26.99896
121.44,26.49633,0,26.99896
121.46,26.49633,0,26.99896
121.48,26.49633,0,26.99896
121.5,26.49633,0,26.99896
121.52,26.49633,0,26.99896
121.54,26.49633,0,26.99896
121.56,26.49633,0,26.99896
121.58,26.49633,0,26.99896
121.6,26.49633,0,26.99896
121.62,26.49633,0,26.99896
121.64,26.49633,0,26.99896
121.66,26.49633,0,26.99896
121.68,26.49633,0,26.99896
121.7,26.49633,0,26.99896
121.72,26.49633,0,26.99896
121.74,26.49633,0,26.99896
121.76,26.49633,0,26.99896
121.78,26.49633,0,26.99896
121.8,26.49633,0,26.99896
121.82,26.49633,0,26.99896
121.84,26.49633,0,26.99896
121.86,26.49633,0,26.99896
121.88,26.49633,0,26.99896
121.9,26.49633,0,26.99896
121.92,26.49633,0,26.99896
121.94,26.49633,0,26.99896
121.96,26.49633,0,26.99896
121.98,26.49633,0,26.99896
122,26.49633,0,26.99896
122.02,26.49633,0,26.99896
122.04,26.49633,0,26.99896
122.06,26.49633,0,26.99896
122.08,26.49633,0,26.99896
122.1,26.49633,0,26.99896
122.12,26.49633,0,26.99896
122.14,26.49633,0,26.99896
122.16,26.49633,0,26.99896
122.18,26.49633,0,26.99896
122.2,26.49633,0,26.99896
122.22,26.49633,0,26.99896
122.24,26.49633,0,26.99896
122.26,26.49633,0,26.99896
122.28,26.49633,0,26.99896
122.3,26.49633,0,26.99896
122.32,26.49633,0,26.99896
122.34,26.49633,0,26.99896
122.36,26.49633,0,26.99896
122.38,26.49633,0,26.99896
122.4,26.49633,0,26.99896
122.42,26.49633,0,26.99896
122.44,26.49633,0,26.99896
122.46,26.49633,0,26.99896
122.48,26.49633,0,26.99896
122.5,26.49633,0,26.99896
122.52,26.49633,0,26.99896
122.54,26.49633,0,26.99896
122.56,26.49633,0,26.99896
122.58,26.49633,0,26.99896
122.6,26.49633,0,26.99896
122.62,26.49633,0,26.99896
122.64,26.49633,0,26.99896
122.66,26.49633,0,26.99896
122.68,26.49633,0,26.99896
122.7,26.49633,0,26.99896
122.72,26.49633,0,26.99896
122.74,26.49633,0,26.99896
122.76,26.49633,0,26.99896
122.78,26.49633,0,26.99896
122.8,26.49633,0,26.99896
122.82,26.49633,0,26.99896
122.84,26.49633,0,26.99896
122.86,26.49633,0,26.99896
122.88,26.49633,0,26.99896
122.9,26.49633,0,26.99896
122.92,26.49633,0,26.99896
122.94,26.49633,0,26.99896
122.96,26.49633,0,26.99896
122.98,26.49633,0,26.99896
123,26.49633,0,26.99896
123.02,26.49633,0,26.99896
123.04,26.49633,0,26.99896
123.06,26.49633,0,26.99896
123.08,26.49633,0,26.99896
123.1,26.49633,0,26.99896
123.12,26.49633,0,26.99896
123.14,26.49633,0,26.99896
123.16,26.49633,0,26.99896
123.18,26.49633,0,26.99896
123.2,26.49633,0,26.99896
123.22,26.49633,0,26.99896
123.24,26.49633,0,26.99896
123.26,26.49633,0,26.99896
123.28,26.49633,0,26.99896
123.3,26.49633,0,26.99896
123.32,26.49633,0,26.99896
123.34,26.49633,0,26.99896
123.36,26.49633,0,26.99896
123.38,26.49633,0,26.99896
123.4,26.49633,0,26.99896
123.42,26.49633,0,26.99896
123.44,26.49633,0,26.99896
123.46,26.49633,0,26.99896
123.48,26.49633,0,26.99896
123.5,26.49633,0,26.99896
123.52,26.49633,0,26.99896
123.54,26.49633,0,26.99896
123.56,26.49633,0,26.99896
123.58,26.49633,0,26.99896
123.6,26.49633,0,26.99896
123.62,26.49633,0,26.99896
123.64,26.49633,0,26.99896
123.66,26.49633,0,26.99896
123.68,26.49633,0,26.99896
123.7,26.49633,0,26.99896
123.72,26.49633,0,26.99896
123.74,26.49633,0,26.99896
123.76,26.49633,0,26.99896
123.78,26.49633,0,26.99896
123.8,26.49633,0,26.99896
123.82,26.49633,0,26.99896
123.84,26.49633,0,26.99896
123.86,26.49633,0,26.99896
123.88,26.49633,0,26.99896
123.9,26.49633,0,26.99896
123.92,26.49633,0,26.99896
123.94,26.49633,0,26.99896
123.96,26.49633,0,26.99896
123.98,26.49633,0,26.99896
124,26.49633,0,26.99896
124.02,26.49633,0,26.99896
124.04,26.49633,0,26.99896
124.06,26.49633,0,26.99896
124.08,26.49633,0,26.99896
124.1,26.49633,0,26.99896
124.12,26.49633,0,26.99896
124.14,26.49633,0,26.99896
124.16,26.49633,0,26.99896
124.18,26.49633,0,26.99896
124.2,26.49633,0,26.99896
124.22,26.49633,0,26.99896
124.24,26.49633,0,26.99896
124.26,26.49633,0,26.99896
124.28,26.49633,0,26.99896
124.3,26.49633,0,26.99896
124.32,26.49633,0,26.99896
124.34,26.49633,0,26.99896
124.36,26.49633,0,26.99896
124.38,26.49633,0,26.99896
124.4,26.49633,0,26.99896
124.42,26.49633,0,26.99896
124.44,26.49633,0,26.99896
124.46,26.49633,0,26.99896
124.48,26.49633,0,26.99896
124.5,26.49633,0,26.99896
124.52,26.49633,0,26.99896
124.54,26.49633,0,26.99896
124.56,26.49633,0,26.99896
124.58,26.49633,0,26.99896
124.6,26.49633,0,26.99896
124.62,26.49633,0,26.99896
124.64,26.49633,0,26.99896
124.66,26.49633,0,26.99896
124.68,26.49633,0,26.99896
124.7,26.49633,0,26.99896
124.72,26.49633,0,26.99896
124.74,26.49633,0,26.99896
124.76,26.49633,0,26.99896
124.78,26.49633,0,26.99896
124.8,26.49633,0,26.99896
124.82,26.49633,0,26.99896
124.84,26.49633,0,26.99896
124.86,26.49633,0,26.99896
124.88,26.49633,0,26.99896
124.9,26.49633,0,26.99896
124.92,26.49633,0,26.99896
124.94,26.49633,0,26.99896
124.96,26.49633,0,26.99896
124.98,26.49633,0,26.99896
125,26.49633,0,26.99896
125.02,26.49633,0,26.99896
125.04,26.49633,0,26.99896
125.06,26.49633,0,26.99896
125.08,26.49633,0,26.99896
125.1,26.49633,0,26.99896
125.12,26.49633,0,26.99896
125.14,26.49633,0,26.99896
125.16,26.49633,0,26.99896
125.18,26.49633,0,26.99896
125.2,26.49633,0,26.99896
125.22,26.49633,0,26.99896
125.24,26.49633,0,26.99896
125.26,26.49633,0,26.99896
125.28,26.49633,0,26.99896
125.3,26.49633,0,26.99896
125.32,26.49633,0,26.99896
125.34,26.49633,0,26.99896
125.36,26.49633,0,26.99896
125.38,26.49633,0,26.99896
125.4,26.49633,0,26.99896
125.42,26.49633,0,26.99896
125.44,26.49633,0,26.99896
125.46,26.49633,0,26.99896
125.48,26.49633,0,26.99896
125.5,26.49633,0,26.99896
125.52,26.49633,0,26.99896
125.54,26.49633,0,26.99896
125.56,26.49633,0,26.99896
125.58,26.49633,0,26.99896
125.6,26.49633,0,26.99896
125.62,26.49633,0,26.99896
125.64,26.49633,0,26.99896
125.66,26.49633,0,26.99896
125.68,26.49633,0,26.99896
125.7,26.49633,0,26.99896
125.72,26.49633,0,26.99896
125.74,26.49633,0,26.99896
125.76,26.49633,0,26.99896
125.78,26.49633,0,26.99896
125.8,26.49633,0,26.99896
125.82,26.49633,0,26.99896
125.84,26.49633,0,26.99896
125.86,26.49633,0,26.99896
125.88,26.49633,0,26.99896
125.9,26.49633,0,26.99896
125.92,26.49633,0,26.99896
125.94,26.49633,0,26.99896
125.96,26.49633,0,26.99896
125.98,26.49633,0,26.99896
126,26.49633,0,26.99896
126.02,26.49633,0,26.99896
126.04,26.49633,0,26.99896
126.06,26.49633,0,26.99896
126.08,26.49633,0,26.99896
126.1,26.49633,0,26.99896
126.12,26.49633,0,26.99896
126.14,26.49633,0,26.99896
126.16,26.49633,0,26.99896
126.18,26.49633,0,26.99896
126.2,26.49633,0,26.99896
126.22,26.49633,0,26.99896
126.24,26.49633,0,26.99896
126.26,26.49633,0,26.99896
126.28,26.49633,0,26.99896
126.3,26.49633,0,26.99896
126.32,26.49633,0,26.99896
126.34,26.49633,0,26.99896
126.36,26.49633,0,26.99896
126.38,26.49633,0,26.99896
126.4,26.49633,0,26.99896
126.42,26.49633,0,26.99896
126.44,26.49633,0,26.99896
126.46,26.49633,0,26.99896
126.48,26.49633,0,26.99896
126.5,26.49633,0,26.99896
126.52,26.49633,0,26.99896
126.54,26.49633,0,26.99896
126.56,26.49633,0,26.99896
126.58,26.49633,0,26.99896
126.6,26.49633,0,26.99896
126.62,26.49633,0,26.99896
126.64,26.49633,0,26.99896
126.66,26.49633,0,26.99896
126.68,26.49633,0,26.99896
126.7,26.49633,0,26.99896
126.72,26.49633,0,26.99896
126.74,26.49633,0,26.99896
126.76,26.49633,0,26.99896
126.78,26.49633,0,26.99896
126.8,26.49633,0,26.99896
126.82,26.49633,0,26.99896
126.84,26.49633,0,26.99896
126.86,26.49633,0,26.99896
126.88,26.49633,0,26.99896
126.9,26.49633,0,26.99896
126.92,26.49633,0,26.99896
126.94,26.49633,0,26.99896
126.96,26.49633,0,26.99896
126.98,26.49633,0,26.99896
127,26.49633,0,26.99896
127.02,26.49633,0,26.99896
127.04,26.49633,0,26.99896
127.06,26.49633,0,26.99896
127.08,26.49633,0,26.99896
127.1,26.49633,0,26.99896
127.12,26.49633,0,26.99896
127.14,26.49633,0,26.99896
127.16,26.49633,0,26.99896
127.18,26.49633,0,26.99896
127.2,26.49633,0,26.99896
127.22,26.49633,0,26.99896
127.24,26.49633,0,26.99896
127.26,26.49633,0,26.99896
127.28,26.49633,0,26.99896
127.3,26.49633,0,26.99896
127.32,26.49633,0,26.99896
127.34,26.49633,0,26.99896
127.36,26.49633,0,26.99896
127.38,26.49633,0,26.99896
127.4,26.49633,0,26.99896
127.42,26.49633,0,26.99896
127.44,26.49633,0,26.99896
127.46,26.49633,0,26.99896
127.48,26.49633,0,26.99896
127.5,26.49633,0,26.99896
127.52,26.49633,0,26.99896
127.54,26.49633,0,26.99896
127.56,26.49633,0,26.99896
127.58,26.49633,0,26.99896
127.6,26.49633,0,26.99896
127.62,26.49633,0,26.99896
127.64,26.49633,0,26.99896
127.66,26.49633,0,26.99896
127.68,26.49633,0,26.99896
127.7,26.49633,0,26.99896
127.72,26.49633,0,26.99896
127.74,26.49633,0,26.99896
127.76,26.49633,0,26.99896
127.78,26.49633,0,26.99896
127.8,26.49633,0,26.99896
127.82,26.49633,0,26.99896
127.84,26.49633,0,26.99896
127.86,26.49633,0,26.99896
127.88,26.49633,0,26.99896
127.9,26.49633,0,26.99896
127.92,26.49633,0,26.99896
127.94,26.49633,0,26.99896
127.96,26.49633,0,26.99896
127.98,26.49633,0,26.99896
128,26.49633,0,26.99896
128.02,26.49633,0,26.99896
128.0399,26.49633,0,26.99896
128.06,26.49633,0,26.99896
128.08,26.49633,0,26.99896
128.1,26.49633,0,26.99896
128.1199,26.49633,0,26.99896
128.14,26.49633,0,26.99896
128.16,26.49633,0,26.99896
128.18,26.49633,0,26.99896
128.2,26.49633,0,26.99896
128.22,26.49633,0,26.99896
128.24,26.49633,0,26.99896
128.2599,26.49633,0,26.99896
128.28,26.49633,0,26.99896
128.3,26.49633,0,26.99896
128.32,26.49633,0,26.99896
128.34,26.49633,0,26.99896
128.36,26.49633,0,26.99896
128.38,26.49633,0,26.99896
128.3999,26.49633,0,26.99896
128.42,26.49633,0,26.99896
128.44,26.49633,0,26.99896
128.46,26.49633,0,26.99896
128.4799,26.49633,0,26.99896
128.5,26.49633,0,26.99896
128.52,26.49633,0,26.99896
128.5399,26.49633,0,26.99896
128.56,26.49633,0,26.99896
128.58,26.49633,0,26.99896
128.6,26.49633,0,26.99896
128.6199,26.49633,0,26.99896
128.64,26.49633,0,26.99896
128.66,26.49633,0,26.99896
128.6799,26.49633,0,26.99896
128.7,26.49633,0,26.99896
128.72,26.49633,0,26.99896
128.74,26.49633,0,26.99896
128.7599,26.49633,0,26.99896
128.78,26.49633,0,26.99896
128.8,26.49633,0,26.99896
128.82,26.49633,0,26.99896
128.84,26.49633,0,26.99896
128.86,26.49633,0,26.99896
128.88,26.49633,0,26.99896
128.8999,26.49633,0,26.99896
128.92,26.49633,0,26.99896
128.94,26.49633,0,26.99896
128.96,26.49633,0,26.99896
128.9799,26.49633,0,26.99896
129,26.49633,0,26.99896
129.02,26.49633,0,26.99896
129.0399,26.49633,0,26.99896
129.06,26.49633,0,26.99896
129.08,26.49633,0,26.99896
129.1,26.49633,0,26.99896
129.1199,26.49633,0,26.99896
129.14,26.49633,0,26.99896
129.16,26.49633,0,26.99896
129.1799,26.49633,0,26.99896
129.2,26.49633,0,26.99896
129.22,26.49633,0,26.99896
129.24,26.49633,0,26.99896
129.2599,26.49633,0,26.99896
129.28,26.49633,0,26.99896
129.3,26.49633,0,26.99896
129.32,26.49633,0,26.99896
129.34,26.49633,0,26.99896
129.36,26.49633,0,26.99896
129.38,26.49633,0,26.99896
129.3999,26.49633,0,26.99896
129.42,26.49633,0,26.99896
129.44,26.49633,0,26.99896
129.46,26.49633,0,26.99896
129.4799,26.49633,0,26.99896
129.5,26.49633,0,26.99896
129.52,26.49633,0,26.99896
129.5399,26.49633,0,26.99896
129.56,26.49633,0,26.99896
129.58,26.49633,0,26.99896
129.6,26.49633,0,26.99896
129.6199,26.49633,0,26.99896
129.64,26.49633,0,26.99896
129.66,26.49633,0,26.99896
129.6799,26.49633,0,26.99896
129.7,26.49633,0,26.99896
129.72,26.49633,0,26.99896
129.74,26.49633,0,26.99896
129.7599,26.49633,0,26.99896
129.78,26.49633,0,26.99896
129.8,26.49633,0,26.99896
129.82,26.49633,0,26.99896
129.84,26.49633,0,26.99896
129.86,26.49633,0,26.99896
129.88,26.49633,0,26.99896
129.8999,26.49633,0,26.99896
129.92,26.49633,0,26.99896
129.94,26.49633,0,26.99896
129.96,26.49633,0,26.99896
129.9799,26.49633,0,26.99896
130,26.49633,0,26.99896
130.02,26.49633,0,26.99896
130.0399,26.49633,0,26.99896
130.06,26.49633,0,26.99896
130.08,26.49633,0,26.99896
130.1,26.49633,0,26.99896
130.1199,26.49633,0,26.99896
130.14,26.49633,0,26.99896
130.16,26.49633,0,26.99896
130.1799,26.49633,0,26.99896
130.2,26.49633,0,26.99896
130.22,26.49633,0,26.99896
130.24,26.49633,0,26.99896
130.2599,26.49633,0,26.99896
130.28,26.49633,0,26.99896
130.3,26.49633,0,26.99896
130.3199,26.49633,0,26.99896
130.34,26.49633,0,26.99896
130.36,26.49633,0,26.99896
130.38,26.49633,0,26.99896
130.3999,26.49633,0,26.99896
130.42,26.49633,0,26.99896
130.44,26.49633,0,26.99896
130.46,26.49633,0,26.99896
130.4799,26.49633,0,26.99896
130.5,26.49633,0,26.99896
130.52,26.49633,0,26.99896
130.5399,26.49633,0,26.99896
130.56,26.49633,0,26.99896
130.58,26.49633,0,26.99896
130.6,26.49633,0,26.99896
130.6199,26.49633,0,26.99896
130.64,26.49633,0,26.99896
130.66,26.49633,0,26.99896
130.6799,26.49633,0,26.99896
130.7,26.49633,0,26.99896
130.72,26.49633,0,26.99896
130.74,26.49633,0,26.99896
130.7599,26.49633,0,26.99896
130.78,26.49633,0,26.99896
130.8,26.49633,0,26.99896
130.8199,26.49633,0,26.99896
130.84,26.49633,0,26.99896
130.86,26.49633,0,26.99896
130.88,26.49633,0,26.99896
130.8999,26.49633,0,26.99896
130.92,26.49633,0,26.99896
130.94,26.49633,0,26.99896
130.96,26.49633,0,26.99896
130.9799,26.49633,0,26.99896
131,26.49633,0,26.99896
131.02,26.49633,0,26.99896
131.0399,26.49633,0,26.99896
131.06,26.49633,0,26.99896
131.08,26.49633,0,26.99896
131.1,26.49633,0,26.99896
131.1199,26.49633,0,26.99896
131.14,26.49633,0,26.99896
131.16,26.49633,0,26.99896
131.1799,26.49633,0,26.99896
131.2,26.49633,0,26.99896
131.22,26.49633,0,26.99896
131.24,26.49633,0,26.99896
131.2599,26.49633,0,26.99896
131.28,26.49633,0,26.99896
131.3,26.49633,0,26.99896
131.3199,26.49633,0,26.99896
131.34,26.49633,0,26.99896
131.36,26.49633,0,26.99896
131.38,26.49633,0,26.99896
131.3999,26.49633,0,26.99896
131.42,26.49633,0,26.99896
131.44,26.49633,0,26.99896
131.46,26.49633,0,26.99896
131.4799,26.49633,0,26.99896
131.5,26.49633,0,26.99896
131.52,26.49633,0,26.99896
131.5399,26.49633,0,26.99896
131.56,26.49633,0,26.99896
131.58,26.49633,0,26.99896
131.6,26.49633,0,26.99896
131.6199,26.49633,0,26.99896
131.64,26.49633,0,26.99896
131.66,26.49633,0,26.99896
131.6799,26.49633,0,26.99896
131.7,26.49633,0,26.99896
131.72,26.49633,0,26.99896
131.74,26.49633,0,26.99896
131.7599,26.49633,0,26.99896
131.78,26.49633,0,26.99896
131.8,26.49633,0,26.99896
131.8199,26.49633,0,26.99896
131.84,26.49633,0,26.99896
131.86,26.49633,0,26.99896
131.88,26.49633,0,26.99896
131.8999,26.49633,0,26.99896
