Timestamp,Temperature, TemperatureDelta, MappedTemperature
0,32,0,0
0.01999999,32,0,0
0.03999998,32,0,0
0.05999998,32,0,0
0.07999997,32,0,0
0.09999996,32,0,0
0.12,32,0,0
0.14,32,0,0
0.1599999,32,0,0
0.1799999,32,0,0
0.1999999,32,0,0
0.2199999,32,0,0
0.2399999,32,0,0
0.2599999,32,0,0
0.2799999,32,0,0
0.2999999,32,0,0
0.3199999,32,0,0
0.3399999,32,0,0
0.3599999,32,0,0
0.3799999,32,0,0
0.3999999,32,0,0
0.4199998,32,0,0
0.4399998,32,0,0
0.4599998,32,0,0
0.4799998,32,0,0
0.4999998,32,0,0
0.5199998,32,0,0
0.5399998,32,0,0
0.5599998,32,0,0
0.5799998,32,0,0
0.5999998,32,0,0
0.6199998,32,0,0
0.6399997,32,0,0
0.6599998,32,0,0
0.6799998,32,0,0
0.6999997,32,0,0
0.7199997,32,0,0
0.7399997,32,0,0
0.7599998,32,0,0
0.7799997,32,0,0
0.7999997,32,0,0
0.8199997,32,0,0
0.8399997,32,0,0
0.8599997,32,0,0
0.8799997,32,0,0
0.8999997,32,0,0
0.9199997,32,0,0
0.9399996,32,0,0
0.9599997,32,0,0
0.9799997,32,0,0
0.9999996,32,0,0
1.02,32,0,0
1.04,32,0,0
1.06,32,0,0
1.08,32,0,0
1.1,32,0,0
1.12,32,0,0
1.14,32,0,0
1.16,32,0,0
1.18,32,0,0
1.2,32,0,0
1.22,32,0,0
1.24,32,0,0
1.26,32,0,0
1.279999,32,0,0
1.3,32,0,0
1.32,32,0,0
1.34,32,0,0
1.36,32,0,0
1.38,32,0,0
1.399999,32,0,0
1.419999,32,0,0
1.439999,32,0,0
1.459999,32,0,0
1.479999,32,0,0
1.5,32,0,0
1.52,32,0,0
1.539999,32,0,0
1.559999,32,0,0
1.579999,32,0,0
1.599999,32,0,0
1.619999,32,0,0
1.639999,32,0,0
1.659999,32,0,0
1.679999,32,0,0
1.699999,32,0,0
1.719999,32,0,0
1.739999,32,0,0
1.759999,32,0,0
1.779999,32,0,0
1.799999,32,0,0
1.819999,32,0,0
1.839999,32,0,0
1.859999,32,0,0
1.879999,32,0,0
1.899999,32,0,0
1.919999,32,0,0
1.939999,32,0,0
1.959999,32,0,0
1.979999,32,0,0
1.999999,32,0,0
2.019999,32,0,0
2.039999,32,0,0
2.059999,32,0,0
2.079999,32,0,0
2.099999,32,0,0
2.119999,32,0,0
2.139999,32,0,0
2.159999,32,0,0
2.179999,32,0,0
2.199999,32,0,0
2.219999,32,0,0
2.239999,32,0,0
2.259999,32,0,0
2.279999,32,0,0
2.299999,32,0,0
2.319999,32,0,0
2.339999,32,0,0
2.359999,32,0,0
2.379999,32,0,0
2.399999,32,0,0
2.419999,32,0,0
2.439999,32,0,0
2.459999,32,0,0
2.479999,32,0,0
2.499999,32,0,0
2.519999,32,0,0
2.539999,32,0,0
2.559999,32,0,0
2.579999,32,0,0
2.599999,32,0,0
2.619999,32,0,0
2.639999,32,0,0
2.659999,32,0,0
2.679999,32,0,0
2.699999,32,0,0
2.719999,32,0,0
2.739999,32,0,0
2.759999,32,0,0
2.779999,32,0,0
2.799999,32,0,0
2.819999,32,0,0
2.839999,32,0,0
2.859999,32,0,0
2.879999,32,0,0
2.899999,32,0,0
2.919999,32,0,0
2.939999,32,0,0
2.959999,32,0,0
2.979999,32,0,0
2.999999,32,0,0
3.019999,32,0,0
3.039999,32,0,0
3.059999,32,0,0
3.079999,32,0,0
3.099999,32,0,0
3.119999,32,0,0
3.139999,32,0,0
3.159999,32,0,0
3.179999,32,0,0
3.199999,32,0,0
3.219999,32,0,0
3.239999,32,0,0
3.259999,32,0,0
3.279999,32,0,0
3.299999,32,0,0
3.319999,32,0,0
3.339999,32,0,0
3.359999,32,0,0
3.379999,32,0,0
3.399999,32,0,0
3.419999,32,0,0
3.439999,32,0,0
3.459999,32,0,0
3.479999,32,0,0
3.499999,32,0,0
3.519999,32,0,0
3.539999,32,0,0
3.559999,32,0,0
3.579999,32,0,0
3.599999,32,0,0
3.619999,32,0,0
3.639999,32,0,0
3.659999,32,0,0
3.679999,32,0,0
3.699999,32,0,0
3.719999,32,0,0
3.739999,32,0,0
3.759999,32,0,0
3.779999,32,0,0
3.799999,32,0,0
3.819999,32,0,0
3.839999,32,0,0
3.859999,32,0,0
3.879999,32,0,0
3.899999,32,0,0
3.919999,32,0,0
3.939999,32,0,0
3.959999,32,0,0
3.979999,32,0,0
3.999999,32,0,0
4.019999,32,0,0
4.039999,32,0,0
4.059999,32,0,0
4.079998,32,0,0
4.099998,32,0,0
4.119998,32,0,0
4.139998,32,0,0
4.159998,32,0,0
4.179998,32,0,0
4.199998,32,0,0
4.219998,32,0,0
4.239998,32,0,0
4.259998,32,0,0
4.279998,32,0,0
4.299998,32,0,0
4.319998,32,0,0
4.339998,32,0,0
4.359998,32,0,0
4.379999,32,0,0
4.399999,32,0,0
4.419999,32,0,0
4.439999,32,0,0
4.459999,32,0,0
4.479999,32,0,0
4.499999,32,0,0
4.519999,32,0,0
4.539999,32,0,0
4.559999,32,0,0
4.579998,32,0,0
4.599998,32,0,0
4.619998,32,0,0
4.639998,32,0,0
4.659998,32,0,0
4.679998,32,0,0
4.699998,32,0,0
4.719998,32,0,0
4.739998,32,0,0
4.759998,32,0,0
4.779998,32,0,0
4.799998,32,0,0
4.819998,32,0,0
4.839998,32,0,0
4.859998,32,0,0
4.879998,32,0,0
4.899998,32,0,0
4.919998,32,0,0
4.939998,32,0,0
4.959998,32,0,0
4.979998,32,0,0
4.999998,32,0,0
5.019998,32,0,0
5.039998,32,0,0
5.059998,32,0,0
5.079998,32,0,0
5.099998,32,0,0
5.119998,32,0,0
5.139998,32,0,0
5.159998,32,0,0
5.179998,32,0,0
5.199998,32,0,0
5.219998,32,0,0
5.239998,32,0,0
5.259998,32,0,0
5.279998,32,0,0
5.299998,32,0,0
5.319998,32,0,0
5.339998,32,0,0
5.359998,32,0,0
5.379998,32,0,0
5.399998,32,0,0
5.419998,32,0,0
5.439998,32,0,0
5.459998,32,0,0
5.479998,32,0,0
5.499998,32,0,0
5.519998,32,0,0
5.539998,32,0,0
5.559998,32,0,0
5.579998,32,0,0
5.599998,32,0,0
5.619998,32,0,0
5.639998,32,0,0
5.659998,32,0,0
5.679998,32,0,0
5.699998,32,0,0
5.719998,32,0,0
5.739998,32,0,0
5.759998,32,0,0
5.779998,32,0,0
5.799998,32,0,0
5.819998,32,0,0
5.839998,32,0,0
5.859998,32,0,0
5.879998,32,0,0
5.899998,32,0,0
5.919998,32,0,0
5.939998,32,0,0
5.959998,32,0,0
5.979998,32,0,0
5.999998,32,0,0
6.019998,32,0,0
6.039998,32,0,0
6.059998,32,0,0
6.079998,32,0,0
6.099998,32,0,0
6.119998,32,0,0
6.139998,32,0,0
6.159998,32,0,0
6.179998,32,0,0
6.199998,32,0,0
6.219998,32,0,0
6.239998,32,0,0
6.259998,32,0,0
6.279998,32,0,0
6.299998,32,0,0
6.319998,32,0,0
6.339998,32,0,0
6.359998,32,0,0
6.379998,32,0,0
6.399998,32,0,0
6.419998,32,0,0
6.439998,32,0,0
6.459998,32,0,0
6.479998,32,0,0
6.499998,32,0,0
6.519998,32,0,0
6.539998,32,0,0
6.559998,32,0,0
6.579998,32,0,0
6.599998,32,0,0
6.619998,32,0,0
6.639997,32,0,0
6.659997,32,0,0
6.679997,32,0,0
6.699997,32,0,0
6.719997,32,0,0
6.739997,32,0,0
6.759997,32,0,0
6.779998,32,0,0
6.799998,32,0,0
6.819998,32,0,0
6.839998,32,0,0
6.859998,32,0,0
6.879998,32,0,0
6.899998,32,0,0
6.919998,32,0,0
6.939998,32,0,0
6.959998,32,0,0
6.979998,32,0,0
6.999998,32,0,0
7.019998,32,0,0
7.039998,32,0,0
7.059998,32,0,0
7.079998,32,0,0
7.099998,32,0,0
7.119998,32,0,0
7.139997,32,0,0
7.159997,32,0,0
7.179997,32,0,0
7.199997,32,0,0
7.219997,32,0,0
7.239997,32,0,0
7.259997,32,0,0
7.279997,32,0,0
7.299997,32,0,0
7.319997,32,0,0
7.339997,32,0,0
7.359997,32,0,0
7.379997,32,0,0
7.399997,32,0,0
7.419997,32,0,0
7.439997,32,0,0
7.459997,32,0,0
7.479997,32,0,0
7.499997,32,0,0
7.519997,32,0,0
7.539997,32,0,0
7.559998,32,0,0
7.579998,32,0,0
7.599998,32,0,0
7.619998,32,0,0
7.639997,32,0,0
7.659997,32,0,0
7.679997,32,0,0
7.699997,32,0,0
7.719997,32,0,0
7.739997,32,0,0
7.759997,32,0,0
7.779997,32,0,0
7.799997,32,0,0
7.819997,32,0,0
7.839997,32,0,0
7.859997,32,0,0
7.879997,32,0,0
7.899997,32,0,0
7.919997,32,0,0
7.939997,32,0,0
7.959997,32,0,0
7.979997,32,0,0
7.999997,32,0,0
8.019998,32,0,0
8.039997,32,0,0
8.059998,32,0,0
8.079997,32,0,0
8.099998,32,0,0
8.119997,32,0,0
8.139997,32,0,0
8.159997,32,0,0
8.179997,32,0,0
8.199997,32,0,0
8.219997,32,0,0
8.239997,32,0,0
8.259997,32,0,0
8.279997,32,0,0
8.299997,32,0,0
8.319997,32,0,0
8.339997,32,0,0
8.359997,32,0,0
8.379997,32,0,0
8.399997,32,0,0
8.419997,32,0,0
8.439997,32,0,0
8.459997,32,0,0
8.479997,32,0,0
8.499997,32,0,0
8.519997,32,0,0
8.539997,32,0,0
8.559997,32,0,0
8.579997,32,0,0
8.599997,32,0,0
8.619997,32,0,0
8.639997,32,0,0
8.659997,32,0,0
8.679996,32,0,0
8.699997,32,0,0
8.719996,32,0,0
8.739997,32,0,0
8.759997,32,0,0
8.779997,32,0,0
8.799997,32,0,0
8.819997,32,0,0
8.839997,32,0,0
8.859997,32,0,0
8.879997,32,0,0
8.899997,32,0,0
8.919997,32,0,0
8.939997,32,0,0
8.959997,32,0,0
8.979997,32,0,0
8.999997,32,0,0
9.019997,32,0,0
9.039997,32,0,0
9.059997,32,0,0
9.079997,32,0,0
9.099997,32,0,0
9.119997,32,0,0
9.139997,32,0,0
9.159997,32,0,0
9.179996,32,0,0
9.199997,32,0,0
9.219996,32,0,0
9.239997,32,0,0
9.259996,32,0,0
9.279997,32,0,0
9.299996,32,0,0
9.319997,32,0,0
9.339996,32,0,0
9.359997,32,0,0
9.379996,32,0,0
9.399997,32,0,0
9.419996,32,0,0
9.439997,32,0,0
9.459996,32,0,0
9.479997,32,0,0
9.499996,32,0,0
9.519997,32,0,0
9.539996,32,0,0
9.559997,32,0,0
9.579997,32,0,0
9.599997,32,0,0
9.619997,32,0,0
9.639997,32,0,0
9.659997,32,0,0
9.679996,32,0,0
9.699997,32,0,0
9.719996,32,0,0
9.739997,32,0,0
9.759996,32,0,0
9.779997,32,0,0
9.799996,32,0,0
9.819997,32,0,0
9.839996,32,0,0
9.859997,32,0,0
9.879996,32,0,0
9.899997,32,0,0
9.919996,32,0,0
9.939997,32,0,0
9.959996,32,0,0
9.979997,32,0,0
9.999996,32,0,0
10.02,32,0,0
10.04,32,0,0
10.06,32,0,0
10.08,32,0,0
10.1,32,0,0
10.12,32,0,0
10.14,32,0,0
10.16,32,0,0
10.18,32,0,0
10.2,32,0,0
10.22,32,0,0
10.24,32,0,0
10.26,32,0,0
10.28,32,0,0
10.3,32,0,0
10.32,32,0,0
10.34,32,0,0
10.36,32,0,0
10.38,32,0,0
10.4,32,0,0
10.42,32,0,0
10.44,32,0,0
10.46,32,0,0
10.48,32,0,0
10.5,32,0,0
10.52,32,0,0
10.54,32,0,0
10.56,32,0,0
10.58,32,0,0
10.6,32,0,0
10.62,32,0,0
10.64,32,0,0
10.66,32,0,0
10.68,32,0,0
10.7,32,0,0
10.72,32,0,0
10.74,32,0,0
10.76,32,0,0
10.78,32,0,0
10.8,32,0,0
10.82,32,0,0
10.84,32,0,0
10.86,32,0,0
10.88,32,0,0
10.9,32,0,0
10.92,32,0,0
10.94,32,0,0
10.96,32,0,0
10.98,32,0,0
11,32,0,0
11.02,32,0,0
11.04,32,0,0
11.06,32,0,0
11.08,32,0,0
11.1,32,0,0
11.12,32,0,0
11.14,32,0,0
11.16,32,0,0
11.18,32,0,0
11.2,32,0,0
11.22,32,0,0
11.24,32,0,0
11.26,32,0,0
11.28,32,0,0
11.3,32,0,0
11.32,32,0,0
11.34,32,0,0
11.36,32,0,0
11.38,32,0,0
11.4,32,0,0
11.42,32,0,0
11.44,32,0,0
11.46,32,0,0
11.48,32,0,0
11.5,32,0,0
11.52,32,0,0
11.54,32,0,0
11.56,32,0,0
11.58,32,0,0
11.6,32,0,0
11.62,32,0,0
11.64,32,0,0
11.66,32,0,0
11.68,32,0,0
11.7,32,0,0
11.72,32,0,0
11.74,32,0,0
11.76,32,0,0
11.78,32,0,0
11.8,32,0,0
11.82,32,0,0
11.84,32,0,0
11.86,32,0,0
11.88,32,0,0
11.9,32,0,0
11.92,32,0,0
11.94,32,0,0
11.96,32,0,0
11.98,32,0,0
12,32,0,0
12.02,32,0,0
12.04,32,0,0
12.06,32,0,0
12.08,32,0,0
12.1,32,0,0
12.12,32,0,0
12.14,32,0,0
12.16,32,0,0
12.18,32,0,0
12.2,32,0,0
12.22,32,0,0
12.24,32,0,0
12.26,32,0,0
12.28,32,0,0
12.3,32,0,0
12.32,32,0,0
12.34,32,0,0
12.36,32,0,0
12.38,32,0,0
12.4,32,0,0
12.42,32,0,0
12.44,32,0,0
12.46,32,0,0
12.48,32,0,0
12.5,32,0,0
12.52,32,0,0
12.54,32,0,0
12.56,32,0,0
12.58,32,0,0
12.6,32,0,0
12.62,32,0,0
12.64,32,0,0
12.66,32,0,0
12.68,32,0,0
12.7,32,0,0
12.72,32,0,0
12.74,32,0,0
12.76,32,0,0
12.78,32,0,0
12.8,32,0,0
12.82,32,0,0
12.84,32,0,0
12.86,32,0,0
12.88,32,0,0
12.9,32,0,0
12.92,32,0,0
12.94,32,0,0
12.96,32,0,0
12.98,32,0,0
13,32,0,0
13.02,32,0,0
13.04,32,0,0
13.06,32,0,0
13.08,32,0,0
13.1,32,0,0
13.12,32,0,0
13.14,32,0,0
13.16,32,0,0
13.18,32,0,0
13.2,32,0,0
13.22,32,0,0
13.24,32,0,0
13.26,32,0,0
13.27999,32,0,0
13.3,32,0,0
13.31999,32,0,0
13.34,32,0,0
13.35999,32,0,0
13.38,32,0,0
13.39999,32,0,0
13.42,32,0,0
13.43999,32,0,0
13.46,32,0,0
13.47999,32,0,0
13.5,32,0,0
13.51999,32,0,0
13.54,32,0,0
13.56,32,0,0
13.58,32,0,0
13.6,32,0,0
13.62,32,0,0
13.64,32,0,0
13.66,32,0,0
13.68,32,0,0
13.7,32,0,0
13.72,32,0,0
13.74,32,0,0
13.76,32,0,0
13.77999,32,0,0
13.8,32,0,0
13.81999,32,0,0
13.84,32,0,0
13.85999,32,0,0
13.88,32,0,0
13.89999,32,0,0
13.92,32,0,0
13.93999,32,0,0
13.96,32,0,0
13.97999,32,0,0
14,32,0,0
14.01999,32,0,0
14.04,32,0,0
14.05999,32,0,0
14.08,32,0,0
14.09999,32,0,0
14.12,32,0,0
14.13999,32,0,0
14.16,32,0,0
14.17999,32,0,0
14.2,32,0,0
14.21999,32,0,0
14.24,32,0,0
14.25999,32,0,0
14.27999,32,0,0
14.29999,32,0,0
14.31999,32,0,0
14.34,32,0,0
14.35999,32,0,0
14.38,32,0,0
14.39999,32,0,0
14.42,32,0,0
14.43999,32,0,0
14.46,32,0,0
14.47999,32,0,0
14.5,32,0,0
14.51999,32,0,0
14.54,32,0,0
14.55999,32,0,0
14.58,32,0,0
14.59999,32,0,0
14.62,32,0,0
14.63999,32,0,0
14.66,32,0,0
14.67999,32,0,0
14.7,32,0,0
14.71999,32,0,0
14.74,32,0,0
14.75999,32,0,0
14.77999,32,0,0
14.79999,32,0,0
14.81999,32,0,0
14.83999,32,0,0
14.85999,32,0,0
14.87999,32,0,0
14.89999,32,0,0
14.91999,32,0,0
14.93999,32,0,0
14.95999,32,0,0
14.97999,32,0,0
14.99999,32,0,0
15.01999,32,0,0
15.03999,32,0,0
15.05999,32,0,0
15.07999,32,0,0
15.09999,32,0,0
15.12,32,0,0
15.13999,32,0,0
15.16,32,0,0
15.17999,32,0,0
15.2,32,0,0
15.21999,32,0,0
15.24,32,0,0
15.25999,32,0,0
15.27999,32,0,0
15.29999,32,0,0
15.31999,32,0,0
15.33999,32,0,0
15.35999,32,0,0
15.37999,32,0,0
15.39999,32,0,0
15.41999,32,0,0
15.43999,32,0,0
15.45999,32,0,0
15.47999,32,0,0
15.49999,32,0,0
15.51999,32,0,0
15.53999,32,0,0
15.55999,32,0,0
15.57999,32,0,0
15.59999,32,0,0
15.61999,32,0,0
15.63999,32,0,0
15.65999,32,0,0
15.67999,32,0,0
15.69999,32,0,0
15.71999,32,0,0
15.73999,32,0,0
15.75999,32,0,0
15.77999,32,0,0
15.79999,32,0,0
15.81999,32,0,0
15.83999,32,0,0
15.85999,32,0,0
15.87999,32,0,0
15.89999,32,0,0
15.91999,32,0,0
15.93999,32,0,0
15.95999,32,0,0
15.97999,32,0,0
15.99999,32,0,0
16.01999,32,0,0
16.04,32,0,0
16.05999,32,0,0
16.07999,32,0,0
16.09999,32,0,0
16.12,32,0,0
16.13999,32,0,0
16.15999,32,0,0
16.17999,32,0,0
16.2,32,0,0
16.21999,32,0,0
16.23999,32,0,0
16.25999,32,0,0
16.27999,32,0,0
16.29999,32,0,0
16.31999,32,0,0
16.33999,32,0,0
16.35999,32,0,0
16.37999,32,0,0
16.39999,32,0,0
16.41999,32,0,0
16.43999,32,0,0
16.45999,32,0,0
16.47999,32,0,0
16.49999,32,0,0
16.51999,32,0,0
16.53999,32,0,0
16.55999,32,0,0
16.57999,32,0,0
16.59999,32,0,0
16.61999,32,0,0
16.63999,32,0,0
16.65999,32,0,0
16.67999,32,0,0
16.69999,32,0,0
16.71999,32,0,0
16.73999,32,0,0
16.75999,32,0,0
16.77999,32,0,0
16.79999,32,0,0
16.81999,32,0,0
16.83999,32,0,0
16.85999,32,0,0
16.87999,32,0,0
16.89999,32,0,0
16.91999,32,0,0
16.93999,32,0,0
16.95999,32,0,0
16.97999,32,0,0
16.99999,32,0,0
17.01999,32,0,0
17.03999,32,0,0
17.05999,32,0,0
17.07999,32,0,0
17.09999,32,0,0
17.11999,32,0,0
17.13999,32,0,0
17.15999,32,0,0
17.17999,32,0,0
17.19999,32,0,0
17.21999,32,0,0
17.23999,32,0,0
17.25999,32,0,0
17.27999,32,0,0
17.29999,32,0,0
17.31999,32,0,0
17.33999,32,0,0
17.35999,32,0,0
17.37999,32,0,0
17.39999,32,0,0
17.41999,32,0,0
17.43999,32,0,0
17.45999,32,0,0
17.47999,32,0,0
17.49999,32,0,0
17.51999,32,0,0
17.53999,32,0,0
17.55999,32,0,0
17.57999,32,0,0
17.59999,32,0,0
17.61999,32,0,0
17.63999,32,0,0
17.65999,32,0,0
17.67999,32,0,0
17.69999,32,0,0
17.71999,32,0,0
17.73999,32,0,0
17.75999,32,0,0
17.77999,32,0,0
17.79999,32,0,0
17.81999,32,0,0
17.83999,32,0,0
17.85999,32,0,0
17.87999,32,0,0
17.89999,32,0,0
17.91999,32,0,0
17.93999,32,0,0
17.95999,32,0,0
17.97999,32,0,0
17.99999,32,0,0
18.01999,32,0,0
18.03999,32,0,0
18.05999,32,0,0
18.07999,32,0,0
18.09999,32,0,0
18.11999,32,0,0
18.13999,32,0,0
18.15999,32,0,0
18.17999,32,0,0
18.19999,32,0,0
18.21999,32,0,0
18.23999,32,0,0
18.25999,32,0,0
18.27999,32,0,0
18.29999,32,0,0
18.31999,32,0,0
18.33999,32,0,0
18.35999,32,0,0
18.37999,32,0,0
18.39999,32,0,0
18.41999,32,0,0
18.43999,32,0,0
18.45999,32,0,0
18.47999,32,0,0
18.49999,32,0,0
18.51999,32,0,0
18.53999,32,0,0
18.55999,32,0,0
18.57999,32,0,0
18.59999,32,0,0
18.61999,32,0,0
18.63999,32,0,0
18.65999,32,0,0
18.67999,32,0,0
18.69999,32,0,0
18.71999,32,0,0
18.73999,32,0,0
18.75999,32,0,0
18.77999,32,0,0
18.79999,32,0,0
18.81999,32,0,0
18.83999,32,0,0
18.85999,32,0,0
18.87999,32,0,0
18.89999,32,0,0
18.91999,32,0,0
18.93999,32,0,0
18.95999,32,0,0
18.97999,32,0,0
18.99999,32,0,0
19.01999,32,0,0
19.03999,32,0,0
19.05999,32,0,0
19.07999,32,0,0
19.09999,32,0,0
19.11999,32,0,0
19.13999,32,0,0
19.15999,32,0,0
19.17999,32,0,0
19.19999,32,0,0
19.21999,32,0,0
19.23999,32,0,0
19.25999,32,0,0
19.27999,32,0,0
19.29999,32,0,0
19.31999,32,0,0
19.33999,32,0,0
19.35999,32,0,0
19.37999,32,0,0
19.39999,32,0,0
19.41999,32,0,0
19.43999,32,0,0
19.45999,32,0,0
19.47999,32,0,0
19.49999,32,0,0
19.51999,32,0,0
19.53999,32,0,0
19.55999,32,0,0
19.57999,32,0,0
19.59999,32,0,0
19.61999,32,0,0
19.63999,32,0,0
19.65999,32,0,0
19.67999,32,0,0
19.69999,32,0,0
19.71999,32,0,0
19.73999,32,0,0
19.75999,32,0,0
19.77999,32,0,0
19.79999,32,0,0
19.81999,32,0,0
19.83999,32,0,0
19.85999,32,0,0
19.87999,32,0,0
19.89999,32,0,0
19.91999,32,0,0
19.93999,32,0,0
19.95999,32,0,0
19.97999,32,0,0
19.99999,32,0,0
20.01999,32,0,0
20.03999,32,0,0
20.05999,32,0,0
20.07999,32,0,0
20.09999,32,0,0
20.11999,32,0,0
20.13999,32,0,0
20.15999,32,0,0
20.17999,32,0,0
20.19999,32,0,0
20.21999,32,0,0
20.23999,32,0,0
20.25999,32,0,0
20.27999,32,0,0
20.29999,32,0,0
20.31999,32,0,0
20.33999,32,0,0
20.35999,32,0,0
20.37999,32,0,0
20.39999,32,0,0
20.41999,32,0,0
20.43999,32,0,0
20.45999,32,0,0
20.47999,32,0,0
20.49999,32,0,0
20.51999,32,0,0
20.53999,32,0,0
20.55999,32,0,0
20.57999,32,0,0
20.59999,32,0,0
20.61999,32,0,0
20.63999,32,0,0
20.65999,32,0,0
20.67999,32,0,0
20.69999,32,0,0
20.71999,32,0,0
20.73999,32,0,0
20.75999,32,0,0
20.77999,32,0,0
20.79999,32,0,0
20.81999,32,0,0
20.83999,32,0,0
20.85999,32,0,0
20.87999,32,0,0
20.89999,32,0,0
20.91999,32,0,0
20.93999,32,0,0
20.95999,32,0,0
20.97999,32,0,0
20.99999,32,0,0
21.01999,32,0,0
21.03999,32,0,0
21.05999,32,0,0
21.07999,32,0,0
21.09999,32,0,0
21.11999,32,0,0
21.13999,32,0,0
21.15999,32,0,0
21.17999,32,0,0
21.19999,32,0,0
21.21999,32,0,0
21.23999,32,0,0
21.25999,32,0,0
21.27999,32,0,0
21.29999,32,0,0
21.31999,32,0,0
21.33999,32,0,0
21.35999,32,0,0
21.37999,32,0,0
21.39999,32,0,0
21.41999,32,0,0
21.43999,32,0,0
21.45999,32,0,0
21.47999,32,0,0
21.49999,32,0,0
21.51999,32,0,0
21.53999,32,0,0
21.55999,32,0,0
21.57999,32,0,0
21.59999,32,0,0
21.61999,32,0,0
21.63999,32,0,0
21.65999,32,0,0
21.67999,32,0,0
21.69999,32,0,0
21.71999,32,0,0
21.73999,32,0,0
21.75999,32,0,0
21.77999,32,0,0
21.79999,32,0,0
21.81999,32,0,0
21.83999,32,0,0
21.85999,32,0,0
21.87999,32,0,0
21.89999,32,0,0
21.91999,32,0,0
21.93999,32,0,0
21.95999,32,0,0
21.97999,32,0,0
21.99999,32,0,0
22.01999,32,0,0
22.03999,32,0,0
22.05999,32,0,0
22.07999,32,0,0
22.09999,32,0,0
22.11999,32,0,0
22.13999,32,0,0
22.15999,32,0,0
22.17999,32,0,0
22.19999,32,0,0
22.21999,32,0,0
22.23999,32,0,0
22.25999,32,0,0
22.27999,32,0,0
22.29999,32,0,0
22.31999,32,0,0
22.33999,32,0,0
22.35999,32,0,0
22.37999,32,0,0
22.39999,32,0,0
22.41999,32,0,0
22.43999,32,0,0
22.45999,32,0,0
22.47999,32,0,0
22.49999,32,0,0
22.51999,32,0,0
22.53999,32,0,0
22.55999,32,0,0
22.57999,32,0,0
22.59999,32,0,0
22.61999,32,0,0
22.63999,32,0,0
22.65999,32,0,0
22.67999,32,0,0
22.69999,32,0,0
22.71999,32,0,0
22.73999,32,0,0
22.75999,32,0,0
22.77999,32,0,0
22.79999,32,0,0
22.81999,32,0,0
22.83999,32,0,0
22.85999,32,0,0
22.87999,32,0,0
22.89999,32,0,0
22.91999,32,0,0
22.93999,32,0,0
22.95999,32,0,0
22.97999,32,0,0
22.99999,32,0,0
23.01999,32,0,0
23.03999,32,0,0
23.05999,32,0,0
23.07999,32,0,0
23.09999,32,0,0
23.11999,32,0,0
23.13999,32,0,0
23.15999,32,0,0
23.17999,32,0,0
23.19999,32,0,0
23.21999,32,0,0
23.23999,32,0,0
23.25999,32,0,0
23.27999,32,0,0
23.29999,32,0,0
23.31999,32,0,0
23.33999,32,0,0
23.35999,32,0,0
23.37999,32,0,0
23.39999,32,0,0
23.41999,32,0,0
23.43999,32,0,0
23.45999,32,0,0
23.47999,32,0,0
23.49999,32,0,0
23.51999,32,0,0
23.53999,32,0,0
23.55999,32,0,0
23.57999,32,0,0
23.59999,32,0,0
23.61999,32,0,0
23.63999,32,0,0
23.65999,32,0,0
23.67999,32,0,0
23.69999,32,0,0
23.71999,32,0,0
23.73999,32,0,0
23.75999,32,0,0
23.77999,32,0,0
23.79999,32,0,0
23.81999,32,0,0
23.83999,32,0,0
23.85999,32,0,0
23.87999,32,0,0
23.89999,32,0,0
23.91999,32,0,0
23.93999,32,0,0
23.95999,32,0,0
23.97999,32,0,0
23.99999,32,0,0
24.01999,32,0,0
24.03999,32,0,0
24.05999,32,0,0
24.07999,32,0,0
24.09999,32,0,0
24.11999,32,0,0
24.13999,32,0,0
24.15999,32,0,0
24.17999,32,0,0
24.19999,32,0,0
24.21999,32,0,0
24.23999,32,0,0
24.25999,32,0,0
24.27999,32,0,0
24.29999,32,0,0
24.31999,32,0,0
24.33999,32,0,0
24.35999,32,0,0
24.37999,32,0,0
24.39999,32,0,0
24.41999,32,0,0
24.43999,32,0,0
24.45999,32,0,0
24.47999,32,0,0
24.49999,32,0,0
24.51999,32,0,0
24.53999,32,0,0
24.55999,32,0,0
24.57999,32,0,0
24.59999,32,0,0
24.61999,32,0,0
24.63999,32,0,0
24.65999,32,0,0
24.67999,32,0,0
24.69999,32,0,0
24.71999,32,0,0
24.73999,32,0,0
24.75999,32,0,0
24.77999,32,0,0
24.79999,32,0,0
24.81999,32,0,0
24.83999,32,0,0
24.85999,32,0,0
24.87999,32,0,0
24.89999,32,0,0
24.91999,32,0,0
24.93999,32,0,0
24.95999,32,0,0
24.97999,32,0,0
24.99999,32,0,0
25.01999,32,0,0
25.03999,32,0,0
25.05999,32,0,0
25.07999,32,0,0
25.09999,32,0,0
25.11999,32,0,0
25.13999,32,0,0
25.15999,32,0,0
25.17999,32,0,0
25.19999,32,0,0
25.21999,32,0,0
25.23999,32,0,0
25.25999,32,0,0
25.27999,32,0,0
25.29999,32,0,0
25.31999,32,0,0
25.33999,32,0,0
25.35999,32,0,0
25.37999,32,0,0
25.39999,32,0,0
25.41999,32,0,0
25.43999,32,0,0
25.45999,32,0,0
25.47999,32,0,0
25.49999,32,0,0
25.51999,32,0,0
25.53999,32,0,0
25.55999,32,0,0
25.57999,32,0,0
25.59999,32,0,0
25.61999,32,0,0
25.63999,32,0,0
25.65999,32,0,0
25.67999,32,0,0
25.69999,32,0,0
25.71999,32,0,0
25.73999,32,0,0
25.75999,32,0,0
25.77999,32,0,0
25.79999,32,0,0
25.81999,32,0,0
25.83999,32,0,0
25.85999,32,0,0
25.87999,32,0,0
25.89999,32,0,0
25.91999,32,0,0
25.93999,32,0,0
25.95999,32,0,0
25.97999,32,0,0
25.99999,32,0,0
26.01999,32,0,0
26.03999,32,0,0
26.05999,32,0,0
26.07999,32,0,0
26.09999,32,0,0
26.11999,32,0,0
26.13999,32,0,0
26.15999,32,0,0
26.17999,32,0,0
26.19999,32,0,0
26.21999,32,0,0
26.23999,32,0,0
26.25999,32,0,0
26.27999,32,0,0
26.29999,32,0,0
26.31999,32,0,0
26.33999,32,0,0
26.35999,32,0,0
26.37999,32,0,0
26.39999,32,0,0
26.41999,32,0,0
26.43999,32,0,0
26.45999,32,0,0
26.47999,32,0,0
26.49999,32,0,0
26.51999,32,0,0
26.53999,32,0,0
26.55999,32,0,0
26.57999,32,0,0
26.59999,32,0,0
26.61999,32,0,0
26.63999,32,0,0
26.65999,32,0,0
26.67999,32,0,0
26.69999,32,0,0
26.71999,32,0,0
26.73999,32,0,0
26.75999,32,0,0
26.77999,32,0,0
26.79999,32,0,0
26.81999,32,0,0
26.83999,32,0,0
26.85999,32,0,0
26.87999,32,0,0
26.89999,32,0,0
26.91999,32,0,0
26.93999,32,0,0
26.95999,32,0,0
26.97999,32,0,0
26.99999,32,0,0
27.01999,32,0,0
27.03999,32,0,0
27.05999,32,0,0
27.07999,32,0,0
27.09999,32,0,0
27.11999,32,0,0
27.13999,32,0,0
27.15999,32,0,0
27.17999,32,0,0
27.19999,32,0,0
27.21999,32,0,0
27.23999,32,0,0
27.25999,32,0,0
27.27999,32,0,0
27.29999,32,0,0
27.31999,32,0,0
27.33999,32,0,0
27.35999,32,0,0
27.37999,32,0,0
27.39999,32,0,0
27.41999,32,0,0
27.43999,32,0,0
27.45999,32,0,0
27.47999,32,0,0
27.49999,32,0,0
27.51999,32,0,0
27.53999,32,0,0
27.55999,32,0,0
27.57999,32,0,0
27.59999,32,0,0
27.61999,32,0,0
27.63999,32,0,0
27.65999,32,0,0
27.67999,32,0,0
27.69999,32,0,0
27.71999,32,0,0
27.73999,32,0,0
27.75999,32,0,0
27.77999,32,0,0
27.79999,32,0,0
27.81999,32,0,0
27.83999,32,0,0
27.85999,32,0,0
27.87999,32,0,0
27.89999,32,0,0
27.91999,32,0,0
27.93999,32,0,0
27.95999,32,0,0
27.97999,32,0,0
27.99999,32,0,0
28.01999,32,0,0
28.03999,32,0,0
28.05999,32,0,0
28.07999,32,0,0
28.09999,32,0,0
28.11999,32,0,0
28.13999,32,0,0
28.15999,32,0,0
28.17999,32,0,0
28.19999,32,0,0
28.21999,32,0,0
28.23999,32,0,0
28.25999,32,0,0
28.27999,32,0,0
28.29999,32,0,0
28.31999,32,0,0
28.33999,32,0,0
28.35999,32,0,0
28.37999,32,0,0
28.39999,32,0,0
28.41999,32,0,0
28.43999,32,0,0
28.45999,32,0,0
28.47999,32,0,0
28.49999,32,0,0
28.51999,32,0,0
28.53999,32,0,0
28.55999,32,0,0
28.57999,32,0,0
28.59999,32,0,0
28.61999,32,0,0
28.63999,32,0,0
28.65999,32,0,0
28.67999,32,0,0
28.69999,32,0,0
28.71999,32,0,0
28.73999,32,0,0
28.75999,32,0,0
28.77999,32,0,0
28.79999,32,0,0
28.81999,32,0,0
28.83999,32,0,0
28.85999,32,0,0
28.87999,32,0,0
28.89999,32,0,0
28.91999,32,0,0
28.93999,32,0,0
28.95999,32,0,0
28.97999,32,0,0
28.99999,32,0,0
29.01999,32,0,0
29.03999,32,0,0
29.05999,32,0,0
29.07999,32,0,0
29.09999,32,0,0
29.11999,32,0,0
29.13999,32,0,0
29.15999,32,0,0
29.17999,32,0,0
29.19999,32,0,0
29.21999,32,0,0
29.23999,32,0,0
29.25999,32,0,0
29.27999,32,0,0
29.29999,32,0,0
29.31999,32,0,0
29.33999,32,0,0
29.35999,32,0,0
29.37999,32,0,0
29.39999,32,0,0
29.41999,32,0,0
29.43999,32,0,0
29.45999,32,0,0
29.47999,32,0,0
29.49999,32,0,0
29.51999,32,0,0
29.53999,32,0,0
29.55999,32,0,0
29.57999,32,0,0
29.59999,32,0,0
29.61999,32,0,0
29.63999,32,0,0
29.65999,32,0,0
29.67999,32,0,0
29.69999,32,0,0
29.71999,32,0,0
29.73999,32,0,0
29.75999,32,0,0
29.77999,32,0,0
29.79999,32,0,0
29.81999,32,0,0
29.83999,32,0,0
29.85999,32,0,0
29.87999,32,0,0
29.89999,32,0,0
29.91999,32,0,0
29.93999,32,0,0
29.95999,32,0,0
29.97999,32,0,0
29.99999,32,0,0
30.01999,32,0,0
30.03999,32,0,0
30.05999,32,0,0
30.07999,32,0,0
30.09999,32,0,0
30.11999,32,0,0
30.13999,32,0,0
30.15999,32,0,0
30.17999,32,0,0
30.19999,32,0,0
30.21999,32,0,0
30.23999,32,0,0
30.25999,32,0,0
30.27999,32,0,0
30.29999,32,0,0
30.31999,32,0,0
30.33999,32,0,0
30.35999,32,0,0
30.37999,32,0,0
30.39999,32,0,0
30.41999,32,0,0
30.43999,32,0,0
30.45999,32,0,0
30.47999,32,0,0
30.49999,32,0,0
30.51999,32,0,0
30.53999,32,0,0
30.55999,32,0,0
30.57999,32,0,0
30.59999,32,0,0
30.61999,32,0,0
30.63999,32,0,0
30.65999,32,0,0
30.67999,32,0,0
30.69999,32,0,0
30.71999,32,0,0
30.73999,32,0,0
30.75999,32,0,0
30.77999,32,0,0
30.79999,32,0,0
30.81999,32,0,0
30.83999,32,0,0
30.85999,32,0,0
30.87999,32,0,0
30.89999,32,0,0
30.91999,32,0,0
30.93999,32,0,0
30.95999,32,0,0
30.97999,32,0,0
30.99999,32,0,0
31.01999,32,0,0
31.03999,32,0,0
31.05999,32,0,0
31.07999,32,0,0
31.09999,32,0,0
31.11999,32,0,0
31.13999,32,0,0
31.15999,32,0,0
31.17999,32,0,0
31.19999,32,0,0
31.21999,32,0,0
31.23999,32,0,0
31.25999,32,0,0
31.27999,32,0,0
31.29999,32,0,0
31.31999,32,0,0
31.33999,32,0,0
31.35999,32,0,0
31.37999,32,0,0
31.39999,32,0,0
31.41999,32,0,0
31.43999,32,0,0
31.45999,32,0,0
31.47999,32,0,0
31.49999,32,0,0
31.51999,32,0,0
31.53999,32,0,0
31.55999,32,0,0
31.57999,32,0,0
31.59999,32,0,0
31.61999,32,0,0
31.63999,32,0,0
31.65999,32,0,0
31.67999,32,0,0
31.69999,32,0,0
31.71999,32,0,0
31.73999,32,0,0
31.75999,32,0,0
31.77999,32,0,0
31.79999,32,0,0
31.81999,32,0,0
31.83999,32,0,0
31.85999,32,0,0
31.87999,32,0,0
31.89999,32,0,0
31.91999,32,0,0
31.93999,32,0,0
31.95999,32,0,0
31.97999,32,0,0
31.99999,32,0,0
32.01999,32,0,0
32.03999,32,0,0
32.05999,32,0,0
32.07999,32,0,0
32.09999,32,0,0
32.11999,32,0,0
32.13999,32,0,0
32.15999,32,0,0
32.17999,32,0,0
32.19999,32,0,0
32.21999,32,0,0
32.23999,32,0,0
32.25999,32,0,0
32.27999,32,0,0
32.29999,32,0,0
32.31999,32,0,0
32.33999,32,0,0
32.35999,32,0,0
32.37999,32,0,0
32.39999,32,0,0
32.41999,32,0,0
32.43999,32,0,0
32.45999,32,0,0
32.47999,32,0,0
32.49999,32,0,0
32.51999,32,0,0
32.53999,32,0,0
32.55999,32,0,0
32.57999,32,0,0
32.59999,32,0,0
32.61999,32,0,0
32.63999,32,0,0
32.65999,32,0,0
32.67999,32,0,0
32.69999,32,0,0
32.71999,32,0,0
32.73999,32,0,0
32.75999,32,0,0
32.77999,32,0,0
32.79999,32,0,0
32.81999,32,0,0
32.83999,32,0,0
32.85999,32,0,0
32.87999,32,0,0
32.89999,32,0,0
32.91999,32,0,0
32.93999,32,0,0
32.95999,32,0,0
32.97999,32,0,0
32.99999,32,0,0
33.01999,32,0,0
33.03999,32,0,0
33.05999,32,0,0
33.07999,32,0,0
33.09999,32,0,0
33.11999,32,0,0
33.13999,32,0,0
33.15999,32,0,0
33.17999,32,0,0
33.19999,32,0,0
33.21999,32,0,0
33.23999,32,0,0
33.25999,32,0,0
33.27999,32,0,0
33.29999,32,0,0
33.31999,32,0,0
33.33999,32,0,0
33.35999,32,0,0
33.37999,32,0,0
33.39999,32,0,0
33.41999,32,0,0
33.43999,32,0,0
33.45999,32,0,0
33.47999,31.98466,-0.01533987,30.00323
33.49999,31.96936,-0.01529712,29.99278
33.51999,31.95411,-0.01525449,29.98237
33.53999,31.9389,-0.01521197,29.972
33.55999,31.92373,-0.01516957,29.96168
33.57999,31.9086,-0.0151273,29.9514
33.59999,31.89351,-0.01508514,29.94116
33.61999,31.87847,-0.01504309,29.93097
33.63999,31.86347,-0.01500117,29.92082
33.65999,31.84851,-0.01495936,29.91071
33.67999,31.83359,-0.01491766,29.90064
33.69999,31.81872,-0.01487609,29.89061
33.71999,31.80388,-0.01483463,29.88062
33.73999,31.78909,-0.01479328,29.87068
33.75999,31.77434,-0.01475205,29.86077
33.77999,31.75963,-0.01471094,29.85091
33.79999,31.74496,-0.01466994,29.84109
33.81999,31.73033,-0.01462905,29.83131
33.83999,31.71574,-0.01458828,29.82157
33.85999,31.70119,-0.01454762,29.81186
33.87999,31.68669,-0.01450708,29.8022
33.89999,31.67222,-0.01446664,29.79258
33.91999,31.65779,-0.01442632,29.783
33.93999,31.64341,-0.01438612,29.77345
33.95999,31.62906,-0.01434602,29.76394
33.97999,31.61476,-0.01430604,29.75448
33.99999,31.60049,-0.01426617,29.74505
34.01999,31.58626,-0.01422641,29.73566
34.03999,31.57207,-0.01418676,29.72631
34.05999,31.55793,-0.01414722,29.71699
34.07999,31.54382,-0.01410779,29.70771
34.09999,31.52975,-0.01406847,29.69847
34.11999,31.51572,-0.01402926,29.68927
34.13999,31.50173,-0.01399016,29.68011
34.15999,31.48778,-0.01395117,29.67098
34.17999,31.47387,-0.01391228,29.66189
34.19999,31.46,-0.01387351,29.65284
34.21999,31.44616,-0.01383484,29.64382
34.23999,31.43237,-0.01379628,29.63483
34.25999,31.41861,-0.01375783,29.62589
34.27999,31.40489,-0.01371949,29.61698
34.29999,31.39121,-0.01368125,29.6081
34.31999,31.37756,-0.01364312,29.59926
34.33999,31.36396,-0.0136051,29.59046
34.35999,31.35039,-0.01356718,29.58169
34.37999,31.33686,-0.01352937,29.57296
34.39999,31.32337,-0.01349166,29.56426
34.41999,31.30992,-0.01345406,29.5556
34.43999,31.2965,-0.01341656,29.54696
34.45999,31.28312,-0.01337917,29.53837
34.47999,31.26978,-0.01334188,29.52981
34.49999,31.25647,-0.0133047,29.52128
34.51999,31.24321,-0.01326761,29.51278
34.53999,31.22997,-0.01323063,29.50432
34.55999,31.21678,-0.01319376,29.4959
34.57999,31.20362,-0.01315699,29.4875
34.59999,31.1905,-0.01312032,29.47914
34.61999,31.17742,-0.01308375,29.47081
34.63999,31.16437,-0.01304729,29.46252
34.65999,31.15136,-0.01301092,29.45426
34.67999,31.13839,-0.01297466,29.44603
34.69999,31.12545,-0.0129385,29.43783
34.71999,31.11255,-0.01290244,29.42966
34.73999,31.09968,-0.01286648,29.42153
34.75999,31.08685,-0.01283062,29.41343
34.77999,31.07405,-0.01279486,29.40536
34.79999,31.06129,-0.0127592,29.39732
34.81999,31.04857,-0.01272364,29.38931
34.83999,31.03588,-0.01268818,29.38133
34.85999,31.02323,-0.01265282,29.37339
34.87999,31.01061,-0.01261755,29.36547
34.89999,30.99803,-0.01258239,29.35759
34.91999,30.98548,-0.01254732,29.34974
34.93999,30.97297,-0.01251235,29.34191
34.95999,30.96049,-0.01247748,29.33412
34.97999,30.94805,-0.0124427,29.32636
34.99999,30.93564,-0.01240802,29.31863
35.01999,30.92327,-0.01237344,29.31092
35.03999,30.91093,-0.01233895,29.30325
35.05999,30.89863,-0.01230456,29.29561
35.07999,30.88636,-0.01227027,29.28799
35.09999,30.87412,-0.01223607,29.28041
35.11999,30.86192,-0.01220197,29.27285
35.13999,30.84975,-0.01216796,29.26533
35.15999,30.83762,-0.01213405,29.25783
35.17999,30.82552,-0.01210023,29.25036
35.19999,30.81345,-0.01206651,29.24292
35.21999,30.80142,-0.01203288,29.23551
35.23999,30.78942,-0.01199934,29.22813
35.25999,30.77745,-0.0119659,29.22077
35.27999,30.76552,-0.01193255,29.21344
35.29999,30.75362,-0.01189929,29.20615
35.31999,30.74175,-0.01186613,29.19887
35.33999,30.72992,-0.01183305,29.19163
35.35999,30.71812,-0.01180007,29.18441
35.37999,30.70635,-0.01176719,29.17723
35.39999,30.69462,-0.01173439,29.17006
35.41999,30.68292,-0.01170169,29.16293
35.43999,30.67125,-0.01166907,29.15582
35.45999,30.65961,-0.01163655,29.14874
35.47999,30.64801,-0.01160412,29.14169
35.49999,30.63643,-0.01157178,29.13466
35.51999,30.6249,-0.01153953,29.12766
35.53999,30.61339,-0.01150736,29.12069
35.55999,30.60191,-0.01147529,29.11374
35.57999,30.59047,-0.01144331,29.10682
35.59999,30.57906,-0.01141142,29.09992
35.61999,30.56768,-0.01137961,29.09306
35.63999,30.55633,-0.0113479,29.08621
35.65999,30.54501,-0.01131627,29.07939
35.67999,30.53373,-0.01128473,29.0726
35.69999,30.52248,-0.01125328,29.06583
35.71999,30.51125,-0.01122192,29.05909
35.73999,30.50006,-0.01119064,29.05238
35.75999,30.4889,-0.01115945,29.04568
35.77999,30.47778,-0.01112835,29.03902
35.79999,30.46668,-0.01109733,29.03238
35.81999,30.45561,-0.01106641,29.02576
35.83999,30.44458,-0.01103556,29.01917
35.85999,30.43357,-0.0110048,29.0126
35.87999,30.4226,-0.01097413,29.00606
35.89999,30.41165,-0.01094355,28.99954
35.91999,30.40074,-0.01091305,28.99305
35.93999,30.38985,-0.01088263,28.98657
35.95999,30.379,-0.0108523,28.98013
35.97999,30.36818,-0.01082205,28.97371
35.99999,30.35739,-0.01079189,28.96731
36.01999,30.34663,-0.01076182,28.96093
36.03999,30.33589,-0.01073182,28.95458
36.05999,30.32519,-0.01070191,28.94825
36.07999,30.31452,-0.01067208,28.94195
36.09999,30.30388,-0.01064234,28.93567
36.11999,30.29326,-0.01061268,28.92941
36.13999,30.28268,-0.0105831,28.92317
36.15999,30.27213,-0.0105536,28.91696
36.17999,30.2616,-0.01052419,28.91077
36.19999,30.25111,-0.01049486,28.9046
36.21999,30.24064,-0.01046561,28.89846
36.23999,30.23021,-0.01043644,28.89234
36.25999,30.2198,-0.01040735,28.88624
36.27999,30.20942,-0.01037835,28.88016
36.29999,30.19907,-0.01034942,28.87411
36.31999,30.18875,-0.01032058,28.86807
36.33999,30.17846,-0.01029181,28.86206
36.35999,30.1682,-0.01026313,28.85608
36.37999,30.15796,-0.01023453,28.85011
36.39999,30.14775,-0.010206,28.84416
36.41999,30.13758,-0.01017756,28.83824
36.43999,30.12743,-0.01014919,28.83234
36.45999,30.11731,-0.01012091,28.82646
36.47999,30.10722,-0.0100927,28.8206
36.49999,30.09715,-0.01006457,28.81476
36.51999,30.08711,-0.01003652,28.80895
36.53999,30.07711,-0.01000855,28.80315
36.55999,30.06713,-0.009980652,28.79738
36.57999,30.05717,-0.009952834,28.79162
36.59999,30.04725,-0.009925095,28.78589
36.61999,30.03735,-0.009897433,28.78018
36.63999,30.02748,-0.009869848,28.77449
36.65999,30.01764,-0.009842341,28.76882
36.67999,30.00782,-0.00981491,28.76317
36.69999,29.99804,-0.009787555,28.75754
36.71999,29.98828,-0.009760276,28.75193
36.73999,29.97854,-0.009733074,28.74634
36.75999,29.96884,-0.009705947,28.74077
36.77999,29.95916,-0.009678896,28.73522
36.79999,29.9495,-0.00965192,28.72969
36.81999,29.93988,-0.00962502,28.72418
36.83999,29.93028,-0.009598195,28.71869
36.85999,29.92071,-0.009571444,28.71322
36.87999,29.91117,-0.009544767,28.70777
36.89999,29.90165,-0.009518166,28.70234
36.91999,29.89216,-0.009491638,28.69693
36.93999,29.88269,-0.009465185,28.69153
36.95999,29.87325,-0.009438806,28.68616
36.97999,29.86384,-0.009412499,28.68081
36.99999,29.85446,-0.009386266,28.67547
37.01999,29.8451,-0.009360106,28.67016
37.03999,29.83576,-0.009334018,28.66486
37.05999,29.82645,-0.009308005,28.65958
37.07999,29.81717,-0.009282062,28.65432
37.09999,29.80792,-0.009256193,28.64908
37.11999,29.79869,-0.009230396,28.64386
37.13999,29.78948,-0.00920467,28.63866
37.15999,29.7803,-0.009179016,28.63347
37.17999,29.77115,-0.009153433,28.62831
37.19999,29.76202,-0.009127922,28.62316
37.21999,29.75292,-0.009102482,28.61803
37.23999,29.74384,-0.009077113,28.61292
37.25999,29.73479,-0.009051816,28.60782
37.27999,29.72576,-0.009026587,28.60275
37.29999,29.71676,-0.009001428,28.59769
37.31999,29.70779,-0.008976341,28.59265
37.33998,29.69884,-0.008951324,28.58762
37.35999,29.68991,-0.008926376,28.58262
37.37999,29.68101,-0.008901498,28.57763
37.39999,29.67213,-0.008876689,28.57266
37.41999,29.66328,-0.008851949,28.56771
37.43999,29.65445,-0.008827278,28.56278
37.45999,29.64565,-0.008802676,28.55786
37.47999,29.63687,-0.008778143,28.55296
37.49999,29.62812,-0.008753677,28.54808
37.51999,29.61939,-0.008729281,28.54321
37.53999,29.61068,-0.008704951,28.53836
37.55999,29.602,-0.00868069,28.53353
37.57999,29.59335,-0.008656496,28.52872
37.59999,29.58471,-0.00863237,28.52392
37.61999,29.57611,-0.008608311,28.51914
37.63999,29.56752,-0.00858432,28.51437
37.65999,29.55896,-0.008560394,28.50962
37.67999,29.55042,-0.008536535,28.50489
37.69999,29.54191,-0.008512744,28.50018
37.71999,29.53342,-0.008489017,28.49548
37.73999,29.52496,-0.008465358,28.4908
37.75999,29.51652,-0.008441765,28.48613
37.77999,29.5081,-0.008418237,28.48148
37.79999,29.4997,-0.008394775,28.47685
37.81999,29.49133,-0.008371378,28.47223
37.83998,29.48298,-0.008348047,28.46763
37.85999,29.47466,-0.00832478,28.46304
37.87999,29.46636,-0.008301578,28.45848
37.89999,29.45808,-0.008278442,28.45392
37.91999,29.44982,-0.008255369,28.44938
37.93999,29.44159,-0.008232362,28.44486
37.95999,29.43338,-0.008209417,28.44035
37.97999,29.4252,-0.008186537,28.43586
37.99998,29.41703,-0.00816372,28.43139
38.01999,29.40889,-0.008140968,28.42693
38.03999,29.40077,-0.008118279,28.42248
38.05999,29.39268,-0.008095653,28.41805
38.07999,29.38461,-0.00807309,28.41364
38.09999,29.37655,-0.00805059,28.40924
38.11999,29.36853,-0.008028152,28.40486
38.13999,29.36052,-0.008005777,28.40049
38.15998,29.35254,-0.007983465,28.39613
38.17999,29.34458,-0.007961215,28.39179
38.19999,29.33664,-0.007939025,28.38747
38.21999,29.32872,-0.007916898,28.38316
38.23999,29.32083,-0.007894834,28.37887
38.25999,29.31295,-0.00787283,28.37459
38.27999,29.3051,-0.007850888,28.37032
38.29999,29.29727,-0.007829008,28.36607
38.31999,29.28946,-0.007807187,28.36184
38.33998,29.28168,-0.007785429,28.35762
38.35999,29.27392,-0.007763729,28.35341
38.37999,29.26617,-0.007742092,28.34922
38.39999,29.25845,-0.007720514,28.34504
38.41999,29.25076,-0.007698996,28.34087
38.43999,29.24308,-0.00767754,28.33672
38.45999,29.23542,-0.007656142,28.33259
38.47999,29.22779,-0.007634804,28.32847
38.49998,29.22017,-0.007613525,28.32436
38.51999,29.21258,-0.007592306,28.32027
38.53999,29.20501,-0.007571144,28.31619
38.55999,29.19746,-0.007550044,28.31212
38.57999,29.18993,-0.007529002,28.30807
38.59999,29.18242,-0.007508018,28.30403
38.61999,29.17494,-0.007487094,28.3
38.63999,29.16747,-0.007466227,28.296
38.65998,29.16003,-0.007445419,28.292
38.67999,29.1526,-0.007424667,28.28801
38.69999,29.1452,-0.007403974,28.28404
38.71999,29.13781,-0.007383339,28.28009
38.73999,29.13045,-0.007362761,28.27614
38.75999,29.12311,-0.00734224,28.27221
38.77999,29.11579,-0.007321778,28.2683
38.79999,29.10849,-0.007301372,28.26439
38.81998,29.10121,-0.007281023,28.2605
38.83998,29.09394,-0.00726073,28.25662
38.85999,29.0867,-0.007240494,28.25276
38.87999,29.07948,-0.007220314,28.24891
38.89999,29.07228,-0.00720019,28.24507
38.91999,29.0651,-0.007180123,28.24125
38.93999,29.05794,-0.007160112,28.23743
38.95999,29.0508,-0.007140156,28.23363
38.97998,29.04368,-0.007120257,28.22985
38.99998,29.03658,-0.007100413,28.22607
39.01999,29.0295,-0.007080623,28.22231
39.03999,29.02244,-0.007060888,28.21856
39.05999,29.0154,-0.007041209,28.21482
39.07999,29.00838,-0.007021585,28.2111
39.09999,29.00138,-0.007002016,28.20739
39.11999,28.99439,-0.006982501,28.20369
39.13999,28.98743,-0.006963039,28.2
39.15998,28.98049,-0.006943633,28.19633
39.17999,28.97356,-0.006924281,28.19267
39.19999,28.96666,-0.006904983,28.18902
39.21999,28.95977,-0.006885739,28.18538
39.23999,28.95291,-0.006866548,28.18175
39.25999,28.94606,-0.006847411,28.17814
39.27999,28.93923,-0.006828326,28.17454
39.29999,28.93242,-0.006809295,28.17095
39.31998,28.92563,-0.006790317,28.16737
39.33998,28.91886,-0.006771393,28.16381
39.35999,28.91211,-0.00675252,28.16025
39.37999,28.90538,-0.006733701,28.15671
39.39999,28.89866,-0.006714934,28.15318
39.41999,28.89196,-0.006696219,28.14966
39.43999,28.88529,-0.006677555,28.14615
39.45999,28.87863,-0.006658945,28.14266
39.47998,28.87199,-0.006640386,28.13918
39.49998,28.86537,-0.00662188,28.1357
39.51999,28.85876,-0.006603424,28.13224
39.53999,28.85218,-0.00658502,28.1288
39.55999,28.84561,-0.006566667,28.12536
39.57999,28.83906,-0.006548365,28.12193
39.59999,28.83253,-0.006530115,28.11852
39.61999,28.82602,-0.006511915,28.11511
39.63998,28.81953,-0.006493766,28.11172
39.65998,28.81305,-0.006475667,28.10834
39.67999,28.80659,-0.006457619,28.10497
39.69999,28.80015,-0.006439621,28.10161
39.71999,28.79373,-0.006421673,28.09826
39.73999,28.78733,-0.006403775,28.09492
39.75999,28.78094,-0.006385928,28.0916
39.77999,28.77457,-0.00636813,28.08829
39.79999,28.76822,-0.006350382,28.08498
39.81998,28.76189,-0.006332683,28.08169
39.83998,28.75558,-0.006315034,28.07841
39.85999,28.74928,-0.006297434,28.07513
39.87999,28.743,-0.006279882,28.07187
39.89999,28.73674,-0.00626238,28.06862
39.91999,28.73049,-0.006244927,28.06539
39.93999,28.72427,-0.006227522,28.06216
39.95999,28.71806,-0.006210165,28.05894
39.97998,28.71186,-0.006192857,28.05573
39.99998,28.70569,-0.006175597,28.05253
40.01999,28.69953,-0.006158385,28.04935
40.03999,28.69339,-0.006141221,28.04617
40.05999,28.68726,-0.006124104,28.043
40.07999,28.68115,-0.006107036,28.03985
40.09999,28.67506,-0.006090015,28.03671
40.11999,28.66899,-0.006073042,28.03357
40.13998,28.66294,-0.006056115,28.03045
40.15998,28.6569,-0.006039237,28.02733
40.17999,28.65088,-0.006022405,28.02423
40.19999,28.64487,-0.006005621,28.02113
40.21999,28.63888,-0.005988882,28.01805
40.23999,28.63291,-0.005972191,28.01497
40.25999,28.62695,-0.005955547,28.01191
40.27999,28.62101,-0.005938949,28.00886
40.29998,28.61509,-0.005922397,28.00581
40.31998,28.60919,-0.00590589,28.00278
40.33998,28.6033,-0.005889431,27.99975
40.35999,28.59742,-0.005873017,27.99674
40.37999,28.59157,-0.005856649,27.99374
40.39999,28.58573,-0.005840325,27.99074
40.41999,28.5799,-0.005824048,27.98775
40.43999,28.57409,-0.005807816,27.98478
40.45998,28.5683,-0.00579163,27.98182
40.47998,28.56253,-0.005775488,27.97886
40.49998,28.55677,-0.005759391,27.97591
40.51999,28.55103,-0.00574334,27.97297
40.53999,28.5453,-0.005727332,27.97005
40.55999,28.53959,-0.00571137,27.96713
40.57999,28.53389,-0.005695452,27.96422
40.59999,28.52821,-0.005679579,27.96132
40.61999,28.52255,-0.005663749,27.95843
40.63998,28.5169,-0.005647964,27.95555
40.65998,28.51127,-0.005632223,27.95268
40.67999,28.50565,-0.005616526,27.94982
40.69999,28.50005,-0.005600872,27.94696
40.71999,28.49447,-0.005585263,27.94412
40.73999,28.4889,-0.005569696,27.94129
40.75999,28.48334,-0.005554173,27.93846
40.77999,28.4778,-0.005538694,27.93565
40.79998,28.47228,-0.005523257,27.93284
40.81998,28.46677,-0.005507864,27.93004
40.83998,28.46128,-0.005492513,27.92725
40.85999,28.4558,-0.005477204,27.92447
40.87999,28.45034,-0.005461939,27.9217
40.89999,28.44489,-0.005446715,27.91894
40.91999,28.43946,-0.005431535,27.91619
40.93999,28.43404,-0.005416396,27.91344
40.95998,28.42864,-0.0054013,27.91071
40.97998,28.42325,-0.005386246,27.90798
40.99998,28.41788,-0.005371235,27.90526
41.01999,28.41253,-0.005356264,27.90255
41.03999,28.40719,-0.005341336,27.89985
41.05999,28.40186,-0.00532645,27.89716
41.07999,28.39655,-0.005311604,27.89447
41.09999,28.39125,-0.0052968,27.8918
41.11998,28.38597,-0.005282037,27.88913
41.13998,28.3807,-0.005267317,27.88647
41.15998,28.37545,-0.005252637,27.88383
41.17999,28.37021,-0.005237997,27.88119
41.19999,28.36499,-0.005223399,27.87855
41.21999,28.35978,-0.005208841,27.87593
41.23999,28.35458,-0.005194323,27.87331
41.25999,28.3494,-0.005179847,27.87071
41.27998,28.34424,-0.005165409,27.86811
41.29998,28.33909,-0.005151013,27.86552
41.31998,28.33395,-0.005136657,27.86293
41.33998,28.32883,-0.00512234,27.86036
41.35999,28.32372,-0.005108064,27.85779
41.37999,28.31862,-0.005093827,27.85524
41.39999,28.31355,-0.005079631,27.85269
41.41999,28.30848,-0.005065473,27.85015
41.43999,28.30343,-0.005051355,27.84761
41.45998,28.29839,-0.005037277,27.84509
41.47998,28.29337,-0.005023238,27.84257
41.49998,28.28836,-0.005009238,27.84006
41.51999,28.28336,-0.004995277,27.83756
41.53999,28.27838,-0.004981354,27.83506
41.55999,28.27341,-0.00496747,27.83258
41.57999,28.26846,-0.004953626,27.8301
41.59999,28.26352,-0.004939819,27.82763
41.61998,28.25859,-0.004926051,27.82517
41.63998,28.25368,-0.004912322,27.82272
41.65998,28.24879,-0.004898631,27.82027
41.67999,28.2439,-0.004884979,27.81783
41.69999,28.23903,-0.004871364,27.8154
41.71999,28.23417,-0.004857788,27.81298
41.73999,28.22933,-0.004844248,27.81056
41.75999,28.22449,-0.004830746,27.80815
41.77998,28.21968,-0.004817283,27.80575
41.79998,28.21487,-0.004803857,27.80336
41.81998,28.21008,-0.004790467,27.80097
41.83998,28.2053,-0.004777115,27.7986
41.85999,28.20054,-0.004763801,27.79623
41.87999,28.19579,-0.004750524,27.79386
41.89999,28.19105,-0.004737284,27.79151
41.91999,28.18633,-0.00472408,27.78916
41.93998,28.18161,-0.004710914,27.78682
41.95998,28.17692,-0.004697784,27.78449
41.97998,28.17223,-0.00468469,27.78216
41.99998,28.16756,-0.004671634,27.77984
42.01999,28.1629,-0.004658614,27.77753
42.03999,28.15826,-0.004645631,27.77523
42.05999,28.15362,-0.004632683,27.77293
42.07999,28.149,-0.004619771,27.77064
42.09998,28.1444,-0.004606895,27.76836
42.11998,28.1398,-0.004594056,27.76609
42.13998,28.13522,-0.004581252,27.76382
42.15998,28.13065,-0.004568483,27.76156
42.17999,28.1261,-0.004555751,27.7593
42.19999,28.12155,-0.004543054,27.75706
42.21999,28.11702,-0.004530393,27.75482
42.23999,28.1125,-0.004517766,27.75259
42.25999,28.108,-0.004505175,27.75036
42.27998,28.10351,-0.004492619,27.74814
42.29998,28.09903,-0.004480098,27.74593
42.31998,28.09456,-0.004467612,27.74373
42.33998,28.09011,-0.004455161,27.74153
42.35999,28.08566,-0.004442744,27.73934
42.37999,28.08123,-0.004430362,27.73715
42.39999,28.07681,-0.004418014,27.73498
42.41999,28.07241,-0.004405701,27.73281
42.43998,28.06802,-0.004393422,27.73064
42.45998,28.06363,-0.004381177,27.72849
42.47998,28.05927,-0.004368966,27.72634
42.49998,28.05491,-0.004356789,27.72419
42.51999,28.05056,-0.004344647,27.72206
42.53999,28.04623,-0.004332537,27.71993
42.55999,28.04191,-0.004320463,27.7178
42.57999,28.0376,-0.004308421,27.71569
42.59998,28.03331,-0.004296413,27.71358
42.61998,28.02902,-0.004284438,27.71147
42.63998,28.02475,-0.004272497,27.70938
42.65998,28.02049,-0.00426059,27.70729
42.67999,28.01624,-0.004248715,27.7052
42.69999,28.012,-0.004236874,27.70313
42.71999,28.00778,-0.004225065,27.70105
42.73999,28.00356,-0.00421329,27.69899
42.75998,27.99936,-0.004201547,27.69693
42.77998,27.99517,-0.004189837,27.69488
42.79998,27.99099,-0.004178159,27.69283
42.81998,27.98683,-0.004166515,27.6908
42.83998,27.98267,-0.004154903,27.68876
42.85999,27.97853,-0.004143323,27.68674
42.87999,27.9744,-0.004131775,27.68472
42.89999,27.97028,-0.004120261,27.6827
42.91998,27.96617,-0.004108778,27.6807
42.93998,27.96207,-0.004097327,27.6787
42.95998,27.95799,-0.004085907,27.6767
42.97998,27.95391,-0.00407452,27.67471
42.99998,27.94985,-0.004063164,27.67273
43.01999,27.9458,-0.004051839,27.67075
43.03999,27.94176,-0.004040547,27.66878
43.05999,27.93773,-0.004029286,27.66682
43.07999,27.93371,-0.004018055,27.66486
43.09998,27.9297,-0.004006857,27.66291
43.11998,27.92571,-0.003995689,27.66096
43.13998,27.92172,-0.003984552,27.65902
43.15998,27.91775,-0.003973447,27.65709
43.17999,27.91379,-0.003962373,27.65516
43.19999,27.90984,-0.00395133,27.65324
43.21999,27.9059,-0.003940316,27.65132
43.23999,27.90197,-0.003929335,27.64941
43.25998,27.89805,-0.003918384,27.64751
43.27998,27.89414,-0.003907463,27.64561
43.29998,27.89025,-0.003896572,27.64371
43.31998,27.88636,-0.003885712,27.64183
43.33998,27.88248,-0.003874883,27.63995
43.35999,27.87862,-0.003864083,27.63807
43.37999,27.87477,-0.003853312,27.6362
43.39999,27.87092,-0.003842574,27.63434
43.41998,27.86709,-0.003831864,27.63248
43.43998,27.86327,-0.003821185,27.63063
43.45998,27.85946,-0.003810536,27.62878
43.47998,27.85566,-0.003799916,27.62694
43.49998,27.85187,-0.003789325,27.62511
43.51999,27.84809,-0.003778764,27.62328
43.53999,27.84432,-0.003768232,27.62145
43.55999,27.84057,-0.00375773,27.61963
43.57998,27.83682,-0.003747257,27.61782
43.59998,27.83308,-0.003736813,27.61601
43.61998,27.82936,-0.003726398,27.61421
43.63998,27.82564,-0.003716012,27.61242
43.65998,27.82193,-0.003705656,27.61063
43.67999,27.81824,-0.003695328,27.60884
43.69999,27.81455,-0.003685029,27.60706
43.71999,27.81088,-0.003674758,27.60529
43.73998,27.80721,-0.003664516,27.60352
43.75998,27.80356,-0.003654303,27.60176
43.77998,27.79992,-0.003644118,27.6
43.79998,27.79628,-0.003633962,27.59825
43.81998,27.79266,-0.003623834,27.5965
43.83998,27.78904,-0.003613734,27.59476
43.85999,27.78544,-0.003603662,27.59302
43.87999,27.78185,-0.003593619,27.59129
43.89999,27.77826,-0.003583603,27.58957
43.91998,27.77469,-0.003573615,27.58784
43.93998,27.77113,-0.003563654,27.58613
43.95998,27.76757,-0.003553723,27.58442
43.97998,27.76403,-0.003543819,27.58271
43.99998,27.76049,-0.003533943,27.58101
44.01999,27.75697,-0.003524093,27.57932
44.03999,27.75346,-0.003514271,27.57763
44.05999,27.74995,-0.003504477,27.57595
44.07998,27.74646,-0.003494709,27.57427
44.09998,27.74297,-0.00348497,27.5726
44.11998,27.7395,-0.003475257,27.57093
44.13998,27.73603,-0.003465572,27.56926
44.15998,27.73258,-0.003455913,27.5676
44.17999,27.72913,-0.003446281,27.56595
44.19999,27.72569,-0.003436676,27.5643
44.21999,27.72227,-0.003427098,27.56266
44.23998,27.71885,-0.003417546,27.56102
44.25998,27.71544,-0.00340802,27.55939
44.27998,27.71204,-0.003398521,27.55776
44.29998,27.70865,-0.003389049,27.55614
44.31998,27.70527,-0.003379603,27.55452
44.33998,27.7019,-0.003370184,27.5529
44.35999,27.69854,-0.003360791,27.5513
44.37999,27.69519,-0.003351424,27.54969
44.39998,27.69185,-0.003342084,27.54809
44.41998,27.68851,-0.003332769,27.5465
44.43998,27.68519,-0.003323481,27.54491
44.45998,27.68188,-0.003314219,27.54333
44.47998,27.67857,-0.003304981,27.54175
44.49998,27.67528,-0.003295769,27.54017
44.51999,27.67199,-0.003286584,27.5386
44.53999,27.66871,-0.003277424,27.53704
44.55999,27.66544,-0.00326829,27.53548
44.57998,27.66218,-0.003259181,27.53392
44.59998,27.65893,-0.003250097,27.53237
44.61998,27.65569,-0.003241038,27.53082
44.63998,27.65246,-0.003232006,27.52928
44.65998,27.64924,-0.003222998,27.52774
44.67999,27.64602,-0.003214015,27.52621
44.69999,27.64282,-0.003205057,27.52468
44.71999,27.63962,-0.003196125,27.52316
44.73998,27.63643,-0.003187217,27.52164
44.75998,27.63326,-0.003178334,27.52013
44.77998,27.63009,-0.003169476,27.51862
44.79998,27.62693,-0.003160642,27.51712
44.81998,27.62378,-0.003151833,27.51562
44.83998,27.62063,-0.003143049,27.51412
44.85999,27.6175,-0.003134289,27.51263
44.87999,27.61437,-0.003125553,27.51114
44.89998,27.61126,-0.003116842,27.50966
44.91998,27.60815,-0.003108155,27.50818
44.93998,27.60505,-0.003099491,27.50671
44.95998,27.60196,-0.003090853,27.50524
44.97998,27.59888,-0.003082239,27.50378
44.99998,27.5958,-0.003073649,27.50232
45.01999,27.59274,-0.003065082,27.50086
45.03999,27.58968,-0.00305654,27.49941
45.05998,27.58663,-0.003048021,27.49797
45.07998,27.58359,-0.003039526,27.49652
45.09998,27.58056,-0.003031054,27.49509
45.11998,27.57754,-0.003022606,27.49365
45.13998,27.57452,-0.003014182,27.49222
45.15998,27.57152,-0.003005781,27.4908
45.17999,27.56852,-0.002997404,27.48938
45.19999,27.56553,-0.00298905,27.48796
45.21998,27.56255,-0.002980719,27.48655
45.23998,27.55958,-0.002972412,27.48514
45.25998,27.55661,-0.002964128,27.48374
45.27998,27.55366,-0.002955867,27.48234
45.29998,27.55071,-0.002947629,27.48095
45.31998,27.54777,-0.002939414,27.47955
45.33998,27.54484,-0.002931221,27.47817
45.35999,27.54192,-0.002923052,27.47678
45.37999,27.539,-0.002914904,27.47541
45.39998,27.53609,-0.00290678,27.47403
45.41998,27.5332,-0.00289868,27.47266
45.43998,27.5303,-0.0028906,27.4713
45.45998,27.52742,-0.002882543,27.46993
45.47998,27.52455,-0.00287451,27.46858
45.49998,27.52168,-0.002866499,27.46722
45.51999,27.51882,-0.002858509,27.46587
45.53999,27.51597,-0.002850542,27.46453
45.55998,27.51313,-0.002842596,27.46319
45.57998,27.51029,-0.002834675,27.46185
45.59998,27.50747,-0.002826775,27.46052
45.61998,27.50465,-0.002818896,27.45919
45.63998,27.50184,-0.002811039,27.45786
45.65998,27.49903,-0.002803204,27.45654
45.67999,27.49624,-0.002795391,27.45522
45.69999,27.49345,-0.002787601,27.45391
45.71998,27.49067,-0.002779831,27.4526
45.73998,27.4879,-0.002772084,27.45129
45.75998,27.48513,-0.002764357,27.44999
45.77998,27.48238,-0.002756653,27.44869
45.79998,27.47963,-0.00274897,27.4474
45.81998,27.47689,-0.002741309,27.44611
45.83998,27.47416,-0.002733669,27.44482
45.85999,27.47143,-0.00272605,27.44354
45.87998,27.46871,-0.002718453,27.44226
45.89998,27.466,-0.002710877,27.44099
45.91998,27.4633,-0.002703322,27.43971
45.93998,27.4606,-0.002695787,27.43845
45.95998,27.45792,-0.002688274,27.43719
45.97998,27.45523,-0.002680782,27.43592
45.99998,27.45256,-0.00267331,27.43467
46.01999,27.44989,-0.00266586,27.43342
46.03998,27.44724,-0.00265843,27.43217
46.05998,27.44458,-0.00265102,27.43092
46.07998,27.44194,-0.002643631,27.42968
46.09998,27.4393,-0.002636264,27.42845
46.11998,27.43668,-0.002628916,27.42721
46.13998,27.43406,-0.00262159,27.42598
46.15998,27.43144,-0.002614283,27.42476
46.17999,27.42883,-0.002606997,27.42353
46.19999,27.42623,-0.002599731,27.42232
46.21998,27.42364,-0.002592485,27.4211
46.23998,27.42106,-0.00258526,27.41989
46.25998,27.41848,-0.002578055,27.41868
46.27998,27.41591,-0.002570869,27.41748
46.29998,27.41334,-0.002563704,27.41628
46.31998,27.41079,-0.002556558,27.41508
46.33998,27.40824,-0.002549433,27.41389
46.35999,27.40569,-0.002542327,27.41269
46.37998,27.40316,-0.002535241,27.41151
46.39998,27.40063,-0.002528175,27.41032
46.41998,27.39811,-0.002521129,27.40915
46.43998,27.3956,-0.002514102,27.40797
46.45998,27.39309,-0.002507096,27.4068
46.47998,27.39059,-0.002500108,27.40563
46.49998,27.3881,-0.002493141,27.40446
46.51999,27.38561,-0.002486192,27.4033
46.53998,27.38313,-0.002479264,27.40214
46.55998,27.38066,-0.002472354,27.40099
46.57998,27.37819,-0.002465464,27.39984
46.59998,27.37574,-0.002458591,27.39869
46.61998,27.37329,-0.00245174,27.39754
46.63998,27.37084,-0.002444907,27.3964
46.65998,27.3684,-0.002438092,27.39526
46.67999,27.36597,-0.002431297,27.39413
46.69998,27.36355,-0.002424521,27.393
46.71998,27.36113,-0.002417764,27.39187
46.73998,27.35872,-0.002411026,27.39074
46.75998,27.35631,-0.002404306,27.38962
46.77998,27.35391,-0.002397605,27.3885
46.79998,27.35152,-0.002390923,27.38739
46.81998,27.34914,-0.002384259,27.38628
46.83998,27.34676,-0.002377613,27.38517
46.85998,27.34439,-0.002370986,27.38407
46.87998,27.34202,-0.002364378,27.38297
46.89998,27.33967,-0.002357788,27.38187
46.91998,27.33731,-0.002351217,27.38077
46.93998,27.33497,-0.002344664,27.37968
46.95998,27.33263,-0.002338129,27.37859
46.97998,27.3303,-0.002331612,27.37751
46.99998,27.32798,-0.002325115,27.37642
47.01999,27.32566,-0.002318634,27.37535
47.03998,27.32335,-0.002312172,27.37427
47.05998,27.32104,-0.002305728,27.3732
47.07998,27.31874,-0.002299302,27.37213
47.09998,27.31645,-0.002292895,27.37106
47.11998,27.31416,-0.002286504,27.37
47.13998,27.31188,-0.002280131,27.36894
47.15998,27.30961,-0.002273777,27.36788
47.17999,27.30734,-0.00226744,27.36683
47.19998,27.30508,-0.00226112,27.36578
47.21998,27.30283,-0.002254818,27.36473
47.23998,27.30058,-0.002248534,27.36369
47.25998,27.29833,-0.002242267,27.36264
47.27998,27.2961,-0.002236018,27.36161
47.29998,27.29387,-0.002229786,27.36057
47.31998,27.29165,-0.002223571,27.35954
47.33998,27.28943,-0.002217374,27.35851
47.35998,27.28722,-0.002211194,27.35748
47.37998,27.28501,-0.002205031,27.35646
47.39998,27.28281,-0.002198886,27.35544
47.41998,27.28062,-0.002192757,27.35443
47.43998,27.27843,-0.002186646,27.35341
47.45998,27.27625,-0.002180552,27.3524
47.47998,27.27408,-0.002174474,27.35139
47.49998,27.27191,-0.002168414,27.35039
47.51998,27.26975,-0.00216237,27.34939
47.53998,27.26759,-0.002156343,27.34839
47.55998,27.26544,-0.002150333,27.34739
47.57998,27.2633,-0.002144341,27.3464
47.59998,27.26116,-0.002138365,27.34541
47.61998,27.25903,-0.002132405,27.34442
47.63998,27.2569,-0.002126462,27.34344
47.65998,27.25478,-0.002120535,27.34245
47.67998,27.25266,-0.002114625,27.34148
47.69998,27.25055,-0.002108732,27.3405
47.71998,27.24845,-0.002102854,27.33953
47.73998,27.24635,-0.002096993,27.33856
47.75998,27.24426,-0.002091149,27.33759
47.77998,27.24218,-0.002085321,27.33663
47.79998,27.2401,-0.00207951,27.33567
47.81998,27.23803,-0.002073714,27.33471
47.83998,27.23596,-0.002067934,27.33375
47.85998,27.2339,-0.002062171,27.3328
47.87998,27.23184,-0.002056424,27.33185
47.89998,27.22979,-0.002050692,27.3309
47.91998,27.22775,-0.002044977,27.32996
47.93998,27.22571,-0.002039278,27.32902
47.95998,27.22367,-0.002033595,27.32808
47.97998,27.22165,-0.002027927,27.32714
47.99998,27.21962,-0.002022275,27.32621
48.01998,27.21761,-0.00201664,27.32528
48.03998,27.2156,-0.002011019,27.32435
48.05998,27.21359,-0.002005414,27.32342
48.07998,27.21159,-0.001999825,27.3225
48.09998,27.2096,-0.001994252,27.32158
48.11998,27.20761,-0.001988694,27.32066
48.13998,27.20563,-0.001983151,27.31975
48.15998,27.20365,-0.001977624,27.31884
48.17998,27.20168,-0.001972113,27.31793
48.19998,27.19971,-0.001966617,27.31702
48.21998,27.19775,-0.001961135,27.31612
48.23998,27.19579,-0.001955669,27.31522
48.25998,27.19384,-0.001950219,27.31432
48.27998,27.1919,-0.001944784,27.31342
48.29998,27.18996,-0.001939364,27.31253
48.31998,27.18802,-0.001933959,27.31164
48.33998,27.1861,-0.001928569,27.31075
48.35998,27.18417,-0.001923193,27.30987
48.37998,27.18226,-0.001917833,27.30898
48.39998,27.18034,-0.001912489,27.3081
48.41998,27.17844,-0.001907159,27.30722
48.43998,27.17653,-0.001901843,27.30635
48.45998,27.17464,-0.001896542,27.30548
48.47998,27.17275,-0.001891257,27.30461
48.49998,27.17086,-0.001885986,27.30374
48.51998,27.16898,-0.001880729,27.30288
48.53998,27.1671,-0.001875487,27.30201
48.55998,27.16523,-0.00187026,27.30115
48.57998,27.16337,-0.001865047,27.30029
48.59998,27.16151,-0.00185985,27.29944
48.61998,27.15965,-0.001854666,27.29859
48.63998,27.1578,-0.001849497,27.29774
48.65998,27.15596,-0.001844342,27.29689
48.67998,27.15412,-0.001839202,27.29605
48.69998,27.15229,-0.001834076,27.2952
48.71998,27.15046,-0.001828964,27.29436
48.73998,27.14863,-0.001823867,27.29353
48.75998,27.14681,-0.001818784,27.29269
48.77998,27.145,-0.001813715,27.29186
48.79998,27.14319,-0.00180866,27.29103
48.81998,27.14139,-0.001803619,27.2902
48.83998,27.13959,-0.001798592,27.28938
48.85998,27.1378,-0.001793579,27.28855
48.87998,27.13601,-0.00178858,27.28773
48.89998,27.13422,-0.001783595,27.28691
48.91998,27.13244,-0.001778624,27.2861
48.93998,27.13067,-0.001773667,27.28529
48.95998,27.1289,-0.001768723,27.28448
48.97998,27.12714,-0.001763794,27.28367
48.99998,27.12538,-0.001758878,27.28286
49.01998,27.12362,-0.001753976,27.28206
49.03998,27.12188,-0.001749087,27.28126
49.05998,27.12013,-0.001744212,27.28046
49.07998,27.11839,-0.001739351,27.27966
49.09998,27.11666,-0.001734504,27.27886
49.11998,27.11493,-0.00172967,27.27807
49.13998,27.1132,-0.001724848,27.27728
49.15998,27.11148,-0.001720042,27.27649
49.17998,27.10977,-0.001715248,27.27571
49.19998,27.10806,-0.001710468,27.27493
49.21998,27.10635,-0.0017057,27.27415
49.23998,27.10465,-0.001700947,27.27337
49.25998,27.10296,-0.001696206,27.27259
49.27998,27.10126,-0.001691479,27.27182
49.29998,27.09958,-0.001686765,27.27105
49.31998,27.0979,-0.001682064,27.27028
49.33998,27.09622,-0.001677376,27.26951
49.35998,27.09455,-0.001672701,27.26875
49.37998,27.09288,-0.001668039,27.26798
49.39998,27.09122,-0.00166339,27.26722
49.41998,27.08956,-0.001658754,27.26646
49.43998,27.0879,-0.00165413,27.26571
49.45998,27.08625,-0.00164952,27.26495
49.47998,27.08461,-0.001644923,27.2642
49.49998,27.08297,-0.001640339,27.26345
49.51998,27.08133,-0.001635767,27.2627
49.53998,27.0797,-0.001631207,27.26196
49.55998,27.07807,-0.001626661,27.26122
49.57998,27.07645,-0.001622127,27.26048
49.59998,27.07483,-0.001617607,27.25974
49.61998,27.07322,-0.001613098,27.259
49.63998,27.07161,-0.001608602,27.25827
49.65998,27.07001,-0.001604119,27.25753
49.67998,27.06841,-0.001599648,27.2568
49.69998,27.06681,-0.00159519,27.25608
49.71998,27.06522,-0.001590745,27.25535
49.73998,27.06364,-0.001586311,27.25463
49.75998,27.06206,-0.001581889,27.2539
49.77998,27.06048,-0.00157748,27.25319
49.79998,27.0589,-0.001573084,27.25247
49.81998,27.05734,-0.0015687,27.25175
49.83998,27.05577,-0.001564329,27.25104
49.85998,27.05421,-0.001559969,27.25033
49.87998,27.05266,-0.001555622,27.24962
49.89998,27.05111,-0.001551286,27.24891
49.91998,27.04956,-0.001546963,27.24821
49.93998,27.04802,-0.001542652,27.2475
49.95998,27.04648,-0.001538352,27.2468
49.97998,27.04494,-0.001534064,27.2461
49.99998,27.04341,-0.001529788,27.24541
50.01998,27.04189,-0.001525525,27.24471
50.03998,27.04037,-0.001521273,27.24402
50.05998,27.03885,-0.001517032,27.24333
50.07998,27.03734,-0.001512805,27.24264
50.09998,27.03583,-0.001508589,27.24195
50.11998,27.03432,-0.001504384,27.24127
50.13998,27.03282,-0.001500191,27.24059
50.15998,27.03133,-0.001496009,27.2399
50.17998,27.02983,-0.00149184,27.23923
50.19998,27.02835,-0.001487683,27.23855
50.21998,27.02686,-0.001483536,27.23787
50.23998,27.02538,-0.001479401,27.2372
50.25998,27.02391,-0.001475278,27.23653
50.27998,27.02244,-0.001471167,27.23586
50.29998,27.02097,-0.001467067,27.23519
50.31998,27.01951,-0.001462978,27.23453
50.33998,27.01805,-0.001458901,27.23386
50.35998,27.01659,-0.001454835,27.2332
50.37998,27.01514,-0.00145078,27.23254
50.39998,27.01369,-0.001446736,27.23189
50.41998,27.01225,-0.001442704,27.23123
50.43998,27.01081,-0.001438684,27.23058
50.45998,27.00938,-0.001434674,27.22992
50.47998,27.00795,-0.001430676,27.22927
50.49998,27.00652,-0.001426689,27.22863
50.51998,27.0051,-0.001422712,27.22798
50.53998,27.00368,-0.001418747,27.22733
50.55998,27.00227,-0.001414792,27.22669
50.57998,27.00085,-0.001410849,27.22605
50.59998,26.99945,-0.001406916,27.22541
50.61998,26.99804,-0.001402995,27.22478
50.63998,26.99664,-0.001399084,27.22414
50.65998,26.99525,-0.001395185,27.22351
50.67998,26.99386,-0.001391297,27.22288
50.69998,26.99247,-0.001387419,27.22225
50.71998,26.99109,-0.001383552,27.22162
50.73998,26.98971,-0.001379697,27.22099
50.75998,26.98833,-0.001375852,27.22037
50.77998,26.98696,-0.001372017,27.21975
50.79998,26.9856,-0.001368194,27.21913
50.81998,26.98423,-0.001364381,27.21851
50.83998,26.98287,-0.001360578,27.21789
50.85998,26.98152,-0.001356786,27.21727
50.87998,26.98016,-0.001353006,27.21666
50.89998,26.97882,-0.001349235,27.21605
50.91998,26.97747,-0.001345475,27.21544
50.93998,26.97613,-0.001341726,27.21483
50.95998,26.97479,-0.001337987,27.21423
50.97998,26.97346,-0.001334258,27.21362
50.99998,26.97213,-0.001330539,27.21302
51.01998,26.9708,-0.00132683,27.21242
51.03998,26.96947,-0.001323132,27.21182
51.05998,26.96815,-0.001319444,27.21122
51.07998,26.96684,-0.001315767,27.21062
51.09998,26.96553,-0.0013121,27.21003
51.11998,26.96422,-0.001308442,27.20944
51.13998,26.96291,-0.001304796,27.20885
51.15998,26.96161,-0.00130116,27.20826
51.17998,26.96032,-0.001297533,27.20767
51.19998,26.95902,-0.001293917,27.20708
51.21998,26.95773,-0.001290311,27.2065
51.23998,26.95645,-0.001286715,27.20592
51.25998,26.95516,-0.001283128,27.20534
51.27998,26.95388,-0.001279551,27.20476
51.29998,26.95261,-0.001275986,27.20418
51.31998,26.95133,-0.00127243,27.2036
51.33998,26.95007,-0.001268883,27.20303
51.35998,26.9488,-0.001265346,27.20246
51.37998,26.94754,-0.00126182,27.20189
51.39998,26.94628,-0.001258302,27.20132
51.41998,26.94502,-0.001254795,27.20075
51.43998,26.94377,-0.001251298,27.20018
51.45998,26.94253,-0.00124781,27.19962
51.47998,26.94128,-0.001244333,27.19906
51.49998,26.94004,-0.001240865,27.1985
51.51998,26.9388,-0.001237406,27.19794
51.53998,26.93757,-0.001233957,27.19738
51.55998,26.93634,-0.001230519,27.19682
51.57998,26.93511,-0.001227089,27.19627
51.59998,26.93389,-0.00122367,27.19571
51.61998,26.93267,-0.001220259,27.19516
51.63998,26.93145,-0.001216858,27.19461
51.65998,26.93024,-0.001213467,27.19407
51.67998,26.92903,-0.001210084,27.19352
51.69998,26.92782,-0.001206712,27.19297
51.71998,26.92662,-0.001203349,27.19243
51.73998,26.92542,-0.001199995,27.19189
51.75998,26.92422,-0.00119665,27.19135
51.77998,26.92303,-0.001193316,27.19081
51.79998,26.92184,-0.001189989,27.19027
51.81998,26.92065,-0.001186673,27.18974
51.83998,26.91947,-0.001183366,27.1892
51.85998,26.91829,-0.001180068,27.18867
51.87998,26.91711,-0.001176779,27.18814
51.89998,26.91594,-0.001173499,27.18761
51.91998,26.91477,-0.001170229,27.18708
51.93998,26.9136,-0.001166967,27.18656
51.95998,26.91244,-0.001163714,27.18603
51.97998,26.91128,-0.001160471,27.18551
51.99998,26.91012,-0.001157237,27.18498
52.01998,26.90896,-0.001154011,27.18446
52.03998,26.90781,-0.001150795,27.18394
52.05998,26.90667,-0.001147587,27.18343
52.07998,26.90552,-0.001144389,27.18291
52.09998,26.90438,-0.0011412,27.1824
52.11998,26.90324,-0.00113802,27.18188
52.13998,26.90211,-0.001134848,27.18137
52.15998,26.90098,-0.001131685,27.18086
52.17998,26.89985,-0.001128532,27.18035
52.19998,26.89872,-0.001125387,27.17985
52.21998,26.8976,-0.00112225,27.17934
52.23998,26.89648,-0.001119123,27.17884
52.25998,26.89536,-0.001116004,27.17833
52.27998,26.89425,-0.001112893,27.17783
52.29998,26.89314,-0.001109792,27.17733
52.31998,26.89204,-0.001106699,27.17683
52.33998,26.89093,-0.001103615,27.17634
52.35998,26.88983,-0.001100539,27.17584
52.37998,26.88873,-0.001097471,27.17535
52.39998,26.88764,-0.001094413,27.17485
52.41998,26.88655,-0.001091363,27.17436
52.43998,26.88546,-0.001088321,27.17387
52.45998,26.88437,-0.001085287,27.17338
52.47998,26.88329,-0.001082262,27.1729
52.49998,26.88221,-0.001079246,27.17241
52.51998,26.88114,-0.001076238,27.17193
52.53998,26.88006,-0.001073239,27.17144
52.55998,26.87899,-0.001070247,27.17096
52.57998,26.87793,-0.001067265,27.17048
52.59998,26.87686,-0.001064289,27.17
52.61998,26.8758,-0.001061323,27.16953
52.63998,26.87474,-0.001058365,27.16905
52.65998,26.87369,-0.001055416,27.16858
52.67998,26.87263,-0.001052474,27.1681
52.69998,26.87159,-0.001049541,27.16763
52.71998,26.87054,-0.001046616,27.16716
52.73998,26.8695,-0.001043699,27.16669
52.75998,26.86845,-0.00104079,27.16622
52.77998,26.86742,-0.001037889,27.16575
52.79998,26.86638,-0.001034996,27.16529
52.81998,26.86535,-0.001032111,27.16483
52.83998,26.86432,-0.001029235,27.16436
52.85998,26.86329,-0.001026366,27.1639
52.87998,26.86227,-0.001023506,27.16344
52.89998,26.86125,-0.001020653,27.16298
52.91998,26.86023,-0.001017809,27.16253
52.93998,26.85921,-0.001014971,27.16207
52.95998,26.8582,-0.001012143,27.16161
52.97998,26.85719,-0.001009321,27.16116
52.99998,26.85619,-0.001006508,27.16071
53.01998,26.85518,-0.001003703,27.16026
53.03998,26.85418,-0.001000906,27.15981
53.05998,26.85318,-0.0009981167,27.15936
53.07998,26.85219,-0.0009953353,27.15891
53.09998,26.8512,-0.0009925612,27.15847
53.11998,26.85021,-0.0009897954,27.15802
53.13998,26.84922,-0.0009870369,27.15758
53.15998,26.84824,-0.0009842867,27.15714
53.17998,26.84725,-0.0009815437,27.1567
53.19998,26.84628,-0.0009788079,27.15626
53.21998,26.8453,-0.0009760805,27.15582
53.23998,26.84433,-0.0009733594,27.15538
53.25998,26.84336,-0.0009706466,27.15495
53.27998,26.84239,-0.0009679412,27.15451
53.29998,26.84142,-0.0009652438,27.15408
53.31998,26.84046,-0.000962554,27.15365
53.33998,26.8395,-0.0009598713,27.15322
53.35998,26.83854,-0.0009571959,27.15279
53.37998,26.83759,-0.0009545279,27.15236
53.39998,26.83664,-0.0009518682,27.15193
53.41998,26.83569,-0.0009492157,27.15151
53.43998,26.83474,-0.0009465696,27.15108
53.45998,26.8338,-0.0009439319,27.15066
53.47998,26.83286,-0.0009413013,27.15024
53.49998,26.83192,-0.0009386772,27.14981
53.51998,26.83098,-0.0009360613,27.14939
53.53998,26.83005,-0.0009334518,27.14898
53.55998,26.82912,-0.0009308505,27.14856
53.57998,26.82819,-0.0009282566,27.14814
53.59998,26.82726,-0.000925669,27.14773
53.61998,26.82634,-0.0009230897,27.14731
53.63998,26.82542,-0.0009205168,27.1469
53.65998,26.8245,-0.0009179512,27.14649
53.67998,26.82359,-0.0009153929,27.14608
53.69998,26.82267,-0.000912842,27.14567
53.71998,26.82176,-0.0009102974,27.14526
53.73998,26.82085,-0.0009077601,27.14486
53.75998,26.81995,-0.0009052301,27.14445
53.77998,26.81905,-0.0009027066,27.14404
53.79998,26.81815,-0.0009001914,27.14364
53.81998,26.81725,-0.0008976824,27.14324
53.83998,26.81635,-0.0008951799,27.14284
53.85998,26.81546,-0.0008926856,27.14244
53.87998,26.81457,-0.0008901977,27.14204
53.89998,26.81368,-0.0008877162,27.14164
53.91998,26.8128,-0.000885242,27.14125
53.93998,26.81191,-0.0008827752,27.14085
53.95998,26.81103,-0.0008803147,27.14046
53.97998,26.81016,-0.0008778607,27.14006
53.99998,26.80928,-0.000875414,27.13967
54.01998,26.80841,-0.0008729745,27.13928
54.03998,26.80754,-0.0008705415,27.13889
54.05998,26.80667,-0.0008681157,27.1385
54.07998,26.8058,-0.0008656964,27.13811
54.09998,26.80494,-0.0008632836,27.13773
54.11998,26.80408,-0.000860877,27.13734
54.13998,26.80322,-0.0008584778,27.13696
54.15998,26.80236,-0.0008560851,27.13658
54.17998,26.80151,-0.0008536986,27.13619
54.19998,26.80066,-0.0008513186,27.13581
54.21998,26.79981,-0.000848946,27.13543
54.23998,26.79896,-0.0008465797,27.13506
54.25998,26.79812,-0.0008442198,27.13468
54.27998,26.79728,-0.0008418664,27.1343
54.29998,26.79644,-0.0008395201,27.13392
54.31998,26.7956,-0.0008371804,27.13355
54.33998,26.79477,-0.0008348471,27.13318
54.35998,26.79393,-0.00083252,27.1328
54.37998,26.7931,-0.0008302004,27.13243
54.39998,26.79228,-0.0008278872,27.13206
54.41998,26.79145,-0.0008255795,27.13169
54.43998,26.79063,-0.0008232781,27.13133
54.45998,26.78981,-0.0008209831,27.13096
54.47998,26.78899,-0.0008186955,27.13059
54.49998,26.78817,-0.0008164142,27.13023
54.51998,26.78736,-0.0008141384,27.12986
54.53998,26.78654,-0.0008118691,27.1295
54.55998,26.78574,-0.0008096061,27.12914
54.57998,26.78493,-0.0008073505,27.12878
54.59998,26.78412,-0.0008051003,27.12842
54.61998,26.78332,-0.0008028565,27.12806
54.63998,26.78252,-0.0008006192,27.1277
54.65998,26.78172,-0.0007983873,27.12735
54.67998,26.78093,-0.0007961618,27.12699
54.69998,26.78013,-0.0007939436,27.12664
54.71998,26.77934,-0.000791731,27.12628
54.73998,26.77855,-0.0007895247,27.12593
54.75998,26.77776,-0.000787324,27.12558
54.77998,26.77698,-0.0007851296,27.12523
54.79998,26.7762,-0.0007829407,27.12488
54.81998,26.77542,-0.0007807591,27.12453
54.83998,26.77464,-0.000778583,27.12418
54.85998,26.77386,-0.0007764132,27.12383
54.87998,26.77309,-0.0007742491,27.12349
54.89998,26.77231,-0.0007720913,27.12314
54.91998,26.77154,-0.0007699389,27.1228
54.93998,26.77077,-0.000767793,27.12246
54.95998,26.77001,-0.0007656526,27.12211
54.97998,26.76925,-0.0007635194,27.12177
54.99998,26.76849,-0.0007613918,27.12144
55.01998,26.76773,-0.0007592696,27.1211
55.03998,26.76697,-0.0007571538,27.12076
55.05998,26.76621,-0.0007550436,27.12042
55.07998,26.76546,-0.0007529389,27.12008
55.09998,26.76471,-0.0007508405,27.11975
55.11998,26.76396,-0.0007487476,27.11942
55.13998,26.76321,-0.0007466602,27.11908
55.15998,26.76247,-0.0007445791,27.11875
55.17998,26.76173,-0.0007425045,27.11842
55.19998,26.76099,-0.0007404354,27.11809
55.21998,26.76025,-0.0007383718,27.11776
55.23998,26.75951,-0.0007363136,27.11743
55.25998,26.75878,-0.0007342618,27.1171
55.27998,26.75805,-0.0007322156,27.11678
55.29998,26.75732,-0.0007301748,27.11645
55.31998,26.75659,-0.0007281395,27.11613
55.33998,26.75586,-0.0007261097,27.1158
55.35998,26.75514,-0.0007240854,27.11548
55.37998,26.75441,-0.0007220666,27.11516
55.39998,26.75369,-0.0007200541,27.11484
55.41998,26.75298,-0.0007180471,27.11452
55.43998,26.75226,-0.0007160467,27.1142
55.45998,26.75155,-0.0007140516,27.11388
55.47998,26.75084,-0.0007120619,27.11356
55.49998,26.75013,-0.0007100779,27.11325
55.51998,26.74942,-0.0007080993,27.11293
55.53998,26.74871,-0.0007061262,27.11262
55.55998,26.74801,-0.0007041586,27.1123
55.57998,26.74731,-0.0007021964,27.11199
55.59998,26.74661,-0.0007002397,27.11168
55.61998,26.74591,-0.0006982886,27.11136
55.63998,26.74521,-0.0006963428,27.11106
55.65998,26.74452,-0.0006944017,27.11074
55.67998,26.74383,-0.0006924661,27.11044
55.69998,26.74314,-0.000690536,27.11013
55.71998,26.74245,-0.0006886113,27.10982
55.73998,26.74176,-0.0006866921,27.10952
55.75998,26.74108,-0.0006847784,27.10921
55.77998,26.74039,-0.0006828703,27.10891
55.79998,26.73971,-0.0006809666,27.1086
55.81998,26.73903,-0.0006790684,27.1083
55.83998,26.73836,-0.0006771758,27.108
55.85998,26.73768,-0.0006752887,27.1077
55.87998,26.73701,-0.0006734069,27.1074
55.89998,26.73634,-0.0006715299,27.1071
55.91998,26.73567,-0.0006696582,27.1068
55.93998,26.735,-0.000667792,27.1065
55.95998,26.73433,-0.0006659314,27.10621
55.97998,26.73367,-0.0006640753,27.10591
55.99998,26.73301,-0.0006622247,27.10562
56.01998,26.73235,-0.0006603796,27.10532
56.03998,26.73169,-0.0006585391,27.10503
56.05998,26.73103,-0.000656704,27.10474
56.07998,26.73038,-0.0006548744,27.10445
56.09998,26.72973,-0.0006530494,27.10416
56.11998,26.72908,-0.0006512299,27.10387
56.13998,26.72843,-0.000649415,27.10358
56.15998,26.72778,-0.0006476056,27.10329
56.17998,26.72713,-0.0006457997,27.103
56.19998,26.72649,-0.0006439994,27.10271
56.21998,26.72585,-0.0006422046,27.10243
56.23998,26.7252,-0.0006404144,27.10214
56.25998,26.72457,-0.0006386296,27.10186
56.27998,26.72393,-0.0006368494,27.10158
56.29998,26.72329,-0.0006350747,27.1013
56.31998,26.72266,-0.0006333045,27.10101
56.33998,26.72203,-0.0006315399,27.10073
56.35998,26.7214,-0.0006297798,27.10045
56.37998,26.72077,-0.0006280243,27.10017
56.39998,26.72015,-0.0006262743,27.09989
56.41998,26.71952,-0.0006245288,27.09962
56.43998,26.7189,-0.0006227889,27.09934
56.45998,26.71828,-0.0006210526,27.09906
56.47998,26.71766,-0.0006193217,27.09879
56.49998,26.71704,-0.0006175954,27.09851
56.51998,26.71642,-0.0006158738,27.09824
56.53998,26.71581,-0.0006141576,27.09797
56.55998,26.7152,-0.0006124459,27.09769
56.57998,26.71459,-0.0006107389,27.09742
56.59998,26.71398,-0.0006090373,27.09715
56.61998,26.71337,-0.0006073404,27.09688
56.63998,26.71276,-0.000605648,27.09661
56.65998,26.71216,-0.0006039592,27.09634
56.67998,26.71156,-0.0006022759,27.09608
56.69998,26.71096,-0.0006005972,27.09581
56.71998,26.71036,-0.0005989231,27.09554
56.73998,26.70976,-0.0005972535,27.09528
56.75998,26.70917,-0.0005955894,27.09501
56.77998,26.70857,-0.0005939299,27.09475
56.79998,26.70798,-0.000592275,27.09449
56.81998,26.70739,-0.0005906237,27.09422
56.83998,26.7068,-0.000588977,27.09396
56.85998,26.70621,-0.0005873349,27.0937
56.87998,26.70563,-0.0005856982,27.09344
56.89998,26.70504,-0.0005840661,27.09318
56.91998,26.70446,-0.0005824387,27.09292
56.93998,26.70388,-0.0005808157,27.09266
56.95998,26.7033,-0.0005791964,27.09241
56.97998,26.70272,-0.0005775818,27.09215
56.99998,26.70214,-0.0005759716,27.09189
57.01998,26.70157,-0.0005743661,27.09164
57.03998,26.701,-0.0005727651,27.09138
57.05998,26.70043,-0.0005711687,27.09113
57.07998,26.69986,-0.0005695768,27.09088
57.09998,26.69929,-0.0005679886,27.09063
57.11998,26.69872,-0.000566405,27.09037
57.13998,26.69816,-0.000564826,27.09012
57.15998,26.6976,-0.0005632515,27.08987
57.17998,26.69703,-0.0005616816,27.08962
57.19998,26.69647,-0.0005601163,27.08937
57.21998,26.69592,-0.0005585545,27.08913
57.23998,26.69536,-0.0005569975,27.08888
57.25998,26.6948,-0.000555445,27.08863
57.27998,26.69425,-0.000553897,27.08839
57.29998,26.6937,-0.0005523536,27.08814
57.31998,26.69315,-0.0005508139,27.0879
57.33998,26.6926,-0.0005492787,27.08765
57.35998,26.69205,-0.0005477482,27.08741
57.37998,26.6915,-0.0005462221,27.08717
57.39998,26.69096,-0.0005446998,27.08693
57.41998,26.69041,-0.0005431811,27.08669
57.43998,26.68987,-0.0005416669,27.08644
57.45998,26.68933,-0.0005401574,27.0862
57.47998,26.6888,-0.0005386524,27.08597
57.49998,26.68826,-0.0005371511,27.08573
57.51998,26.68772,-0.0005356534,27.08549
57.53998,26.68719,-0.0005341603,27.08525
57.55998,26.68666,-0.0005326718,27.08502
57.57998,26.68612,-0.0005311878,27.08478
57.59998,26.68559,-0.0005297075,27.08455
57.61998,26.68507,-0.0005282309,27.08431
57.63998,26.68454,-0.0005267588,27.08408
57.65998,26.68402,-0.0005252914,27.08385
57.67998,26.68349,-0.0005238275,27.08361
57.69998,26.68297,-0.0005223674,27.08338
57.71998,26.68245,-0.0005209117,27.08315
57.73998,26.68193,-0.0005194598,27.08292
57.75998,26.68141,-0.0005180124,27.08269
57.77998,26.68089,-0.0005165687,27.08246
57.79998,26.68038,-0.0005151286,27.08223
57.81998,26.67986,-0.0005136931,27.082
57.83998,26.67935,-0.0005122612,27.08178
57.85998,26.67884,-0.0005108331,27.08155
57.87998,26.67833,-0.0005094095,27.08133
57.89998,26.67782,-0.0005079895,27.0811
57.91998,26.67732,-0.0005065741,27.08088
57.93998,26.67681,-0.0005051615,27.08065
57.95998,26.67631,-0.0005037534,27.08043
57.97998,26.67581,-0.0005023499,27.0802
57.99998,26.6753,-0.0005009501,27.07998
58.01998,26.6748,-0.0004995539,27.07976
58.03998,26.67431,-0.0004981614,27.07954
58.05998,26.67381,-0.0004967735,27.07932
58.07998,26.67332,-0.0004953892,27.0791
58.09998,26.67282,-0.0004940085,27.07888
58.11998,26.67233,-0.0004926316,27.07866
58.13998,26.67184,-0.0004912592,27.07845
58.15998,26.67135,-0.0004898895,27.07823
58.17998,26.67086,-0.0004885244,27.07801
58.19998,26.67037,-0.0004871629,27.0778
58.21998,26.66989,-0.0004858052,27.07758
58.23998,26.6694,-0.0004844511,27.07737
58.25998,26.66892,-0.0004831006,27.07715
58.27998,26.66844,-0.0004817547,27.07694
58.29998,26.66796,-0.0004804116,27.07673
58.31998,26.66748,-0.0004790721,27.07651
58.33998,26.667,-0.0004777372,27.0763
58.35998,26.66652,-0.0004764059,27.07609
58.37998,26.66605,-0.0004750783,27.07588
58.39998,26.66558,-0.0004737543,27.07567
58.41998,26.6651,-0.0004724341,27.07546
58.43998,26.66463,-0.0004711174,27.07525
58.45998,26.66416,-0.0004698045,27.07504
58.47998,26.66369,-0.0004684952,27.07484
58.49998,26.66323,-0.0004671895,27.07463
58.51998,26.66276,-0.0004658875,27.07442
58.53998,26.66229,-0.0004645891,27.07422
58.55998,26.66183,-0.0004632935,27.07401
58.57998,26.66137,-0.0004620025,27.07381
58.59998,26.66091,-0.0004607151,27.0736
58.61998,26.66045,-0.0004594305,27.0734
58.63998,26.65999,-0.0004581495,27.0732
58.65998,26.65953,-0.0004568731,27.073
58.67998,26.65908,-0.0004555995,27.07279
58.69998,26.65862,-0.0004543294,27.07259
58.71998,26.65817,-0.0004530631,27.07239
58.73998,26.65772,-0.0004518004,27.07219
58.75998,26.65727,-0.0004505414,27.07199
58.77998,26.65682,-0.000449286,27.07179
58.79998,26.65637,-0.0004480334,27.0716
58.81998,26.65592,-0.0004467844,27.0714
58.83998,26.65548,-0.0004455391,27.0712
58.85998,26.65503,-0.0004442965,27.071
58.87998,26.65459,-0.0004430585,27.07081
58.89998,26.65415,-0.0004418242,27.07061
58.91998,26.65371,-0.0004405926,27.07042
58.93998,26.65327,-0.0004393647,27.07022
58.95998,26.65283,-0.0004381404,27.07003
58.97998,26.65239,-0.0004369188,27.06984
58.99998,26.65196,-0.0004357009,27.06964
59.01998,26.65152,-0.0004344867,27.06945
59.03998,26.65109,-0.0004332752,27.06926
59.05998,26.65066,-0.0004320674,27.06907
59.07998,26.65022,-0.0004308623,27.06888
59.09998,26.6498,-0.0004296618,27.06869
59.11998,26.64937,-0.000428465,27.0685
59.13998,26.64894,-0.0004272708,27.06831
59.15998,26.64851,-0.0004260804,27.06812
59.17998,26.64809,-0.0004248936,27.06793
59.19998,26.64767,-0.0004237095,27.06774
59.21998,26.64724,-0.0004225291,27.06756
59.23998,26.64682,-0.0004213515,27.06737
59.25998,26.6464,-0.0004201775,27.06718
59.27998,26.64598,-0.0004190071,27.067
59.29998,26.64556,-0.0004178386,27.06681
59.31998,26.64515,-0.0004166738,27.06663
59.33998,26.64473,-0.0004155126,27.06645
59.35998,26.64432,-0.0004143541,27.06626
59.37998,26.6439,-0.0004131993,27.06608
59.39998,26.64349,-0.0004120473,27.0659
59.41998,26.64308,-0.0004108989,27.06572
59.43998,26.64267,-0.0004097542,27.06553
59.45998,26.64226,-0.0004086122,27.06536
59.47998,26.64186,-0.0004074738,27.06517
59.49998,26.64145,-0.0004063382,27.06499
59.51998,26.64104,-0.0004052054,27.06482
59.53998,26.64064,-0.0004040762,27.06464
59.55998,26.64024,-0.0004029497,27.06446
59.57998,26.63984,-0.0004018269,27.06428
59.59998,26.63943,-0.0004007069,27.0641
59.61998,26.63903,-0.0003995905,27.06393
59.63998,26.63864,-0.0003984759,27.06375
59.65998,26.63824,-0.000397365,27.06358
59.67998,26.63784,-0.0003962577,27.0634
59.69998,26.63745,-0.0003951532,27.06322
59.71998,26.63705,-0.0003940524,27.06305
59.73998,26.63666,-0.0003929534,27.06288
59.75998,26.63627,-0.000391858,27.0627
59.77998,26.63588,-0.0003907663,27.06253
59.79998,26.63549,-0.0003896773,27.06236
59.81998,26.6351,-0.0003885911,27.06219
59.83998,26.63471,-0.0003875076,27.06202
59.85998,26.63433,-0.0003864278,27.06185
59.87998,26.63394,-0.0003853508,27.06167
59.89998,26.63356,-0.0003842764,27.0615
59.91998,26.63317,-0.0003832057,27.06134
59.93998,26.63279,-0.0003821378,27.06117
59.95998,26.63241,-0.0003810735,27.061
59.97998,26.63203,-0.0003800111,27.06083
59.99998,26.63165,-0.0003789523,27.06066
60.01998,26.63127,-0.0003778962,27.0605
60.03998,26.6309,-0.0003768429,27.06033
60.05998,26.63052,-0.0003757924,27.06016
60.07998,26.63015,-0.0003747455,27.06
60.09998,26.62977,-0.0003737013,27.05983
60.11998,26.6294,-0.0003726599,27.05967
60.13998,26.62903,-0.0003716212,27.0595
60.15998,26.62866,-0.0003705853,27.05934
60.17998,26.62829,-0.000369553,27.05918
60.19998,26.62792,-0.0003685225,27.05901
60.21998,26.62755,-0.0003674957,27.05885
60.23998,26.62719,-0.0003664708,27.05869
60.25998,26.62682,-0.0003654495,27.05853
60.27998,26.62646,-0.0003644309,27.05837
60.29998,26.62609,-0.0003634151,27.05821
60.31998,26.62573,-0.000362402,27.05805
60.33998,26.62537,-0.0003613917,27.05789
60.35998,26.62501,-0.000360385,27.05773
60.37998,26.62465,-0.0003593802,27.05757
60.39998,26.62429,-0.000358379,27.05741
60.41998,26.62393,-0.0003573796,27.05725
60.43998,26.62358,-0.0003563839,27.0571
60.45998,26.62322,-0.000355391,27.05694
60.47998,26.62287,-0.0003544007,27.05678
60.49998,26.62251,-0.0003534133,27.05663
60.51998,26.62216,-0.0003524285,27.05647
60.53998,26.62181,-0.0003514456,27.05632
60.55998,26.62146,-0.0003504664,27.05616
60.57998,26.62111,-0.000349489,27.05601
60.59998,26.62076,-0.0003485152,27.05585
60.61998,26.62041,-0.0003475433,27.0557
60.63998,26.62007,-0.000346575,27.05555
60.65998,26.61972,-0.0003456086,27.05539
60.67998,26.61938,-0.0003446458,27.05524
60.69998,26.61903,-0.0003436848,27.05509
60.71998,26.61869,-0.0003427275,27.05494
60.73998,26.61835,-0.000341772,27.05479
60.75998,26.61801,-0.0003408193,27.05464
60.77998,26.61767,-0.0003398693,27.05449
60.79998,26.61733,-0.0003389221,27.05434
60.81998,26.61699,-0.0003379776,27.05419
60.83998,26.61665,-0.0003370358,27.05404
60.85998,26.61632,-0.0003360959,27.05389
60.87998,26.61598,-0.0003351596,27.05374
60.89998,26.61565,-0.0003342252,27.05359
60.91998,26.61531,-0.0003332935,27.05345
60.93998,26.61498,-0.0003323645,27.0533
60.95998,26.61465,-0.0003314383,27.05316
60.97998,26.61432,-0.0003305139,27.05301
60.99998,26.61399,-0.0003295932,27.05286
61.01998,26.61366,-0.0003286743,27.05272
61.03998,26.61333,-0.0003277581,27.05257
61.05998,26.61301,-0.0003268447,27.05243
61.07998,26.61268,-0.0003259341,27.05229
61.09998,26.61236,-0.0003250252,27.05214
61.11998,26.61203,-0.00032412,27.052
61.13998,26.61171,-0.0003232167,27.05186
61.15998,26.61139,-0.0003223161,27.05172
61.17998,26.61107,-0.0003214173,27.05157
61.19998,26.61075,-0.0003205212,27.05143
61.21998,26.61043,-0.000319628,27.05129
61.23998,26.61011,-0.0003187365,27.05115
61.25998,26.60979,-0.0003178487,27.05101
61.27998,26.60947,-0.0003169627,27.05087
61.29998,26.60916,-0.0003160794,27.05073
61.31998,26.60884,-0.000315198,27.05059
61.33998,26.60853,-0.0003143194,27.05045
61.35998,26.60821,-0.0003134434,27.05031
61.37998,26.6079,-0.0003125702,27.05018
61.39998,26.60759,-0.0003116989,27.05004
61.41998,26.60728,-0.0003108303,27.0499
61.43998,26.60697,-0.0003099635,27.04976
61.45998,26.60666,-0.0003090994,27.04963
61.47998,26.60635,-0.0003082382,27.04949
61.49998,26.60604,-0.0003073787,27.04936
61.51998,26.60574,-0.000306522,27.04922
61.53998,26.60543,-0.0003056671,27.04909
61.55998,26.60513,-0.0003048158,27.04895
61.57998,26.60482,-0.0003039664,27.04882
61.59998,26.60452,-0.0003031198,27.04869
61.61998,26.60422,-0.0003022749,27.04855
61.63998,26.60392,-0.0003014328,27.04842
61.65998,26.60361,-0.0003005925,27.04829
61.67998,26.60332,-0.0002997541,27.04815
61.69998,26.60302,-0.0002989184,27.04802
61.71998,26.60272,-0.0002980854,27.04789
61.73998,26.60242,-0.0002972553,27.04776
61.75998,26.60213,-0.0002964269,27.04763
61.77998,26.60183,-0.0002956013,27.0475
61.79998,26.60153,-0.0002947774,27.04737
61.81998,26.60124,-0.0002939554,27.04724
61.83998,26.60095,-0.0002931362,27.04711
61.85998,26.60065,-0.0002923188,27.04698
61.87998,26.60036,-0.0002915041,27.04685
61.89998,26.60007,-0.0002906913,27.04672
61.91998,26.59978,-0.0002898812,27.0466
61.93998,26.59949,-0.000289073,27.04647
61.95998,26.59921,-0.0002882665,27.04634
61.97998,26.59892,-0.0002874628,27.04622
61.99998,26.59863,-0.0002866609,27.04609
62.01998,26.59834,-0.0002858618,27.04596
62.03998,26.59806,-0.0002850654,27.04584
62.05998,26.59778,-0.0002842718,27.04571
62.07998,26.59749,-0.00028348,27.04559
62.09998,26.59721,-0.00028269,27.04546
62.11998,26.59693,-0.0002819028,27.04534
62.13998,26.59665,-0.0002811165,27.04521
62.15998,26.59637,-0.0002803329,27.04509
62.17998,26.59609,-0.0002795511,27.04497
62.19998,26.59581,-0.0002787712,27.04484
62.21998,26.59553,-0.000277994,27.04472
62.23998,26.59525,-0.0002772187,27.0446
62.25998,26.59498,-0.0002764461,27.04448
62.27998,26.5947,-0.0002756753,27.04436
62.29998,26.59443,-0.0002749063,27.04424
62.31998,26.59415,-0.0002741401,27.04412
62.33998,26.59388,-0.0002733758,27.04399
62.35998,26.59361,-0.0002726141,27.04387
62.37998,26.59333,-0.0002718543,27.04375
62.39998,26.59306,-0.0002710963,27.04363
62.41998,26.59279,-0.0002703411,27.04351
62.43998,26.59252,-0.0002695877,27.0434
62.45998,26.59225,-0.0002688371,27.04328
62.47998,26.59198,-0.0002680873,27.04316
62.49998,26.59172,-0.0002673394,27.04304
62.51998,26.59145,-0.0002665942,27.04292
62.53998,26.59118,-0.0002658509,27.04281
62.55998,26.59092,-0.0002651102,27.04269
62.57998,26.59065,-0.0002643715,27.04257
62.59998,26.59039,-0.0002636345,27.04246
62.61998,26.59013,-0.0002629003,27.04234
62.63998,26.58987,-0.000262167,27.04223
62.65998,26.58961,-0.0002614365,27.04211
62.67998,26.58934,-0.0002607077,27.042
62.69998,26.58908,-0.0002599809,27.04188
62.71998,26.58883,-0.0002592567,27.04177
62.73998,26.58857,-0.0002585344,27.04165
62.75998,26.58831,-0.000257813,27.04154
62.77998,26.58805,-0.0002570943,27.04143
62.79998,26.5878,-0.0002563775,27.04131
62.81998,26.58754,-0.0002556634,27.0412
62.83998,26.58728,-0.0002549512,27.04109
62.85998,26.58703,-0.0002542407,27.04098
62.87998,26.58678,-0.0002535321,27.04086
62.89998,26.58652,-0.0002528254,27.04075
62.91998,26.58627,-0.0002521204,27.04064
62.93998,26.58602,-0.0002514182,27.04053
62.95998,26.58577,-0.0002507169,27.04042
62.97998,26.58552,-0.0002500183,27.04031
62.99998,26.58527,-0.0002493216,27.0402
63.01998,26.58502,-0.0002486267,27.04009
63.03998,26.58477,-0.0002479337,27.03998
63.05998,26.58453,-0.0002472424,27.03988
63.07998,26.58428,-0.000246553,27.03977
63.09998,26.58403,-0.0002458664,27.03966
63.11998,26.58379,-0.0002451807,27.03955
63.13998,26.58354,-0.0002444967,27.03944
63.15998,26.5833,-0.0002438155,27.03934
63.17998,26.58306,-0.0002431362,27.03923
63.19998,26.58282,-0.0002424587,27.03912
63.21998,26.58257,-0.000241783,27.03901
63.23998,26.58233,-0.0002411091,27.03891
63.25998,26.58209,-0.0002404371,27.0388
63.27998,26.58185,-0.0002397669,27.0387
63.29998,26.58161,-0.0002390985,27.03859
63.31998,26.58138,-0.0002384329,27.03849
63.33998,26.58114,-0.0002377682,27.03838
63.35998,26.5809,-0.0002371053,27.03828
63.37998,26.58066,-0.0002364452,27.03817
63.39998,26.58043,-0.0002357859,27.03807
63.41998,26.58019,-0.0002351285,27.03797
63.43998,26.57996,-0.0002344738,27.03786
63.45998,26.57972,-0.0002338201,27.03776
63.47998,26.57949,-0.0002331682,27.03766
63.49998,26.57926,-0.000232519,27.03756
63.51998,26.57903,-0.0002318708,27.03745
63.53998,26.57879,-0.0002312243,27.03735
63.55998,26.57856,-0.0002305797,27.03725
63.57998,26.57833,-0.000229937,27.03715
63.59998,26.5781,-0.000229296,27.03705
63.61998,26.57788,-0.0002286569,27.03695
63.63998,26.57765,-0.0002280196,27.03685
63.65998,26.57742,-0.0002273833,27.03675
63.67998,26.57719,-0.0002267496,27.03665
63.69998,26.57697,-0.0002261178,27.03655
63.71998,26.57674,-0.0002254869,27.03645
63.73998,26.57652,-0.0002248588,27.03635
63.75998,26.57629,-0.0002242316,27.03625
63.77998,26.57607,-0.0002236062,27.03615
63.79998,26.57584,-0.0002229835,27.03605
63.81998,26.57562,-0.0002223618,27.03596
63.83998,26.5754,-0.0002217419,27.03586
63.85998,26.57518,-0.0002211238,27.03576
63.87998,26.57496,-0.0002205075,27.03566
63.89998,26.57474,-0.0002198922,27.03557
63.91998,26.57452,-0.0002192796,27.03547
63.93998,26.5743,-0.0002186688,27.03537
63.95998,26.57408,-0.0002180589,27.03528
63.97998,26.57386,-0.0002174518,27.03518
63.99998,26.57365,-0.0002168456,27.03509
64.01997,26.57343,-0.0002162413,27.03499
64.03998,26.57322,-0.0002156387,27.0349
64.05997,26.573,-0.000215038,27.0348
64.07998,26.57279,-0.0002144382,27.03471
64.09998,26.57257,-0.0002138411,27.03461
64.11998,26.57236,-0.000213245,27.03452
64.13998,26.57215,-0.0002126507,27.03443
64.15998,26.57194,-0.0002120582,27.03433
64.17998,26.57172,-0.0002114676,27.03424
64.19997,26.57151,-0.0002108778,27.03415
64.21998,26.5713,-0.0002102899,27.03406
64.23997,26.57109,-0.0002097038,27.03396
64.25998,26.57088,-0.0002091195,27.03387
64.27998,26.57067,-0.0002085362,27.03378
64.29998,26.57047,-0.0002079556,27.03369
64.31998,26.57026,-0.0002073759,27.0336
64.33997,26.57005,-0.0002067981,27.0335
64.35998,26.56985,-0.000206222,27.03341
64.37997,26.56964,-0.0002056479,27.03333
64.39998,26.56944,-0.0002050746,27.03323
64.41998,26.56923,-0.0002045022,27.03314
64.43998,26.56903,-0.0002039326,27.03305
64.45998,26.56882,-0.0002033638,27.03296
64.47998,26.56862,-0.000202797,27.03288
64.49998,26.56842,-0.0002022319,27.03279
64.51997,26.56822,-0.0002016687,27.0327
64.53998,26.56802,-0.0002011064,27.03261
64.55997,26.56782,-0.0002005459,27.03252
64.57998,26.56762,-0.0001999872,27.03243
64.59998,26.56742,-0.0001994295,27.03234
64.61998,26.56722,-0.0001988736,27.03226
64.63998,26.56702,-0.0001983195,27.03217
64.65998,26.56682,-0.0001977663,27.03208
64.67998,26.56662,-0.000197215,27.032
64.69997,26.56643,-0.0001966655,27.03191
64.71998,26.56623,-0.0001961178,27.03182
64.73997,26.56603,-0.000195571,27.03174
64.75998,26.56584,-0.0001950252,27.03165
64.77998,26.56565,-0.0001944821,27.03157
64.79998,26.56545,-0.0001939399,27.03148
64.81998,26.56526,-0.0001933995,27.0314
64.83997,26.56507,-0.000192861,27.03131
64.85998,26.56487,-0.0001923234,27.03123
64.87997,26.56468,-0.0001917875,27.03114
64.89998,26.56449,-0.0001912527,27.03106
64.91998,26.5643,-0.0001907196,27.03098
64.93998,26.56411,-0.0001901884,27.03089
64.95998,26.56392,-0.0001896581,27.03081
64.97998,26.56373,-0.0001891296,27.03073
64.99998,26.56354,-0.0001886029,27.03064
65.01997,26.56335,-0.0001880772,27.03056
65.03998,26.56317,-0.0001875524,27.03048
65.05997,26.56298,-0.0001870303,27.0304
65.07998,26.56279,-0.0001865091,27.03031
65.09998,26.5626,-0.0001859889,27.03023
65.11998,26.56242,-0.0001854705,27.03015
65.13998,26.56223,-0.0001849539,27.03007
65.15997,26.56205,-0.0001844382,27.02999
65.17998,26.56187,-0.0001839234,27.02991
65.19997,26.56168,-0.0001834114,27.02983
65.21998,26.5615,-0.0001829003,27.02975
65.23997,26.56132,-0.0001823901,27.02966
65.25998,26.56114,-0.0001818817,27.02958
65.27998,26.56096,-0.0001813752,27.0295
65.29998,26.56077,-0.0001808696,27.02943
65.31998,26.56059,-0.0001803649,27.02935
65.33997,26.56041,-0.000179862,27.02927
65.35998,26.56023,-0.0001793609,27.02919
65.37997,26.56005,-0.0001788608,27.02911
65.39998,26.55988,-0.0001783625,27.02903
65.41998,26.5597,-0.0001778651,27.02895
65.43998,26.55952,-0.0001773695,27.02888
65.45998,26.55934,-0.0001768749,27.0288
65.47998,26.55917,-0.000176382,27.02872
65.49998,26.55899,-0.0001758911,27.02864
65.51997,26.55882,-0.000175401,27.02857
65.53998,26.55864,-0.0001749118,27.02849
65.55997,26.55847,-0.0001744245,27.02841
65.57998,26.55829,-0.000173939,27.02834
65.59998,26.55812,-0.0001734544,27.02826
65.61998,26.55795,-0.0001729707,27.02818
65.63998,26.55778,-0.0001724879,27.02811
65.65997,26.5576,-0.0001720079,27.02803
65.67998,26.55743,-0.0001715288,27.02796
65.69997,26.55726,-0.0001710506,27.02788
65.71998,26.55709,-0.0001705733,27.02781
65.73997,26.55692,-0.0001700979,27.02773
65.75998,26.55675,-0.0001696243,27.02766
65.77998,26.55658,-0.0001691515,27.02758
65.79998,26.55641,-0.0001686797,27.02751
65.81998,26.55625,-0.0001682098,27.02744
65.83997,26.55608,-0.0001677407,27.02736
65.85998,26.55591,-0.0001672735,27.02729
65.87997,26.55574,-0.0001668072,27.02721
65.89998,26.55558,-0.0001663427,27.02714
65.91998,26.55541,-0.0001658792,27.02707
65.93998,26.55525,-0.0001654165,27.02699
65.95998,26.55508,-0.0001649557,27.02692
65.97997,26.55492,-0.0001644967,27.02685
65.99998,26.55475,-0.0001640386,27.02678
66.01997,26.55459,-0.0001635815,27.02671
66.03998,26.55443,-0.0001631252,27.02664
66.05997,26.55426,-0.0001626699,27.02656
66.07998,26.5541,-0.0001622164,27.02649
66.09998,26.55394,-0.0001617647,27.02642
66.11998,26.55378,-0.0001613139,27.02635
66.13998,26.55362,-0.0001608641,27.02628
66.15997,26.55346,-0.000160416,27.02621
66.17998,26.5533,-0.000159969,27.02614
66.19997,26.55314,-0.0001595228,27.02607
66.21998,26.55298,-0.0001590775,27.026
66.23997,26.55282,-0.000158635,27.02593
66.25998,26.55266,-0.0001581933,27.02586
66.27998,26.5525,-0.0001577526,27.02579
66.29998,26.55235,-0.0001573128,27.02572
66.31998,26.55219,-0.0001568749,27.02565
66.33997,26.55203,-0.0001564378,27.02558
66.35998,26.55188,-0.0001560017,27.02551
66.37997,26.55172,-0.0001555665,27.02545
66.39998,26.55157,-0.0001551321,27.02538
66.41998,26.55141,-0.0001546997,27.02531
66.43998,26.55126,-0.000154269,27.02524
66.45998,26.5511,-0.0001538393,27.02518
66.47997,26.55095,-0.0001534105,27.02511
66.49998,26.5508,-0.0001529835,27.02504
66.51997,26.55065,-0.0001525574,27.02497
66.53998,26.55049,-0.0001521322,27.02491
66.55997,26.55034,-0.000151708,27.02484
66.57998,26.55019,-0.0001512847,27.02477
66.59998,26.55004,-0.0001508632,27.02471
66.61998,26.54989,-0.0001504426,27.02464
66.63998,26.54974,-0.0001500229,27.02458
66.65997,26.54959,-0.0001496041,27.02451
66.67998,26.54944,-0.0001491872,27.02444
66.69997,26.54929,-0.0001487712,27.02438
66.71998,26.54914,-0.000148357,27.02431
66.73997,26.54899,-0.0001479437,27.02425
66.75998,26.54885,-0.0001475313,27.02418
66.77998,26.5487,-0.0001471208,27.02412
66.79997,26.54855,-0.0001467112,27.02406
66.81998,26.54841,-0.0001463025,27.02399
66.83997,26.54826,-0.0001458947,27.02393
66.85998,26.54812,-0.0001454887,27.02386
66.87997,26.54797,-0.0001450837,27.0238
66.89998,26.54783,-0.0001446796,27.02374
66.91998,26.54768,-0.0001442763,27.02367
66.93998,26.54754,-0.000143874,27.02361
66.95998,26.5474,-0.0001434736,27.02355
66.97997,26.54725,-0.000143074,27.02348
66.99998,26.54711,-0.0001426754,27.02342
67.01997,26.54697,-0.0001422776,27.02336
67.03998,26.54683,-0.0001418808,27.0233
67.05997,26.54668,-0.0001414858,27.02323
67.07998,26.54654,-0.0001410917,27.02317
67.09998,26.5464,-0.0001406986,27.02311
67.11998,26.54626,-0.0001403063,27.02305
67.13998,26.54612,-0.000139915,27.02299
67.15997,26.54598,-0.0001395255,27.02293
67.17998,26.54584,-0.0001391369,27.02287
67.19997,26.5457,-0.0001387492,27.0228
67.21998,26.54556,-0.0001383625,27.02274
67.23997,26.54543,-0.0001379766,27.02268
67.25998,26.54529,-0.0001375926,27.02262
67.27998,26.54515,-0.0001372095,27.02256
67.29997,26.54502,-0.0001368273,27.0225
67.31998,26.54488,-0.000136446,27.02244
67.33997,26.54474,-0.0001360657,27.02238
67.35998,26.54461,-0.0001356872,27.02232
67.37997,26.54447,-0.0001353095,27.02226
67.39998,26.54434,-0.0001349319,27.02221
67.41998,26.5442,-0.0001345552,27.02214
67.43998,26.54407,-0.0001341794,27.02209
67.45998,26.54393,-0.0001338055,27.02203
67.47997,26.5438,-0.0001334324,27.02197
67.49998,26.54367,-0.0001330603,27.02191
67.51997,26.54353,-0.0001326891,27.02185
67.53998,26.5434,-0.0001323188,27.02179
67.55997,26.54327,-0.0001319503,27.02174
67.57998,26.54314,-0.0001315827,27.02168
67.59998,26.54301,-0.0001312161,27.02162
67.61997,26.54288,-0.0001308504,27.02156
67.63998,26.54275,-0.0001304855,27.02151
67.65997,26.54262,-0.0001301225,27.02145
67.67998,26.54249,-0.0001297605,27.02139
67.69997,26.54236,-0.0001293984,27.02134
67.71998,26.54223,-0.0001290372,27.02128
67.73997,26.5421,-0.000128677,27.02122
67.75998,26.54197,-0.0001283186,27.02117
67.77998,26.54184,-0.0001279611,27.02111
67.79997,26.54172,-0.0001276045,27.02105
67.81998,26.54159,-0.0001272488,27.021
67.83997,26.54146,-0.0001268941,27.02094
67.85998,26.54133,-0.0001265402,27.02089
67.87997,26.54121,-0.0001261882,27.02083
67.89998,26.54108,-0.0001258371,27.02078
67.91998,26.54096,-0.000125486,27.02072
67.93998,26.54083,-0.0001251358,27.02067
67.95998,26.54071,-0.0001247865,27.02061
67.97997,26.54058,-0.0001244391,27.02056
67.99998,26.54046,-0.0001240926,27.0205
68.01997,26.54033,-0.0001237469,27.02045
68.03998,26.54021,-0.0001234022,27.02039
68.05997,26.54009,-0.0001230584,27.02034
68.07998,26.53996,-0.0001227147,27.02028
68.09998,26.53984,-0.0001223727,27.02023
68.11997,26.53972,-0.0001220317,27.02018
68.13998,26.5396,-0.0001216915,27.02012
68.15997,26.53948,-0.0001213523,27.02007
68.17998,26.53936,-0.000121014,27.02002
68.19997,26.53924,-0.0001206775,27.01997
68.21998,26.53912,-0.0001203411,27.01991
68.23997,26.539,-0.0001200055,27.01986
68.25998,26.53888,-0.0001196709,27.01981
68.27998,26.53876,-0.0001193371,27.01975
68.29997,26.53864,-0.0001190043,27.0197
68.31998,26.53852,-0.0001186733,27.01965
68.33997,26.5384,-0.0001183424,27.0196
68.35998,26.53828,-0.0001180123,27.01955
68.37997,26.53816,-0.0001176831,27.0195
68.39998,26.53805,-0.0001173549,27.01944
68.41998,26.53793,-0.0001170276,27.01939
68.43998,26.53781,-0.0001167021,27.01934
68.45998,26.5377,-0.0001163765,27.01929
68.47997,26.53758,-0.000116052,27.01924
68.49998,26.53746,-0.0001157283,27.01919
68.51997,26.53735,-0.0001154055,27.01914
68.53998,26.53723,-0.0001150837,27.01909
68.55997,26.53712,-0.0001147637,27.01904
68.57998,26.537,-0.0001144437,27.01899
68.59998,26.53689,-0.0001141246,27.01894
68.61997,26.53678,-0.0001138064,27.01889
68.63998,26.53666,-0.0001134891,27.01884
68.65997,26.53655,-0.0001131727,27.01879
68.67998,26.53644,-0.0001128573,27.01874
68.69997,26.53632,-0.0001125428,27.01869
68.71998,26.53621,-0.0001122292,27.01864
68.73997,26.5361,-0.0001119165,27.01859
68.75998,26.53599,-0.0001116047,27.01854
68.77998,26.53588,-0.0001112929,27.01849
68.79997,26.53576,-0.0001109829,27.01844
68.81998,26.53565,-0.0001106739,27.01839
68.83997,26.53554,-0.0001103658,27.01835
68.85998,26.53543,-0.0001100576,27.0183
68.87997,26.53532,-0.0001097504,27.01825
68.89998,26.53521,-0.0001094441,27.0182
68.91998,26.5351,-0.0001091396,27.01815
68.93997,26.535,-0.0001088361,27.01811
68.95998,26.53489,-0.0001085325,27.01806
68.97997,26.53478,-0.0001082299,27.01801
68.99998,26.53467,-0.0001079282,27.01796
69.01997,26.53456,-0.0001076273,27.01792
69.03998,26.53446,-0.0001073275,27.01787
69.05997,26.53435,-0.0001070285,27.01782
69.07998,26.53424,-0.0001067304,27.01778
69.09998,26.53414,-0.0001064332,27.01773
69.11997,26.53403,-0.0001061361,27.01768
69.13998,26.53392,-0.0001058398,27.01764
69.15997,26.53382,-0.0001055454,27.01759
69.17998,26.53371,-0.0001052519,27.01754
69.19997,26.53361,-0.0001049584,27.0175
69.21998,26.5335,-0.0001046658,27.01745
69.23997,26.5334,-0.0001043742,27.01741
69.25998,26.53329,-0.0001040834,27.01736
69.27998,26.53319,-0.0001037927,27.01731
69.29997,26.53309,-0.0001035037,27.01727
69.31998,26.53299,-0.0001032157,27.01722
69.33997,26.53288,-0.0001029277,27.01718
69.35998,26.53278,-0.0001026406,27.01713
69.37997,26.53268,-0.0001023544,27.01709
69.39998,26.53257,-0.0001020691,27.01704
69.41998,26.53247,-0.0001017839,27.017
69.43997,26.53237,-0.0001015004,27.01695
69.45998,26.53227,-0.0001012179,27.01691
69.47997,26.53217,-0.0001009363,27.01687
69.49998,26.53207,-0.0001006547,27.01682
69.51997,26.53197,-0.000100374,27.01678
69.53998,26.53187,-0.0001000942,27.01673
69.55997,26.53177,-9.981533E-05,27.01669
69.57998,26.53167,-9.953738E-05,27.01665
69.59998,26.53157,-9.926033E-05,27.0166
69.61997,26.53147,-9.898329E-05,27.01656
69.63998,26.53137,-9.870716E-05,27.01652
69.65997,26.53127,-9.843195E-05,27.01647
69.67998,26.53118,-9.815765E-05,27.01643
69.69997,26.53108,-9.788427E-05,27.01639
69.71998,26.53098,-9.76118E-05,27.01634
69.73997,26.53088,-9.734024E-05,27.0163
69.75997,26.53079,-9.706869E-05,27.01626
69.77998,26.53069,-9.679805E-05,27.01622
69.79997,26.53059,-9.652833E-05,27.01617
69.81998,26.5305,-9.62586E-05,27.01613
69.83997,26.5304,-9.599069E-05,27.01609
69.85998,26.53031,-9.572371E-05,27.01605
69.87997,26.53021,-9.545673E-05,27.01601
69.89998,26.53012,-9.519066E-05,27.01596
69.91998,26.53002,-9.49255E-05,27.01592
69.93997,26.52992,-9.466035E-05,27.01588
69.95998,26.52983,-9.439611E-05,27.01584
69.97997,26.52974,-9.41337E-05,27.0158
69.99998,26.52964,-9.387128E-05,27.01576
70.01997,26.52955,-9.360979E-05,27.01572
70.03998,26.52946,-9.33492E-05,27.01567
70.05997,26.52936,-9.308862E-05,27.01563
70.07998,26.52927,-9.282895E-05,27.01559
70.09998,26.52918,-9.25702E-05,27.01555
70.11997,26.52909,-9.231144E-05,27.01551
70.13998,26.52899,-9.205452E-05,27.01547
70.15997,26.5289,-9.17985E-05,27.01543
70.17998,26.52881,-9.154249E-05,27.01539
70.19997,26.52872,-9.128739E-05,27.01535
70.21998,26.52863,-9.103321E-05,27.01531
70.23997,26.52854,-9.077903E-05,27.01527
70.25997,26.52845,-9.052575E-05,27.01523
70.27998,26.52836,-9.027432E-05,27.01519
70.29997,26.52827,-9.002288E-05,27.01515
70.31998,26.52818,-8.977235E-05,27.01511
70.33997,26.52809,-8.952183E-05,27.01507
70.35998,26.528,-8.927222E-05,27.01504
70.37997,26.52791,-8.902352E-05,27.015
70.39998,26.52782,-8.877482E-05,27.01496
70.41998,26.52773,-8.852703E-05,27.01492
70.43997,26.52764,-8.828109E-05,27.01488
70.45998,26.52756,-8.803513E-05,27.01484
70.47997,26.52747,-8.77901E-05,27.0148
70.49998,26.52738,-8.754505E-05,27.01476
70.51997,26.52729,-8.730093E-05,27.01473
70.53998,26.5272,-8.705771E-05,27.01469
70.55997,26.52712,-8.681451E-05,27.01465
70.57997,26.52703,-8.657221E-05,27.01461
70.59998,26.52695,-8.633082E-05,27.01457
70.61997,26.52686,-8.609035E-05,27.01454
70.63998,26.52677,-8.58508E-05,27.0145
70.65997,26.52669,-8.561125E-05,27.01446
70.67998,26.5266,-8.537261E-05,27.01442
70.69997,26.52652,-8.513488E-05,27.01439
70.71998,26.52643,-8.489716E-05,27.01435
70.73997,26.52635,-8.466035E-05,27.01431
70.75997,26.52626,-8.442445E-05,27.01427
70.77998,26.52618,-8.418947E-05,27.01424
70.79997,26.52609,-8.39554E-05,27.0142
70.81998,26.52601,-8.372133E-05,27.01416
70.83997,26.52593,-8.348818E-05,27.01413
70.85998,26.52584,-8.325502E-05,27.01409
70.87997,26.52576,-8.302279E-05,27.01406
70.89998,26.52568,-8.279055E-05,27.01402
70.91998,26.52559,-8.256014E-05,27.01398
70.93997,26.52551,-8.233064E-05,27.01395
70.95998,26.52543,-8.210114E-05,27.01391
70.97997,26.52535,-8.187256E-05,27.01387
70.99998,26.52527,-8.164398E-05,27.01384
71.01997,26.52518,-8.141631E-05,27.0138
71.03998,26.5251,-8.118956E-05,27.01377
71.05997,26.52502,-8.09628E-05,27.01373
71.07997,26.52494,-8.073788E-05,27.0137
71.09998,26.52486,-8.051296E-05,27.01366
71.11997,26.52478,-8.028895E-05,27.01363
71.13998,26.5247,-8.006494E-05,27.01359
71.15997,26.52462,-7.984184E-05,27.01356
71.17998,26.52454,-7.961875E-05,27.01352
71.19997,26.52446,-7.939657E-05,27.01349
71.21998,26.52438,-7.91753E-05,27.01345
71.23997,26.5243,-7.895403E-05,27.01342
71.25997,26.52423,-7.873459E-05,27.01338
71.27998,26.52415,-7.851515E-05,27.01335
71.29997,26.52407,-7.829663E-05,27.01331
71.31998,26.52399,-7.80781E-05,27.01328
71.33997,26.52391,-7.78605E-05,27.01324
71.35998,26.52383,-7.764288E-05,27.01321
71.37997,26.52376,-7.742619E-05,27.01318
71.39997,26.52368,-7.72104E-05,27.01314
71.41998,26.5236,-7.699554E-05,27.01311
71.43997,26.52353,-7.678159E-05,27.01308
71.45998,26.52345,-7.656764E-05,27.01304
71.47997,26.52337,-7.635459E-05,27.01301
71.49998,26.5233,-7.614156E-05,27.01298
71.51997,26.52322,-7.592943E-05,27.01294
71.53998,26.52315,-7.57173E-05,27.01291
71.55997,26.52307,-7.55061E-05,27.01288
71.57997,26.52299,-7.529489E-05,27.01284
71.59998,26.52292,-7.50855E-05,27.01281
71.61997,26.52285,-7.487612E-05,27.01278
71.63998,26.52277,-7.466766E-05,27.01274
71.65997,26.5227,-7.446011E-05,27.01271
71.67998,26.52262,-7.425256E-05,27.01268
71.69997,26.52255,-7.404591E-05,27.01265
71.71998,26.52247,-7.383928E-05,27.01262
71.73997,26.5224,-7.363356E-05,27.01258
71.75997,26.52233,-7.342783E-05,27.01255
71.77998,26.52225,-7.322394E-05,27.01252
71.79997,26.52218,-7.302004E-05,27.01249
71.81998,26.52211,-7.281706E-05,27.01245
71.83997,26.52204,-7.261408E-05,27.01242
71.85998,26.52197,-7.241202E-05,27.01239
71.87997,26.52189,-7.220994E-05,27.01236
71.89997,26.52182,-7.200879E-05,27.01233
71.91998,26.52175,-7.180764E-05,27.01229
71.93997,26.52168,-7.160741E-05,27.01226
71.95998,26.5216,-7.140716E-05,27.01223
71.97997,26.52153,-7.120876E-05,27.0122
71.99998,26.52146,-7.101035E-05,27.01217
72.01997,26.52139,-7.081285E-05,27.01214
72.03998,26.52132,-7.061536E-05,27.01211
72.05997,26.52125,-7.041878E-05,27.01208
72.07997,26.52118,-7.02222E-05,27.01205
72.09998,26.52111,-7.002654E-05,27.01202
72.11997,26.52104,-6.983086E-05,27.01199
72.13998,26.52097,-6.963611E-05,27.01196
72.15997,26.5209,-6.944136E-05,27.01192
72.17998,26.52083,-6.924844E-05,27.01189
72.19997,26.52076,-6.905552E-05,27.01186
72.21997,26.52069,-6.88635E-05,27.01183
72.23997,26.52063,-6.86715E-05,27.0118
72.25997,26.52056,-6.84804E-05,27.01177
72.27998,26.52049,-6.828931E-05,27.01174
72.29997,26.52042,-6.809913E-05,27.01171
72.31998,26.52035,-6.790895E-05,27.01168
72.33997,26.52028,-6.771969E-05,27.01165
72.35998,26.52022,-6.753042E-05,27.01163
72.37997,26.52015,-6.734298E-05,27.01159
72.39997,26.52008,-6.715555E-05,27.01157
72.41998,26.52002,-6.696902E-05,27.01154
72.43997,26.51995,-6.67825E-05,27.01151
72.45998,26.51988,-6.659597E-05,27.01148
72.47997,26.51982,-6.641037E-05,27.01145
72.49998,26.51975,-6.622475E-05,27.01142
72.51997,26.51968,-6.604007E-05,27.01139
72.53998,26.51962,-6.585537E-05,27.01136
72.55997,26.51955,-6.567159E-05,27.01133
72.57997,26.51949,-6.548873E-05,27.0113
72.59998,26.51942,-6.530678E-05,27.01128
72.61997,26.51936,-6.512482E-05,27.01125
72.63998,26.51929,-6.494378E-05,27.01122
72.65997,26.51923,-6.476275E-05,27.01119
72.67998,26.51916,-6.458262E-05,27.01116
72.69997,26.5191,-6.44025E-05,27.01114
72.71997,26.51903,-6.422238E-05,27.01111
72.73997,26.51897,-6.404317E-05,27.01108
72.75997,26.5189,-6.386397E-05,27.01105
72.77998,26.51884,-6.368659E-05,27.01102
72.79997,26.51878,-6.350921E-05,27.01099
72.81998,26.51871,-6.333274E-05,27.01097
72.83997,26.51865,-6.315627E-05,27.01094
72.85998,26.51859,-6.298073E-05,27.01091
72.87997,26.51853,-6.280517E-05,27.01088
72.89997,26.51846,-6.262962E-05,27.01086
72.91998,26.5184,-6.245499E-05,27.01083
72.93997,26.51834,-6.228035E-05,27.0108
72.95998,26.51827,-6.210662E-05,27.01077
72.97997,26.51821,-6.19329E-05,27.01075
72.99998,26.51815,-6.176101E-05,27.01072
73.01997,26.51809,-6.158911E-05,27.01069
73.03997,26.51803,-6.141813E-05,27.01067
73.05997,26.51797,-6.124716E-05,27.01064
73.07997,26.51791,-6.107618E-05,27.01061
73.09998,26.51785,-6.090611E-05,27.01059
73.11997,26.51779,-6.073605E-05,27.01056
73.13998,26.51772,-6.056689E-05,27.01053
73.15997,26.51766,-6.039775E-05,27.01051
73.17998,26.5176,-6.022951E-05,27.01048
73.19997,26.51754,-6.006127E-05,27.01045
73.21997,26.51748,-5.989395E-05,27.01043
73.23997,26.51743,-5.972755E-05,27.0104
73.25997,26.51737,-5.956114E-05,27.01038
73.27998,26.51731,-5.939564E-05,27.01035
73.29997,26.51725,-5.923015E-05,27.01032
73.31998,26.51719,-5.906557E-05,27.0103
73.33997,26.51713,-5.890099E-05,27.01027
73.35998,26.51707,-5.873641E-05,27.01025
73.37997,26.51701,-5.857275E-05,27.01022
73.39997,26.51695,-5.840908E-05,27.01019
73.41998,26.51689,-5.824633E-05,27.01017
73.43997,26.51684,-5.808358E-05,27.01014
73.45998,26.51678,-5.792175E-05,27.01012
73.47997,26.51672,-5.776082E-05,27.01009
73.49998,26.51666,-5.759991E-05,27.01007
73.51997,26.51661,-5.743989E-05,27.01004
73.53997,26.51655,-5.727989E-05,27.01002
73.55997,26.51649,-5.711988E-05,27.00999
73.57997,26.51644,-5.696079E-05,27.00997
73.59998,26.51638,-5.68017E-05,27.00994
73.61997,26.51632,-5.664352E-05,27.00992
73.63998,26.51626,-5.648534E-05,27.00989
73.65997,26.51621,-5.632716E-05,27.00987
73.67998,26.51615,-5.616989E-05,27.00984
73.69997,26.5161,-5.601354E-05,27.00982
73.71997,26.51604,-5.585811E-05,27.00979
73.73997,26.51599,-5.570268E-05,27.00977
73.75997,26.51593,-5.554724E-05,27.00975
73.77998,26.51587,-5.539272E-05,27.00972
73.79997,26.51582,-5.52382E-05,27.0097
73.81998,26.51576,-5.508459E-05,27.00967
73.83997,26.51571,-5.493098E-05,27.00965
73.85997,26.51565,-5.477737E-05,27.00962
73.87997,26.5156,-5.462468E-05,27.0096
73.89997,26.51554,-5.447199E-05,27.00958
73.91998,26.51549,-5.432021E-05,27.00955
73.93997,26.51544,-5.416935E-05,27.00953
73.95998,26.51538,-5.401848E-05,27.00951
73.97997,26.51533,-5.386853E-05,27.00948
73.99998,26.51528,-5.371858E-05,27.00946
74.01997,26.51522,-5.356863E-05,27.00944
74.03997,26.51517,-5.34196E-05,27.00941
74.05997,26.51512,-5.327056E-05,27.00939
74.07997,26.51506,-5.312244E-05,27.00937
74.09998,26.51501,-5.297432E-05,27.00934
74.11997,26.51496,-5.28262E-05,27.00932
74.13998,26.5149,-5.267899E-05,27.0093
74.15997,26.51485,-5.253178E-05,27.00927
74.17998,26.5148,-5.238458E-05,27.00925
74.19997,26.51475,-5.22392E-05,27.00923
74.21997,26.51469,-5.209382E-05,27.0092
74.23997,26.51464,-5.194936E-05,27.00918
74.25997,26.51459,-5.180489E-05,27.00916
74.27998,26.51454,-5.166043E-05,27.00914
74.29997,26.51449,-5.151688E-05,27.00911
74.31998,26.51444,-5.137333E-05,27.00909
74.33997,26.51439,-5.122978E-05,27.00907
74.35997,26.51433,-5.108715E-05,27.00905
74.37997,26.51428,-5.094451E-05,27.00902
74.39997,26.51423,-5.080188E-05,27.009
74.41998,26.51418,-5.066016E-05,27.00898
74.43997,26.51413,-5.051844E-05,27.00896
74.45998,26.51408,-5.037763E-05,27.00894
74.47997,26.51403,-5.023774E-05,27.00891
74.49998,26.51398,-5.009785E-05,27.00889
74.51997,26.51393,-4.995887E-05,27.00887
74.53997,26.51388,-4.981989E-05,27.00885
74.55997,26.51383,-4.968091E-05,27.00883
74.57997,26.51378,-4.954285E-05,27.0088
74.59998,26.51373,-4.940479E-05,27.00878
74.61997,26.51368,-4.926672E-05,27.00876
74.63998,26.51363,-4.912957E-05,27.00874
74.65997,26.51358,-4.899242E-05,27.00872
74.67997,26.51353,-4.885527E-05,27.0087
74.69997,26.51348,-4.871904E-05,27.00867
74.71997,26.51344,-4.85828E-05,27.00865
74.73997,26.51339,-4.844748E-05,27.00863
74.75997,26.51334,-4.831308E-05,27.00861
74.77998,26.51329,-4.817867E-05,27.00859
74.79997,26.51325,-4.804426E-05,27.00857
74.81998,26.5132,-4.791077E-05,27.00855
74.83997,26.51315,-4.777728E-05,27.00853
74.85997,26.5131,-4.764379E-05,27.00851
74.87997,26.51306,-4.751121E-05,27.00849
74.89997,26.51301,-4.737863E-05,27.00846
74.91998,26.51296,-4.724606E-05,27.00844
74.93997,26.51291,-4.711439E-05,27.00842
74.95998,26.51287,-4.698273E-05,27.0084
74.97997,26.51282,-4.685107E-05,27.00838
74.99998,26.51277,-4.672032E-05,27.00836
75.01997,26.51273,-4.659048E-05,27.00834
75.03997,26.51268,-4.646065E-05,27.00832
