Timestamp,Temperature
0,26.81
0.01999999,27.06
0.09082269,27.11
0.1416376,26.99
0.1764509,27.04
0.1893126,26.76
0.2039691,27.01
0.2173147,27.06
0.2238149,27.01
0.2311885,27.01
0.2370812,27.04
0.2438492,27.04
0.2529248,26.93
0.2596303,27.04
0.26596,27.04
0.2725652,27.04
0.2793727,26.99
0.2848136,27.11
0.2906316,27.04
0.3028125,26.99
0.3091026,27.01
0.314969,26.99
0.320496,27.04
0.3267838,27.01
0.3327692,26.88
0.3381313,27.04
0.343501,27.06
0.3497067,27.01
0.3553163,26.96
0.3605363,27.06
0.3668422,27.04
0.3715315,27.04
0.3771429,27.04
0.3824551,27.04
0.3881879,27.04
0.3931682,27.01
0.3986082,27.04
0.4040163,27.01
0.4094941,27.04
0.4143893,27.04
0.4189516,27.01
0.4243936,27.04
0.4308809,27.04
0.4364057,26.99
0.44167,27.04
0.4473075,26.88
0.4528591,27.19
0.4574935,27.04
0.462841,26.96
0.4686364,27.04
0.4742955,27.01
0.4795208,26.91
0.4842072,27.11
0.4897173,27.04
0.493864,27.06
0.503262,27.04
0.5079535,27.06
0.5125473,27.01
0.5167542,27.11
0.5213162,P26.99,T27.00,I27.00,M27.00,R27.00,L27.00
0.5264532,27.04
0.5314849,27.04
0.5363506,27.04
0.5405681,27.04
0.5456618,26.91
0.550342,27.09
0.5559093,27.04
0.5603173,27.01
0.5653664,27.11
0.5714877,27.06
0.5765567,27.04
0.5813015,26.96
0.587086,27.04
0.5919914,27.04
0.597529,27.01
0.6031874,27.04
0.608449,27.04
0.6132486,27.04
0.6179474,27.04
0.6235506,27.04
0.6294155,26.99
0.633976,27.04
0.638567,27.04
0.6431718,27.04
0.648489,27.01
0.6540852,27.01
0.6592365,27.04
0.6653015,27.04
0.6700464,27.04
0.6742112,27.09
0.6788607,27.06
0.6835805,27.09
0.6890054,26.96
0.6946087,27.04
0.7064902,27.01
0.7110025,26.93
0.7156012,27.04
0.7199353,27.04
0.724757,27.04
0.7305727,27.04
0.7361831,27.04
0.7421442,27.04
0.7478386,27.01
0.7528163,27.04
0.758222,27.01
0.7639717,27.04
0.7702701,27.04
0.775609,27.04
0.7802421,27.04
0.7871406,27.04
0.7919649,27.01
0.7961908,27.01
0.800759,27.01
0.8056533,27.01
0.8101541,27.04
0.8153644,27.04
0.8199018,27.01
0.8245901,27.14
0.8307912,27.04
0.8372225,26.93
0.8429497,27.06
0.8487014,26.91
0.8570711,27.04
0.8624245,27.04
0.8690264,27.06
0.8738295,26.78
0.8822142,27.01
0.8884496,27.09
0.8935127,27.04
0.8982093,27.04
0.9094811,27.04
0.9148739,26.96
0.9196616,27.04
0.9245212,27.04
0.9294001,27.04
0.9345294,27.16
0.9399518,27.14
0.9452783,26.96
0.9508806,27.04
0.9566356,27.04
0.9620893,27.11
0.9704695,27.04
0.9773395,26.91
0.9840794,27.04
0.9911891,26.99
0.9969013,27.11
1.003422,27.04
1.010828,27.04
1.017494,26.99
1.023111,27.01
1.029632,27.04
1.036217,26.81
1.041281,27.01
1.046903,27.11
1.052603,26.58
1.059145,26.93
1.065135,27.04
1.070655,27.04
1.075359,27.01
1.13561,27.09
1.189454,27.06
1.221264,26.96
1.249858,27.01
1.262671,27.04
1.276435,27.04
1.282346,26.91
1.290058,27.04
1.29551,26.99
1.306022,27.04
1.313916,27.04
1.321466,27.04
1.329549,26.99
1.336409,27.09
1.351526,27.04
1.358677,27.16
1.365016,26.99
1.371445,27.01
1.377878,26.99
1.383237,26.76
1.390413,27.04
1.395964,26.93
1.401921,26.99
1.407689,27.01
1.412835,26.96
1.417174,27.01
1.422822,26.91
1.428987,27.01
1.434162,27.01
1.460019,27.01
1.500255,26.83
1.521559,27.04
1.533934,27.04
1.539621,27.01
1.552415,27.06
1.558884,26.96
1.564631,27.01
1.574278,27.04
1.580857,26.86
1.586456,26.81
1.592537,27.04
1.598854,27.04
1.605033,27.04
1.611004,26.91
1.617314,26.86
1.622589,27.01
1.627683,27.01
1.632313,27.01
1.638359,26.96
1.644346,27.01
1.649421,26.96
1.655278,26.91
1.661551,27.04
1.668507,27.04
1.723144,27.04
1.770088,26.93
1.802976,27.04
1.824011,26.86
1.84256,27.11
1.84909,26.96
1.856089,27.09
1.862534,27.06
1.869513,26.93
1.87521,26.99
1.880516,26.91
1.886573,26.93
1.892126,27.04
1.896503,27.04
1.901426,26.93
1.906688,27.01
1.912537,26.96
1.919415,26.88
1.925232,27.04
1.930609,26.96
1.935568,27.04
1.941207,26.96
1.947195,26.99
1.952314,26.91
1.957314,27.01
1.962449,26.91
1.967993,26.99
1.973562,27.04
1.985842,26.93
1.991369,26.93
1.996713,26.96
2.001814,27.01
2.007884,26.99
2.013338,26.91
2.018683,26.99
2.024667,26.88
2.030748,27.04
2.035904,27.04
2.042034,27.55
2.048203,26.99
2.053755,26.63
2.05889,27.01
2.06339,27.01
2.069635,26.93
2.074549,26.91
2.08002,26.96
2.085898,27.04
2.090626,26.96
2.096231,26.93
2.10237,26.99
2.109374,26.96
2.116561,27.06
2.123401,27.04
2.132112,26.86
2.138742,26.99
2.145759,26.96
2.150937,26.93
2.157685,26.93
2.16426,26.96
2.170742,P30.00,T27.00,I27.00,M27.00,R27.00,L27.00
2.176982,26.96
2.190125,26.99
2.196027,26.88
2.201035,P29.99,T27.00,I27.00,M27.00,R27.00,L27.00
2.20966,27.04
2.215733,P29.98,T27.00,I27.00,M27.00,R27.00,L27.00
2.222126,26.99
2.228042,P29.97,T27.00,I27.00,M27.00,R27.00,L27.00
2.234511,26.91
2.241195,P29.96,T27.00,I27.00,M27.00,R27.00,L27.00
2.247434,26.88
2.253911,P29.95,T27.00,I27.00,M27.00,R27.00,L27.00
2.259752,27.04
2.265223,P29.94,T27.00,I27.00,M27.00,R27.00,L27.00
2.272232,26.99
2.27809,P29.93,T27.00,I27.00,M27.00,R27.00,L27.00
2.284687,27.04
2.291544,P29.92,T27.00,I27.00,M27.00,R27.00,L27.00
2.297972,27.01
2.303534,P29.91,T27.00,I27.00,M27.00,R27.00,L27.00
2.309743,27.01
2.315695,P29.90,T27.00,I27.00,M27.00,R27.00,L27.00
2.323268,26.93
2.330579,P29.89,T27.00,I27.00,M27.00,R27.00,L27.00
2.336942,26.96
2.343908,P29.88,T27.00,I27.00,M27.00,R27.00,L27.00
2.350052,26.96
2.355914,P29.87,T27.00,I27.00,M27.00,R27.00,L27.00
2.361827,26.93
2.368498,P29.86,T27.00,I27.00,M27.00,R27.00,L27.00
2.375107,27.01
2.381463,P29.85,T27.00,I27.00,M27.00,R27.00,L27.00
2.395148,26.88
2.400015,P29.84,T27.00,I27.00,M27.00,R27.00,L27.00
2.405495,27.04
2.41028,P29.83,T27.00,I27.00,M27.00,R27.00,L27.00
2.415726,26.60
2.421038,P29.82,T27.00,I27.00,M27.00,R27.00,L27.00
2.427831,27.04
2.433377,P29.81,T27.00,I27.00,M27.00,R27.00,L27.00
2.43937,26.96
2.445253,P29.80,T27.00,I27.00,M27.00,R27.00,L27.00
2.451325,27.06
2.456606,P29.79,T27.00,I27.00,M27.00,R27.00,L27.00
2.46255,26.96
2.468913,P29.78,T27.00,I27.00,M27.00,R27.00,L27.00
2.474603,26.99
2.480141,P29.77,T27.00,I27.00,M27.00,R27.00,L27.00
2.486459,26.99
2.491313,P29.76,T27.00,I27.00,M27.00,R27.00,L27.00
2.497463,27.01
2.502427,P29.75,T27.00,I27.00,M27.00,R27.00,L27.00
2.508964,27.04
2.513555,P29.74,T27.00,I27.00,M27.00,R27.00,L27.00
2.519834,27.01
2.525351,P29.73,T27.00,I27.00,M27.00,R27.00,L27.00
2.531671,27.04
2.537361,P29.72,T27.00,I27.00,M27.00,R27.00,L27.00
2.542341,27.04
2.548429,P29.71,T27.00,I27.00,M27.00,R27.00,L27.00
2.554511,26.86
2.560394,P29.70,T27.00,I27.00,M27.00,R27.00,L27.00
2.56624,27.04
2.571356,P29.69,T27.00,I27.00,M27.00,R27.00,L27.00
2.577478,27.04
2.58303,P29.68,T27.00,I27.00,M27.00,R27.00,L27.00
2.59484,26.96
2.600837,P29.68,T27.00,I27.00,M27.00,R27.00,L27.00
2.607226,27.04
2.613079,P29.67,T27.00,I27.00,M27.00,R27.00,L27.00
2.619801,27.11
2.626049,P29.66,T27.00,I27.00,M27.00,R27.00,L27.00
2.631664,27.04
2.636806,P29.65,T27.00,I27.00,M27.00,R27.00,L27.00
2.642886,27.21
2.649646,P29.64,T27.00,I27.00,M27.00,R27.00,L27.00
2.656194,27.16
2.661918,P29.63,T27.00,I27.00,M27.00,R27.00,L27.00
2.667946,27.11
2.673966,P29.62,T27.00,I27.00,M27.00,R27.00,L27.00
2.678814,27.09
2.684159,P29.61,T27.00,I27.00,M27.00,R27.00,L27.00
2.690781,27.21
2.696581,P29.60,T27.00,I27.00,M27.00,R27.00,L27.00
2.702085,27.21
2.707583,P29.59,T27.00,I27.00,M27.00,R27.00,L27.00
2.712584,27.24
2.717919,P29.59,T27.00,I27.00,M27.00,R27.00,L27.00
2.724666,27.21
2.732095,P29.58,T27.00,I27.00,M27.00,R27.00,L27.00
2.739075,27.27
2.746316,P29.57,T27.00,I27.00,M27.00,R27.00,L27.00
2.75373,27.27
2.76076,P29.56,T27.00,I27.00,M27.00,R27.00,L27.00
2.769747,27.29
2.778059,P29.55,T27.00,I27.00,M27.00,R27.00,L27.00
2.785795,27.29
2.803671,P29.54,T27.00,I27.00,M27.00,R27.00,L27.00
2.811505,27.34
2.818476,P29.29,T27.00,I27.00,M27.00,R27.00,L27.00
2.828676,27.24
2.83375,P29.28,T27.00,I27.00,M27.00,R27.00,L27.00
2.839854,27.52
2.844633,P29.28,T27.00,I27.00,M27.00,R27.00,L27.00
2.850193,27.39
2.855153,P29.27,T27.00,I27.00,M27.00,R27.00,L27.00
2.892531,27.47
2.911662,P29.26,T27.00,I27.00,M27.00,R27.00,L27.00
2.969821,27.45
3.002463,P29.25,T27.00,I27.00,M27.00,R27.00,L27.00
3.035122,27.45
3.042863,P29.25,T27.00,I27.00,M27.00,R27.00,L27.00
3.056534,27.52
3.061555,P29.24,T27.00,I27.00,M27.00,R27.00,L27.00
3.109293,27.29
3.128543,P29.23,T27.00,I27.00,M27.00,R27.00,L27.00
3.188116,27.57
3.221089,P29.22,T27.00,I27.00,M27.00,R27.00,L27.00
3.25416,27.57
3.262531,P27.00,T27.00,I27.00,M27.00,R27.00,L27.00
3.275087,27.60
3.280399,P29.14,T27.00,I27.00,M27.00,R27.00,L27.00
3.322708,27.70
3.341771,P29.13,T27.00,I27.00,M27.00,R27.00,L27.00
3.371218,27.83
3.381703,P29.12,T27.00,I27.00,M27.00,R27.00,L27.00
3.431462,27.78
3.455922,P29.05,T27.00,I27.00,M27.00,R27.00,L27.00
3.477811,27.57
3.483657,P29.04,T27.00,I27.00,M27.00,R27.00,L27.00
3.537035,27.86
3.556756,P29.03,T27.00,I27.00,M27.00,R27.00,L27.00
3.605006,27.86
3.637446,P29.03,T27.00,I27.00,M27.00,R27.00,L27.00
3.65729,27.86
3.664804,P29.02,T27.00,I27.00,M27.00,R27.00,L27.00
3.711918,27.86
3.730389,P29.01,T27.00,I27.00,M27.00,R27.00,L27.00
3.744097,27.86
3.757926,P29.01,T27.00,I27.00,M27.00,R27.00,L27.00
3.822982,27.94
3.869249,P29.00,T27.00,I27.00,M27.00,R27.00,L27.00
3.902676,27.81
3.922741,P28.99,T27.00,I27.00,M27.00,R27.00,L27.00
3.936815,27.86
3.940759,P28.92,T27.00,I27.00,M27.00,R27.00,L27.00
3.961466,27.86
3.983082,P28.92,T27.00,I27.00,M27.00,R27.00,L27.00
4.022061,28.01
4.041222,P28.91,T27.00,I27.00,M27.00,R27.00,L27.00
4.069509,28.01
4.080661,P28.91,T27.00,I27.00,M27.00,R27.00,L27.00
4.133513,28.01
4.152378,P28.90,T27.00,I27.00,M27.00,R27.00,L27.00
4.184619,27.91
4.204213,P28.89,T27.00,I27.00,M27.00,R27.00,L27.00
4.254876,28.14
4.273231,P28.89,T27.00,I27.00,M27.00,R27.00,L27.00
4.293258,28.20
4.301134,P28.88,T27.00,I27.00,M27.00,R27.00,L27.00
4.332306,28.14
4.337711,P28.88,T27.00,I27.00,M27.00,R27.00,L27.00
4.392481,28.12
4.425714,P28.87,T27.00,I27.00,M27.00,R27.00,L27.00
4.451906,28.25
4.46548,P28.86,T27.00,I27.00,M27.00,R27.00,L27.00
4.502356,28.27
4.52732,P28.86,T27.00,I27.00,M27.00,R27.00,L27.00
4.54752,28.38
4.552083,P28.85,T27.00,I27.00,M27.00,R27.00,L27.00
4.600321,28.27
4.633141,P28.73,T27.00,I27.00,M27.00,R27.00,L27.00
4.655834,28.27
4.661409,P28.72,T27.00,I27.00,M27.00,R27.00,L27.00
4.716455,28.40
4.740527,P28.72,T27.00,I27.00,M27.00,R27.00,L27.00
4.762879,28.40
4.776299,P28.71,T27.00,I27.00,M27.00,R27.00,L27.00
4.821271,28.51
4.855467,P28.71,T27.00,I27.00,M27.00,R27.00,L27.00
4.867973,28.35
4.880599,P28.70,T27.00,I27.00,M27.00,R27.00,L27.00
4.932788,28.62
4.95672,P28.70,T27.00,I27.00,M27.00,R27.00,L27.00
5.002836,28.56
5.034959,P28.69,T27.00,I27.00,M27.00,R27.00,L27.00
5.048821,28.69
5.062244,P28.69,T27.00,I27.00,M27.00,R27.00,L27.00
5.088521,28.69
5.094718,P28.58,T27.00,I27.00,M27.00,R27.00,L27.00
5.134929,28.67
5.16174,P28.57,T27.00,I27.00,M27.00,R27.00,L27.00
5.214445,28.69
5.23343,P28.57,T27.00,I27.00,M27.00,R27.00,L27.00
5.247241,28.62
5.260667,P28.56,T27.00,I27.00,M27.00,R27.00,L27.00
5.307403,28.69
5.326073,P28.56,T27.00,I27.00,M27.00,R27.00,L27.00
5.371871,28.83
5.396616,P28.55,T27.00,I27.00,M27.00,R27.00,L27.00
5.404439,28.77
5.417615,P28.55,T27.00,I27.00,M27.00,R27.00,L27.00
5.461753,28.62
5.493935,P28.54,T27.00,I27.00,M27.00,R27.00,L27.00
5.519713,29.04
5.52526,P28.54,T27.00,I27.00,M27.00,R27.00,L27.00
5.57112,28.77
5.589643,P28.53,T27.00,I27.00,M27.00,R27.00,L27.00
5.650131,28.93
5.682028,P28.53,T27.00,I27.00,M27.00,R27.00,L27.00
5.709506,28.85
5.723008,P28.52,T27.00,I27.00,M27.00,R27.00,L27.00
5.736484,28.96
5.741355,P28.52,T27.00,I27.00,M27.00,R27.00,L27.00
5.783837,28.77
5.802639,P28.51,T27.00,I27.00,M27.00,R27.00,L27.00
5.831771,28.98
5.836924,P28.42,T27.00,I27.00,M27.00,R27.00,L27.00
5.890056,29.14
5.922844,P28.41,T27.00,I27.00,M27.00,R27.00,L27.00
5.949443,29.17
5.963021,P28.41,T27.00,I27.00,M27.00,R27.00,L27.00
5.989806,29.20
6.002695,P28.40,T27.00,I27.00,M27.00,R27.00,L27.00
6.051321,29.06
6.070835,P28.36,T27.00,I27.00,M27.00,R27.00,L27.00
6.103628,28.93
6.124622,P28.35,T27.00,I27.00,M27.00,R27.00,L27.00
6.17189,29.38
6.193095,P28.35,T27.00,I27.00,M27.00,R27.00,L27.00
6.208413,29.12
6.22436,P28.34,T27.00,I27.00,M27.00,R27.00,L27.00
6.267488,29.30
6.291737,P28.34,T27.00,I27.00,M27.00,R27.00,L27.00
6.318505,29.22
6.324364,P28.34,T27.00,I27.00,M27.00,R27.00,L27.00
6.372039,29.38
6.392044,P28.33,T27.00,I27.00,M27.00,R27.00,L27.00
6.447942,29.38
6.488397,P28.29,T27.00,I27.00,M27.00,R27.00,L27.00
6.508667,29.47
6.52117,P28.28,T27.00,I27.00,M27.00,R27.00,L27.00
6.534516,29.52
6.54042,P28.28,T27.00,I27.00,M27.00,R27.00,L27.00
6.580726,29.60
6.599833,P28.28,T27.00,I27.00,M27.00,R27.00,L27.00
6.634715,29.63
6.652917,P28.27,T27.00,I27.00,M27.00,R27.00,L27.00
6.72234,29.55
6.772701,P28.27,T27.00,I27.00,M27.00,R27.00,L27.00
6.796926,29.55
6.810801,P28.26,T27.00,I27.00,M27.00,R27.00,L27.00
6.82508,29.55
6.838081,P28.26,T27.00,I27.00,M27.00,R27.00,L27.00
6.868362,29.57
6.893288,P28.26,T27.00,I27.00,M27.00,R27.00,L27.00
6.900921,29.55
6.914979,P28.25,T27.00,I27.00,M27.00,R27.00,L27.00
6.961206,29.60
6.994544,P28.25,T27.00,I27.00,M27.00,R27.00,L27.00
7.008628,29.57
7.020475,P28.24,T27.00,I27.00,M27.00,R27.00,L27.00
7.068895,29.57
7.093513,P28.24,T27.00,I27.00,M27.00,R27.00,L27.00
7.133937,29.57
7.152819,P28.24,T27.00,I27.00,M27.00,R27.00,L27.00
7.167274,29.63
7.17995,P28.12,T27.00,I27.00,M27.00,R27.00,L27.00
7.227926,29.71
7.263847,P28.12,T27.00,I27.00,M27.00,R27.00,L27.00
7.292825,29.68
7.308358,P28.12,T27.00,I27.00,M27.00,R27.00,L27.00
7.348292,29.73
7.367935,P28.11,T27.00,I27.00,M27.00,R27.00,L27.00
7.383046,29.81
7.394384,P28.11,T27.00,I27.00,M27.00,R27.00,L27.00
7.441469,29.87
7.473748,P28.11,T27.00,I27.00,M27.00,R27.00,L27.00
7.518524,29.84
7.542977,P28.10,T27.00,I27.00,M27.00,R27.00,L27.00
7.564474,29.81
7.577427,P28.10,T27.00,I27.00,M27.00,R27.00,L27.00
7.603278,30.06
7.621762,P28.10,T27.00,I27.00,M27.00,R27.00,L27.00
7.675506,30.00
7.695441,P28.09,T27.00,I27.00,M27.00,R27.00,L27.00
7.710099,29.95
7.723137,P28.09,T27.00,I27.00,M27.00,R27.00,L27.00
7.796924,30.30
7.831284,P28.05,T27.00,I27.00,M27.00,R27.00,L27.00
7.858,29.90
7.872325,P28.05,T27.00,I27.00,M27.00,R27.00,L27.00
7.887311,30.00
7.902735,P28.05,T27.00,I27.00,M27.00,R27.00,L27.00
7.925487,29.98
7.939903,P28.04,T27.00,I27.00,M27.00,R27.00,L27.00
7.980692,30.06
8.012692,P28.01,T27.00,I27.00,M27.00,R27.00,L27.00
8.026891,30.00
8.040168,P28.01,T27.00,I27.00,M27.00,R27.00,L27.00
8.10856,29.79
8.141094,P28.00,T27.00,I27.00,M27.00,R27.00,L27.00
8.173216,30.11
8.181237,P28.00,T27.00,I27.00,M27.00,R27.00,L27.00
8.194674,30.11
8.200099,P28.00,T27.00,I27.00,M27.00,R27.00,L27.00
8.242019,30.06
8.261349,P27.99,T27.00,I27.00,M27.00,R27.00,L27.00
8.306725,30.14
8.325422,P27.99,T27.00,I27.00,M27.00,R27.00,L27.00
8.373635,29.98
8.400251,P27.96,T27.00,I27.00,M27.00,R27.00,L27.00
8.418806,30.09
8.423058,P27.96,T27.00,I27.00,M27.00,R27.00,L27.00
8.46021,30.22
8.479029,P27.95,T27.00,I27.00,M27.00,R27.00,L27.00
8.512687,30.09
8.532134,P27.92,T27.00,I27.00,M27.00,R27.00,L27.00
8.582482,30.14
8.620019,P27.92,T27.00,I27.00,M27.00,R27.00,L27.00
8.641959,30.25
8.655494,P27.92,T27.00,I27.00,M27.00,R27.00,L27.00
8.674698,30.22
8.679656,P27.91,T27.00,I27.00,M27.00,R27.00,L27.00
8.724056,30.28
8.756411,P27.91,T27.00,I27.00,M27.00,R27.00,L27.00
8.782674,30.36
8.806002,P27.91,T27.00,I27.00,M27.00,R27.00,L27.00
8.82839,30.22
8.841192,P27.91,T27.00,I27.00,M27.00,R27.00,L27.00
8.879812,30.30
8.889016,P27.90,T27.00,I27.00,M27.00,R27.00,L27.00
8.946195,30.39
8.979001,P27.90,T27.00,I27.00,M27.00,R27.00,L27.00
8.991763,30.41
9.012445,P27.90,T27.00,I27.00,M27.00,R27.00,L27.00
9.061462,30.28
9.094422,P27.87,T27.00,I27.00,M27.00,R27.00,L27.00
9.107151,30.39
9.121805,P27.87,T27.00,I27.00,M27.00,R27.00,L27.00
9.170241,30.41
9.188804,P27.86,T27.00,I27.00,M27.00,R27.00,L27.00
9.201809,30.41
9.221549,P27.86,T27.00,I27.00,M27.00,R27.00,L27.00
9.262691,30.22
9.281516,P27.83,T27.00,I27.00,M27.00,R27.00,L27.00
9.316669,30.39
9.32136,P27.83,T27.00,I27.00,M27.00,R27.00,L27.00
9.373623,30.41
9.39185,P27.83,T27.00,I27.00,M27.00,R27.00,L27.00
9.418018,30.36
9.438163,P27.83,T27.00,I27.00,M27.00,R27.00,L27.00
9.478171,30.41
9.496979,P27.82,T27.00,I27.00,M27.00,R27.00,L27.00
9.528285,30.41
9.546827,P27.82,T27.00,I27.00,M27.00,R27.00,L27.00
9.59324,30.41
9.611627,P27.82,T27.00,I27.00,M27.00,R27.00,L27.00
9.636225,30.33
9.648508,P27.82,T27.00,I27.00,M27.00,R27.00,L27.00
9.698745,30.41
9.71721,P27.00,T27.00,I27.00,M27.00,R27.00,L27.00
9.742908,30.39
9.761509,P27.79,T27.00,I27.00,M27.00,R27.00,L27.00
9.805024,30.44
9.82377,P27.78,T27.00,I27.00,M27.00,R27.00,L27.00
9.871541,30.41
9.897704,P27.78,T27.00,I27.00,M27.00,R27.00,L27.00
9.904032,30.44
9.916859,P27.78,T27.00,I27.00,M27.00,R27.00,L27.00
9.958925,30.41
9.977578,P27.78,T27.00,I27.00,M27.00,R27.00,L27.00
10.0388,30.41
10.0711,P27.77,T27.00,I27.00,M27.00,R27.00,L27.00
10.09849,30.41
10.11782,P27.77,T27.00,I27.00,M27.00,R27.00,L27.00
10.125,30.52
10.1391,P27.77,T27.00,I27.00,M27.00,R27.00,L27.00
10.17421,30.47
10.19535,P27.77,T27.00,I27.00,M27.00,R27.00,L27.00
10.24184,30.52
10.27507,P27.77,T27.00,I27.00,M27.00,R27.00,L27.00
10.29005,30.55
10.30255,P27.76,T27.00,I27.00,M27.00,R27.00,L27.00
10.35408,30.47
10.37667,P27.76,T27.00,I27.00,M27.00,R27.00,L27.00
10.38638,30.66
10.39976,P27.69,T27.00,I27.00,M27.00,R27.00,L27.00
10.44007,30.47
10.47349,P27.69,T27.00,I27.00,M27.00,R27.00,L27.00
10.51883,30.58
10.54356,P27.69,T27.00,I27.00,M27.00,R27.00,L27.00
10.56578,30.55
10.57834,P27.69,T27.00,I27.00,M27.00,R27.00,L27.00
10.59349,30.66
10.60354,P27.69,T27.00,I27.00,M27.00,R27.00,L27.00
10.65843,30.58
10.67766,P27.68,T27.00,I27.00,M27.00,R27.00,L27.00
10.71613,30.47
10.73446,P27.68,T27.00,I27.00,M27.00,R27.00,L27.00
10.76791,30.41
10.78641,P27.68,T27.00,I27.00,M27.00,R27.00,L27.00
10.80918,30.55
10.82327,P27.68,T27.00,I27.00,M27.00,R27.00,L27.00
10.87214,30.58
10.89165,P27.68,T27.00,I27.00,M27.00,R27.00,L27.00
10.9188,30.58
10.92422,P27.67,T27.00,I27.00,M27.00,R27.00,L27.00
10.98067,30.58
11.01906,P27.65,T27.00,I27.00,M27.00,R27.00,L27.00
11.02732,30.61
11.04166,P27.65,T27.00,I27.00,M27.00,R27.00,L27.00
11.10382,30.66
11.13704,P27.65,T27.00,I27.00,M27.00,R27.00,L27.00
11.15052,30.61
11.16414,P27.65,T27.00,I27.00,M27.00,R27.00,L27.00
11.21107,30.55
11.23567,P27.63,T27.00,I27.00,M27.00,R27.00,L27.00
11.24346,30.66
11.25696,P27.62,T27.00,I27.00,M27.00,R27.00,L27.00
11.32383,30.66
11.36932,P27.62,T27.00,I27.00,M27.00,R27.00,L27.00
11.39756,30.66
11.41062,P27.62,T27.00,I27.00,M27.00,R27.00,L27.00
11.42455,30.52
11.44365,P27.62,T27.00,I27.00,M27.00,R27.00,L27.00
11.45131,30.66
11.46297,P27.62,T27.00,I27.00,M27.00,R27.00,L27.00
11.52068,30.72
11.55509,P27.61,T27.00,I27.00,M27.00,R27.00,L27.00
11.56812,30.66
11.58157,P27.61,T27.00,I27.00,M27.00,R27.00,L27.00
11.61362,30.74
11.62563,P27.59,T27.00,I27.00,M27.00,R27.00,L27.00
11.68143,30.41
11.71887,P27.59,T27.00,I27.00,M27.00,R27.00,L27.00
11.72751,30.55
11.74241,P27.59,T27.00,I27.00,M27.00,R27.00,L27.00
11.78743,30.50
11.80719,P27.59,T27.00,I27.00,M27.00,R27.00,L27.00
11.82741,30.66
11.8403,P27.57,T27.00,I27.00,M27.00,R27.00,L27.00
11.88988,30.58
11.91617,P27.57,T27.00,I27.00,M27.00,R27.00,L27.00
11.95605,30.58
11.9777,P27.57,T27.00,I27.00,M27.00,R27.00,L27.00
11.98857,30.72
12.00181,P27.56,T27.00,I27.00,M27.00,R27.00,L27.00
12.04981,30.61
12.07488,P27.56,T27.00,I27.00,M27.00,R27.00,L27.00
12.10259,30.58
12.12078,P27.56,T27.00,I27.00,M27.00,R27.00,L27.00
12.15097,30.58
12.18851,P27.56,T27.00,I27.00,M27.00,R27.00,L27.00
12.20806,30.61
12.22079,P27.56,T27.00,I27.00,M27.00,R27.00,L27.00
12.29353,30.50
12.33612,P27.56,T27.00,I27.00,M27.00,R27.00,L27.00
12.35516,30.69
12.36855,P27.55,T27.00,I27.00,M27.00,R27.00,L27.00
12.38172,30.58
12.39554,P27.52,T27.00,I27.00,M27.00,R27.00,L27.00
12.41691,30.55
12.68916,P27.52,T27.00,I27.00,M27.00,R27.00,L27.00
12.93606,30.58
13.15736,P27.52,T27.00,I27.00,M27.00,R27.00,L27.00
13.34157,30.66
13.54515,P27.52,T27.00,I27.00,M27.00,R27.00,L27.00
13.6958,30.66
13.79477,P27.52,T27.00,I27.00,M27.00,R27.00,L27.00
13.85446,30.50
13.89522,P27.51,T27.00,I27.00,M27.00,R27.00,L27.00
13.9227,30.58
13.95631,P27.51,T27.00,I27.00,M27.00,R27.00,L27.00
13.96419,30.50
13.97736,P27.51,T27.00,I27.00,M27.00,R27.00,L27.00
13.98254,30.39
13.98955,P27.51,T27.00,I27.00,M27.00,R27.00,L27.00
13.99522,30.74
14.00183,P27.51,T27.00,I27.00,M27.00,R27.00,L27.00
14.0092,30.47
14.01424,P27.51,T27.00,I27.00,M27.00,R27.00,L27.00
14.01966,30.66
14.02445,P27.50,T27.00,I27.00,M27.00,R27.00,L27.00
14.02989,30.69
14.03514,P27.47,T27.00,I27.00,M27.00,R27.00,L27.00
14.04037,30.66
14.04563,P27.47,T27.00,I27.00,M27.00,R27.00,L27.00
14.05054,30.50
14.05531,P27.47,T27.00,I27.00,M27.00,R27.00,L27.00
14.06027,30.44
14.06981,P27.47,T27.00,I27.00,M27.00,R27.00,L27.00
14.07439,30.66
14.07858,P27.47,T27.00,I27.00,M27.00,R27.00,L27.00
14.08275,30.50
14.08741,P27.47,T27.00,I27.00,M27.00,R27.00,L27.00
14.09164,30.55
14.09567,P27.47,T27.00,I27.00,M27.00,R27.00,L27.00
14.10051,30.52
14.1048,P27.46,T27.00,I27.00,M27.00,R27.00,L27.00
14.11067,30.44
14.11697,P27.46,T27.00,I27.00,M27.00,R27.00,L27.00
14.12231,30.61
14.12966,P27.46,T27.00,I27.00,M27.00,R27.00,L27.00
14.14097,30.41
14.14726,P27.46,T27.00,I27.00,M27.00,R27.00,L27.00
14.15735,30.55
14.16226,P27.45,T27.00,I27.00,M27.00,R27.00,L27.00
14.16914,30.52
14.17486,P27.44,T27.00,I27.00,M27.00,R27.00,L27.00
14.18063,30.58
14.18713,P27.44,T27.00,I27.00,M27.00,R27.00,L27.00
14.1918,30.52
14.19754,P27.44,T27.00,I27.00,M27.00,R27.00,L27.00
14.20363,30.44
14.2116,P27.44,T27.00,I27.00,M27.00,R27.00,L27.00
14.22276,30.47
14.23101,P27.44,T27.00,I27.00,M27.00,R27.00,L27.00
14.23864,30.41
14.24332,P27.44,T27.00,I27.00,M27.00,R27.00,L27.00
14.25055,30.47
14.25556,P27.44,T27.00,I27.00,M27.00,R27.00,L27.00
14.26171,30.47
14.2672,P27.44,T27.00,I27.00,M27.00,R27.00,L27.00
14.2732,30.47
14.27929,P27.43,T27.00,I27.00,M27.00,R27.00,L27.00
14.28467,30.11
14.29076,P27.43,T27.00,I27.00,M27.00,R27.00,L27.00
14.29482,30.41
14.29925,P27.43,T27.00,I27.00,M27.00,R27.00,L27.00
14.30358,30.47
14.30971,P27.43,T27.00,I27.00,M27.00,R27.00,L27.00
14.31454,30.39
14.31834,P27.43,T27.00,I27.00,M27.00,R27.00,L27.00
14.34924,30.41
14.37281,P27.43,T27.00,I27.00,M27.00,R27.00,L27.00
14.42865,30.47
14.4659,P27.43,T27.00,I27.00,M27.00,R27.00,L27.00
14.48792,30.39
14.50136,P27.40,T27.00,I27.00,M27.00,R27.00,L27.00
14.51532,30.25
14.51954,P27.40,T27.00,I27.00,M27.00,R27.00,L27.00
14.58528,30.39
14.63796,P27.40,T27.00,I27.00,M27.00,R27.00,L27.00
14.65821,30.41
14.67213,P27.39,T27.00,I27.00,M27.00,R27.00,L27.00
14.68544,30.30
14.69933,P27.39,T27.00,I27.00,M27.00,R27.00,L27.00
14.73358,30.28
14.75253,P27.38,T27.00,I27.00,M27.00,R27.00,L27.00
14.78378,30.28
14.805,P27.38,T27.00,I27.00,M27.00,R27.00,L27.00
14.83282,30.14
14.83797,P27.38,T27.00,I27.00,M27.00,R27.00,L27.00
14.88797,30.09
14.92083,P27.38,T27.00,I27.00,M27.00,R27.00,L27.00
14.94823,30.22
14.96072,P27.38,T27.00,I27.00,M27.00,R27.00,L27.00
15.06607,30.22
15.17333,P27.38,T27.00,I27.00,M27.00,R27.00,L27.00
15.25697,30.03
15.33092,P27.38,T27.00,I27.00,M27.00,R27.00,L27.00
15.3962,30.11
15.45113,P27.36,T27.00,I27.00,M27.00,R27.00,L27.00
15.50394,30.00
15.57209,P27.35,T27.00,I27.00,M27.00,R27.00,L27.00
15.62257,30.14
15.67906,P27.35,T27.00,I27.00,M27.00,R27.00,L27.00
15.71398,30.00
15.75631,P27.35,T27.00,I27.00,M27.00,R27.00,L27.00
15.79403,29.92
15.82993,P27.35,T27.00,I27.00,M27.00,R27.00,L27.00
15.86692,30.03
15.90438,P27.35,T27.00,I27.00,M27.00,R27.00,L27.00
15.94363,29.95
15.98444,P27.35,T27.00,I27.00,M27.00,R27.00,L27.00
16.02177,29.98
16.05971,P27.35,T27.00,I27.00,M27.00,R27.00,L27.00
16.08328,29.98
16.16306,P27.35,T27.00,I27.00,M27.00,R27.00,L27.00
16.25158,30.03
16.32636,P27.00,T27.33,I27.00,M27.00,R27.00,L27.00
16.39393,30.06
16.45802,P27.33,T27.00,I27.00,M27.00,R27.00,L27.00
16.52241,29.79
16.59709,P27.32,T27.00,I27.00,M27.00,R27.00,L27.00
16.64972,29.84
16.70133,P27.32,T27.00,I27.00,M27.00,R27.00,L27.00
16.76106,29.79
16.81427,P27.32,T27.00,I27.00,M27.00,R27.00,L27.00
16.85659,29.73
16.90002,P27.32,T27.00,I27.00,M27.00,R27.00,L27.00
16.95726,29.71
17.00664,P27.32,T27.00,I27.00,M27.00,R27.00,L27.00
17.06038,29.57
17.11432,P27.32,T27.00,I27.00,M27.00,R27.00,L27.00
17.1555,29.57
17.19592,P27.32,T27.00,I27.00,M27.00,R27.00,L27.00
17.2417,29.68
17.29458,P27.32,T27.00,I27.00,M27.00,R27.00,L27.00
17.33351,29.57
17.37675,P27.32,T27.00,I27.00,M27.00,R27.00,L27.00
17.41925,29.47
17.46725,P27.32,T27.00,I27.00,M27.00,R27.00,L27.00
17.52341,29.55
17.58235,P27.32,T27.00,I27.00,M27.00,R27.00,L27.00
17.63863,29.55
17.68812,P27.30,T27.00,I27.00,M27.00,R27.00,L27.00
17.74149,29.38
17.79605,P27.30,T27.00,I27.00,M27.00,R27.00,L27.00
17.83609,29.38
17.87636,P27.30,T27.00,I27.00,M27.00,R27.00,L27.00
17.92369,29.49
17.98741,P27.29,T27.00,I27.00,M27.00,R27.00,L27.00
18.04883,29.55
18.10395,P27.29,T27.00,I27.00,M27.00,R27.00,L27.00
18.16199,29.47
18.21778,P27.29,T27.00,I27.00,M27.00,R27.00,L27.00
18.26942,29.30
18.32282,P27.29,T27.00,I27.00,M27.00,R27.00,L27.00
18.38177,29.28
18.43507,P27.29,T27.00,I27.00,M27.00,R27.00,L27.00
18.47598,29.22
18.51467,P27.29,T27.00,I27.00,M27.00,R27.00,L27.00
18.55483,29.17
18.60072,P27.28,T27.00,I27.00,M27.00,R27.00,L27.00
18.65724,29.17
18.69672,P27.28,T27.00,I27.00,M27.00,R27.00,L27.00
18.73589,28.98
18.77509,P27.28,T27.00,I27.00,M27.00,R27.00,L27.00
18.82695,29.12
18.88535,P27.28,T27.00,I27.00,M27.00,R27.00,L27.00
18.94619,29.04
19.00184,P27.27,T27.00,I27.00,M27.00,R27.00,L27.00
19.06175,29.12
19.11275,P27.27,T27.00,I27.00,M27.00,R27.00,L27.00
19.15277,28.98
19.19226,P27.27,T27.00,I27.00,M27.00,R27.00,L27.00
19.23108,29.06
19.27544,P27.27,T27.00,I27.00,M27.00,R27.00,L27.00
19.31563,28.83
19.35867,P27.27,T27.00,I27.00,M27.00,R27.00,L27.00
19.40126,28.80
19.46002,P27.27,T27.00,I27.00,M27.00,R27.00,L27.00
19.51807,28.83
19.55866,P27.27,T27.00,I27.00,M27.00,R27.00,L27.00
19.5993,28.77
19.64101,P27.26,T27.00,I27.00,M27.00,R27.00,L27.00
19.6968,28.72
19.74624,P27.26,T27.00,I27.00,M27.00,R27.00,L27.00
19.80123,28.69
19.85589,P27.26,T27.00,I27.00,M27.00,R27.00,L27.00
19.89708,28.62
19.94278,P27.25,T27.00,I27.00,M27.00,R27.00,L27.00
20.00037,28.62
20.06858,P27.25,T27.00,I27.00,M27.00,R27.00,L27.00
20.13082,28.64
20.18969,P27.25,T27.00,I27.00,M27.00,R27.00,L27.00
20.24456,28.54
20.29925,P27.25,T27.00,I27.00,M27.00,R27.00,L27.00
20.34268,28.59
20.39999,P27.24,T27.00,I27.00,M27.00,R27.00,L27.00
20.44426,28.51
20.5038,P27.24,T27.00,I27.00,M27.00,R27.00,L27.00
20.56413,28.54
20.62212,P27.24,T27.00,I27.00,M27.00,R27.00,L27.00
20.67294,28.35
20.71057,P27.24,T27.00,I27.00,M27.00,R27.00,L27.00
20.75026,28.38
20.79041,P27.24,T27.00,I27.00,M27.00,R27.00,L27.00
20.83732,28.40
20.87763,P27.24,T27.00,I27.00,M27.00,R27.00,L27.00
20.91855,28.30
20.95905,P27.23,T27.00,I27.00,M27.00,R27.00,L27.00
21.00198,28.12
21.07651,P27.23,T27.00,I27.00,M27.00,R27.00,L27.00
21.14528,28.22
21.22439,P27.23,T27.00,I27.00,M27.00,R27.00,L27.00
21.30351,28.12
21.37589,P27.23,T27.00,I27.00,M27.00,R27.00,L27.00
21.43183,28.09
21.49728,P27.23,T27.00,I27.00,M27.00,R27.00,L27.00
21.55212,27.86
21.61127,P27.22,T27.00,I27.00,M27.00,R27.00,L27.00
21.66681,27.94
21.72763,P27.22,T27.00,I27.00,M27.00,R27.00,L27.00
21.78712,27.91
21.84001,P27.22,T27.00,I27.00,M27.00,R27.00,L27.00
21.89607,27.91
21.94076,P27.22,T27.00,I27.00,M27.00,R27.00,L27.00
21.99428,27.78
22.03058,P27.22,T27.00,I27.00,M27.00,R27.00,L27.00
22.068,27.73
22.10935,P27.22,T27.00,I27.00,M27.00,R27.00,L27.00
22.16661,27.86
22.22576,P27.22,T27.00,I27.00,M27.00,R27.00,L27.00
22.28534,27.91
22.34501,P27.22,T27.00,I27.00,M27.00,R27.00,L27.00
22.41375,27.78
22.47151,P27.21,T27.00,I27.00,M27.00,R27.00,L27.00
22.53111,27.55
22.58782,P27.21,T27.00,I27.00,M27.00,R27.00,L27.00
22.64777,27.86
22.70193,P27.21,T27.00,I27.00,M27.00,R27.00,L27.00
22.75807,27.75
22.8014,P27.20,T27.00,I27.00,M27.00,R27.00,L27.00
22.86478,27.52
22.92463,P27.20,T27.00,I27.00,M27.00,R27.00,L27.00
22.98291,27.39
23.03908,P27.20,T27.00,I27.00,M27.00,R27.00,L27.00
23.08588,27.37
23.14798,P27.20,T27.00,I27.00,M27.00,R27.00,L27.00
23.20116,27.50
23.25842,P27.20,T27.00,I27.00,M27.00,R27.00,L27.00
23.30565,27.19
23.35864,P27.20,T27.00,I27.00,M27.00,R27.00,L27.00
23.39668,27.42
23.43624,P27.20,T27.00,I27.00,M27.00,R27.00,L27.00
23.4733,27.42
23.51871,P27.20,T27.00,I27.00,M27.00,R27.00,L27.00
23.5592,27.27
23.60073,P27.20,T27.00,I27.00,M27.00,R27.00,L27.00
23.65643,27.37
23.69543,P27.20,T27.00,I27.00,M27.00,R27.00,L27.00
23.74025,27.21
23.79296,P27.20,T27.00,I27.00,M27.00,R27.00,L27.00
23.83182,27.32
23.87103,P27.19,T27.00,I27.00,M27.00,R27.00,L27.00
23.91324,27.11
23.96233,P27.19,T27.00,I27.00,M27.00,R27.00,L27.00
24.02125,27.14
24.0769,P27.19,T27.00,I27.00,M27.00,R27.00,L27.00
24.12171,27.14
24.18343,P27.19,T27.00,I27.00,M27.00,R27.00,L27.00
24.23891,27.19
24.28179,P27.18,T27.00,I27.00,M27.00,R27.00,L27.00
24.33818,27.01
24.38795,P27.18,T27.00,I27.00,M27.00,R27.00,L27.00
24.43957,27.01
24.47984,P27.18,T27.00,I27.00,M27.00,R27.00,L27.00
24.51972,26.96
24.5586,P27.18,T27.00,I27.00,M27.00,R27.00,L27.00
24.60483,26.93
24.65953,P27.18,T27.00,I27.00,M27.00,R27.00,L27.00
24.70387,26.88
24.76402,P27.18,T27.00,I27.00,M27.00,R27.00,L27.00
24.83105,26.86
24.88756,P27.18,T27.00,I27.00,M27.00,R27.00,L27.00
24.94434,26.88
25.00101,P27.17,T27.00,I27.00,M27.00,R27.00,L27.00
25.06307,26.86
25.11748,P27.17,T27.00,I27.00,M27.00,R27.00,L27.00
25.15839,26.78
25.19954,P27.17,T27.00,I27.00,M27.00,R27.00,L27.00
25.24186,26.58
25.30579,P27.17,T27.00,I27.00,M27.00,R27.00,L27.00
25.36065,26.71
25.41825,P27.17,T27.00,I27.00,M27.00,R27.00,L27.00
25.45665,26.71
25.5026,P27.17,T27.00,I27.00,M27.00,R27.00,L27.00
25.55754,26.63
25.5992,P27.17,T27.00,I27.00,M27.00,R27.00,L27.00
25.63719,26.45
25.67785,P27.17,T27.00,I27.00,M27.00,R27.00,L27.00
25.7224,26.68
25.77437,P27.17,T27.00,I27.00,M27.00,R27.00,L27.00
25.81192,26.55
25.8515,P27.17,T27.00,I27.00,M27.00,R27.00,L27.00
25.89305,26.60
25.94123,P27.17,T27.00,I27.00,M27.00,R27.00,L27.00
25.99967,26.40
26.03855,P27.17,T27.00,I27.00,M27.00,R27.00,L27.00
26.07967,26.45
26.11658,P27.17,T27.00,I27.00,M27.00,R27.00,L27.00
26.16102,26.40
26.22506,P27.16,T27.00,I27.00,M27.00,R27.00,L27.00
26.28181,26.35
26.33399,P27.15,T27.00,I27.00,M27.00,R27.00,L27.00
26.38066,26.28
26.43572,P27.15,T27.00,I27.00,M27.00,R27.00,L27.00
26.48016,26.25
26.54096,P27.15,T27.00,I27.00,M27.00,R27.00,L27.00
26.60369,26.38
26.65879,P27.15,T27.00,I27.00,M27.00,R27.00,L27.00
26.69986,26.35
26.7435,P27.15,T27.00,I27.00,M27.00,R27.00,L27.00
26.80387,26.25
26.85905,P27.15,T27.00,I27.00,M27.00,R27.00,L27.00
26.91075,26.18
26.96565,P27.15,T27.00,I27.00,M27.00,R27.00,L27.00
27.02278,26.25
27.07493,P27.15,T27.00,I27.00,M27.00,R27.00,L27.00
27.11491,26.20
27.15827,P27.15,T27.00,I27.00,M27.00,R27.00,L27.00
27.20394,26.15
27.26669,P27.15,T27.00,I27.00,M27.00,R27.00,L27.00
27.32776,26.15
27.38567,P27.14,T27.00,I27.00,M27.00,R27.00,L27.00
27.43867,26.13
27.4859,P27.14,T27.00,I27.00,M27.00,R27.00,L27.00
27.54194,26.00
27.59754,P27.14,T27.00,I27.00,M27.00,R27.00,L27.00
27.6436,26.13
27.70879,P27.14,T27.00,I27.00,M27.00,R27.00,L27.00
27.7668,26.08
27.82499,P27.14,T27.00,I27.00,M27.00,R27.00,L27.00
27.88139,25.95
27.94172,P27.14,T27.00,I27.00,M27.00,R27.00,L27.00
28.00103,26.00
28.05776,P27.14,T27.00,I27.00,M27.00,R27.00,L27.00
28.09962,26.00
28.14409,P27.14,T27.00,I27.00,M27.00,R27.00,L27.00
28.20274,25.83
28.26171,P27.14,T27.00,I27.00,M27.00,R27.00,L27.00
28.31591,25.85
28.36158,P27.14,T27.00,I27.00,M27.00,R27.00,L27.00
28.42028,26.08
28.48079,P27.14,T27.00,I27.00,M27.00,R27.00,L27.00
28.53541,25.75
28.58167,P27.14,T27.00,I27.00,M27.00,R27.00,L27.00
28.63785,25.93
28.68438,P27.13,T27.00,I27.00,M27.00,R27.00,L27.00
28.74483,25.80
28.81176,P27.13,T27.00,I27.00,M27.00,R27.00,L27.00
28.86855,25.83
28.92061,P27.13,T27.00,I27.00,M27.00,R27.00,L27.00
28.97354,25.85
29.01864,P27.13,T27.00,I27.00,M27.00,R27.00,L27.00
29.06227,25.68
29.11535,P27.13,T27.00,I27.00,M27.00,R27.00,L27.00
29.16263,25.78
29.22494,P27.13,T27.00,I27.00,M27.00,R27.00,L27.00
29.29485,25.83
29.35504,P27.13,T27.00,I27.00,M27.00,R27.00,L27.00
29.41367,25.70
29.46729,P27.13,T27.00,I27.00,M27.00,R27.00,L27.00
29.5347,25.65
29.59029,P27.13,T27.00,I27.00,M27.00,R27.00,L27.00
29.64541,25.65
29.70635,P27.13,T27.00,I27.00,M27.00,R27.00,L27.00
29.76768,25.61
29.82266,P27.13,T27.00,I27.00,M27.00,R27.00,L27.00
29.87705,25.53
29.9211,P27.13,T27.12,I27.00,M27.00,R27.00,L27.00
29.98026,25.58
30.03278,P27.12,T27.00,I27.00,M27.00,R27.00,L27.00
30.07447,25.68
30.11515,P27.12,T27.00,I27.00,M27.00,R27.00,L27.00
30.15804,25.58
30.20798,P27.12,T27.00,I27.00,M27.00,R27.00,L27.00
30.26474,25.43
30.32197,P27.12,T27.00,I27.00,M27.00,R27.00,L27.00
30.37786,25.48
30.42395,P27.12,T27.00,I27.00,M27.00,R27.00,L27.00
30.48337,25.51
30.5414,P27.12,T27.00,I27.00,M27.00,R27.00,L27.00
30.59532,25.46
30.64231,P27.12,T27.00,I27.00,M27.00,R27.00,L27.00
30.69823,25.46
30.74279,P27.12,T27.00,I27.00,M27.00,R27.00,L27.00
30.7965,25.46
30.84026,P27.12,T27.00,I27.00,M27.00,R27.00,L27.00
30.89583,25.46
30.93762,P27.11,T27.00,I27.00,M27.00,R27.00,L27.00
30.9785,25.41
31.01999,P27.11,T27.00,I27.00,M27.00,R27.00,L27.00
31.0668,25.43
31.12671,P27.11,T27.00,I27.00,M27.00,R27.00,L27.00
31.18276,25.41
31.23612,P27.11,T27.00,I27.00,M27.00,R27.00,L27.00
31.28189,25.43
31.33743,P27.11,T27.00,I27.00,M27.00,R27.00,L27.00
31.3806,25.46
31.43915,P27.11,T27.00,I27.00,M27.00,R27.00,L27.00
31.48314,25.43
31.53675,P27.11,T27.00,I27.00,M27.00,R27.00,L27.00
31.57569,25.46
31.61669,P27.11,T27.00,I27.00,M27.00,R27.00,L27.00
31.65563,25.46
31.70344,P27.11,T27.00,I27.00,M27.00,R27.00,L27.00
31.76085,25.43
31.81439,P27.11,T27.00,I27.00,M27.00,R27.00,L27.00
31.85561,25.46
31.8966,P27.11,T27.00,I27.00,M27.00,R27.00,L27.00
31.94336,25.43
32.00046,P27.10,T27.00,I27.00,M27.00,R27.00,L27.00
32.05652,25.46
32.0995,P27.10,T27.00,I27.00,M27.00,R27.00,L27.00
32.14036,25.43
32.1917,P27.10,T27.00,I27.00,M27.00,R27.00,L27.00
32.22915,25.43
32.2683,P27.10,T27.00,I27.00,M27.00,R27.00,L27.00
32.30809,25.46
32.35511,P27.10,T27.00,I27.00,M27.00,R27.00,L27.00
32.39569,25.38
32.43399,P27.10,T27.00,I27.00,M27.00,R27.00,L27.00
32.47282,25.43
32.51202,P27.10,T27.00,I27.00,M27.00,R27.00,L27.00
32.55503,25.43
32.5915,P27.10,T27.00,I27.00,M27.00,R27.00,L27.00
32.62974,25.43
32.66961,P27.10,T27.00,I27.00,M27.00,R27.00,L27.00
32.70721,25.43
32.74544,P27.10,T27.00,I27.00,M27.00,R27.00,L27.00
32.79027,25.53
32.82837,P27.10,T27.00,I27.00,M27.00,R27.00,L27.00
32.86725,25.36
32.9125,P27.10,T27.00,I27.00,M27.00,R27.00,L27.00
32.95694,25.43
33.00467,P27.10,T27.00,I27.00,M27.00,R27.00,L27.00
33.05796,25.48
33.09613,P27.10,T27.00,I27.00,M27.00,R27.00,L27.00
33.13288,25.46
33.17023,P27.09,T27.00,I27.00,M27.00,R27.00,L27.00
33.21275,25.36
33.25371,P27.09,T27.00,I27.00,M27.00,R27.00,L27.00
33.2922,25.46
33.33261,P27.09,T27.00,I27.00,M27.00,R27.00,L27.00
33.37182,25.43
33.42084,P27.00,T27.09,I27.00,M27.00,R27.00,L27.00
33.47138,25.53
33.50853,P27.09,T27.00,I27.00,M27.00,R27.00,L27.00
33.54462,25.43
33.58138,P27.09,T27.00,I27.00,M27.00,R27.00,L27.00
33.62353,25.46
33.65993,P27.09,T27.00,I27.00,M27.00,R27.00,L27.00
33.68321,25.43
33.72245,P27.09,T27.00,I27.00,M27.00,R27.00,L27.00
33.76322,25.63
33.80316,P27.09,T27.00,I27.00,M27.00,R27.00,L27.00
33.84996,25.51
33.88924,P27.09,T27.00,I27.00,M27.00,R27.00,L27.00
33.93029,25.65
33.96902,P27.09,T27.00,I27.00,M27.00,R27.00,L27.00
34.00706,25.58
34.04965,P27.09,T27.00,I27.00,M27.00,R27.00,L27.00
34.08666,25.46
34.12373,P27.09,T27.00,I27.00,M27.00,R27.00,L27.00
34.16038,25.58
34.19861,P27.09,T27.00,I27.00,M27.00,R27.00,L27.00
34.22307,25.56
34.26519,P27.09,T27.00,I27.00,M27.00,R27.00,L27.00
34.30107,25.56
34.33919,P27.09,T27.00,I27.00,M27.00,R27.00,L27.00
34.36447,25.56
34.40434,P27.08,T27.00,I27.00,M27.00,R27.00,L27.00
34.44748,25.73
34.4913,P27.08,T27.00,I27.00,M27.00,R27.00,L27.00
34.52863,25.65
34.56825,P27.08,T27.00,I27.00,M27.00,R27.00,L27.00
34.60692,25.75
34.64591,P27.08,T27.00,I27.00,M27.00,R27.00,L27.00
34.68506,25.65
34.72607,P27.08,T27.00,I27.00,M27.00,R27.00,L27.00
34.76801,25.75
34.80599,P27.08,T27.00,I27.00,M27.00,R27.00,L27.00
34.84137,25.80
34.87833,P27.08,T27.00,I27.00,M27.00,R27.00,L27.00
34.9003,25.83
34.93999,P27.08,T27.00,I27.00,M27.00,R27.00,L27.00
34.97567,25.80
34.99864,P27.08,T27.00,I27.00,M27.00,R27.00,L27.00
35.02167,25.90
35.06027,P27.08,T27.00,I27.00,M27.00,R27.00,L27.00
35.09793,25.85
35.1222,P27.08,T27.00,I27.00,M27.00,R27.00,L27.00
35.16734,25.95
35.20368,P27.08,T27.00,I27.00,M27.00,R27.00,L27.00
35.24154,25.95
35.27943,P27.08,T27.00,I27.00,M27.00,R27.00,L27.00
35.30421,26.00
35.34027,P27.07,T27.00,I27.00,M27.00,R27.00,L27.00
35.38357,26.10
35.4208,P27.07,T27.00,I27.00,M27.00,R27.00,L27.00
35.45881,25.93
35.48442,P27.00,T27.00,I27.00,M27.00,R27.00,L27.00
35.52353,25.88
35.56294,P27.07,T27.00,I27.00,M27.00,R27.00,L27.00
35.60508,25.90
35.64207,P27.07,T27.00,I27.00,M27.00,R27.00,L27.00
35.67906,25.98
35.70226,P27.07,T27.00,I27.00,M27.00,R27.00,L27.00
35.73801,26.10
35.76109,P27.07,T27.00,I27.00,M27.00,R27.00,L27.00
35.79749,26.10
35.82507,P27.07,T27.00,I27.00,M27.00,R27.00,L27.00
35.86071,26.15
35.90028,P27.07,T27.00,I27.00,M27.00,R27.00,L27.00
35.94719,26.15
35.98943,P27.07,T27.00,I27.00,M27.00,R27.00,L27.00
36.03522,26.18
36.07697,P27.00,T27.00,I27.00,M27.00,R27.00,L27.00
36.11728,26.18
36.15304,P27.07,T27.00,I27.00,M27.00,R27.00,L27.00
36.18969,26.35
36.22657,P27.07,T27.00,I27.00,M27.00,R27.00,L27.00
36.26193,26.25
36.30077,P27.07,T27.00,I27.00,M27.00,R27.00,L27.00
36.33727,26.50
36.36026,P27.07,T27.00,I27.00,M27.00,R27.00,L27.00
36.39628,26.45
36.41908,P27.07,T27.00,I27.00,M27.00,R27.00,L27.00
36.44336,26.50
36.48024,P27.07,T27.00,I27.00,M27.00,R27.00,L27.00
36.5218,26.58
36.55843,P27.07,T27.00,I27.00,M27.00,R27.00,L27.00
36.5803,26.45
36.61679,P27.07,T27.00,I27.00,M27.00,R27.00,L27.00
36.63906,26.43
36.66366,P27.07,T27.00,I27.00,M27.00,R27.00,L27.00
36.7008,26.50
36.74257,P27.06,T27.00,I27.00,M27.00,R27.00,L27.00
36.77935,26.53
36.80312,P27.06,T27.00,I27.00,M27.00,R27.00,L27.00
36.83969,26.55
36.86357,P27.06,T27.00,I27.00,M27.00,R27.00,L27.00
36.90357,26.55
36.94647,P27.06,T27.00,I27.00,M27.00,R27.00,L27.00
36.98352,26.60
37.02062,P27.06,T27.00,I27.00,M27.00,R27.00,L27.00
37.05831,26.58
37.08308,P27.06,T27.00,I27.00,M27.00,R27.00,L27.00
37.12068,26.71
37.16433,P27.06,T27.00,I27.00,M27.00,R27.00,L27.00
37.20465,26.66
37.24326,P27.06,T27.00,I27.00,M27.00,R27.00,L27.00
37.28404,26.81
37.3206,P27.06,T27.00,I27.00,M27.00,R27.00,L27.00
37.35715,26.96
37.38238,P27.06,T27.00,I27.00,M27.00,R27.00,L27.00
37.41779,26.88
37.44093,P27.06,T27.00,I27.00,M27.00,R27.00,L27.00
37.4771,26.76
37.50063,P27.06,T27.00,I27.00,M27.00,R27.00,L27.00
37.53814,26.88
37.56194,P27.06,T27.00,I27.00,M27.00,R27.00,L27.00
37.60376,26.81
37.64111,P27.06,T27.00,I27.00,M27.00,R27.00,L27.00
37.67852,27.01
37.70086,P27.06,T27.00,I27.00,M27.00,R27.00,L27.00
37.73875,26.99
37.76181,P27.05,T27.00,I27.00,M27.00,R27.00,L27.00
37.79819,27.09
37.83028,P27.05,T27.00,I27.00,M27.00,R27.00,L27.00
37.86693,27.14
37.904,P27.05,T27.00,I27.00,M27.00,R27.00,L27.00
37.94325,27.04
37.98063,P27.05,T27.00,I27.00,M27.00,R27.00,L27.00
38.01811,27.37
38.04555,P27.05,T27.00,I27.00,M27.00,R27.00,L27.00
38.08442,27.27
38.12712,P27.05,T27.00,I27.00,M27.00,R27.00,L27.00
38.16528,27.21
38.20234,P27.05,T27.00,I27.00,M27.00,R27.00,L27.00
38.24057,27.19
38.28298,P27.05,T27.00,I27.00,M27.00,R27.00,L27.00
38.32649,27.14
38.36689,P27.05,T27.00,I27.00,M27.00,R27.00,L27.00
38.40538,27.42
38.4436,P27.05,T27.00,I27.00,M27.00,R27.00,L27.00
38.48558,27.37
38.52119,P27.05,T27.00,I27.00,M27.00,R27.00,L27.00
38.55701,27.29
38.57933,P27.05,T27.00,I27.00,M27.00,R27.00,L27.00
38.60155,27.39
38.63801,P27.00,T27.05,I27.00,M27.00,R27.00,L27.00
38.66389,27.45
38.7057,P27.05,T27.00,I27.00,M27.00,R27.00,L27.00
38.74309,27.50
38.77983,P27.05,T27.00,I27.00,M27.00,R27.00,L27.00
38.80333,27.47
38.83945,P27.05,T27.00,I27.00,M27.00,R27.00,L27.00
38.86181,27.29
38.89777,P27.05,T27.00,I27.00,M27.00,R27.00,L27.00
38.92461,27.63
38.9614,P27.05,T27.00,I27.00,M27.00,R27.00,L27.00
39.00009,27.70
39.0355,P27.05,T27.00,I27.00,M27.00,R27.00,L27.00
39.05787,27.60
39.08071,P27.05,T27.00,I27.00,M27.00,R27.00,L27.00
39.11664,27.68
39.1447,P27.05,T27.00,I27.00,M27.00,R27.00,L27.00
39.18034,27.75
39.21866,P27.05,T27.00,I27.00,M27.00,R27.00,L27.00
39.2421,27.81
39.27907,P27.05,T27.00,I27.00,M27.00,R27.00,L27.00
39.30216,27.73
39.34032,P27.05,T27.00,I27.00,M27.00,R27.00,L27.00
39.38469,27.68
39.42307,P27.05,T27.00,I27.00,M27.00,R27.00,L27.00
39.46239,27.88
39.5014,P27.04,T27.00,I27.00,M27.00,R27.00,L27.00
39.53985,27.63
39.56452,P27.04,T27.00,I27.00,M27.00,R27.00,L27.00
39.6063,27.91
39.6451,P27.04,T27.00,I27.00,M27.00,R27.00,L27.00
39.68154,27.78
39.72026,P27.04,T27.00,I27.00,M27.00,R27.00,L27.00
39.76103,27.88
39.79692,P27.04,T27.00,I27.00,M27.00,R27.00,L27.00
39.82433,27.81
39.86042,P27.04,T27.00,I27.00,M27.00,R27.00,L27.00
39.89869,27.96
39.92011,P27.04,T27.00,I27.00,M27.00,R27.00,L27.00
39.95583,27.99
39.97886,P27.04,T27.00,I27.00,M27.00,R27.00,L27.00
40.00185,28.14
40.04221,P27.04,T27.00,I27.00,M27.00,R27.00,L27.00
40.07865,27.94
40.10226,P27.04,T27.00,I27.00,M27.00,R27.00,L27.00
40.14149,28.09
40.18072,P27.04,T27.00,I27.00,M27.00,R27.00,L27.00
40.21999,27.99
40.26025,P27.04,T27.00,I27.00,M27.00,R27.00,L27.00
40.29919,28.27
40.3232,P27.04,T27.00,I27.00,M27.00,R27.00,L27.00
40.36052,28.40
40.39781,P27.04,T27.00,I27.00,M27.00,R27.00,L27.00
40.42265,28.22
40.46411,P27.04,T27.00,I27.00,M27.00,R27.00,L27.00
40.50293,28.22
40.54263,P27.04,T27.00,I27.00,M27.00,R27.00,L27.00
40.58064,28.30
40.61804,P27.04,T27.00,I27.00,M27.00,R27.00,L27.00
40.64123,28.22
40.68143,P27.04,T27.00,I27.00,M27.00,R27.00,L27.00
40.71873,28.40
40.74293,P27.04,T27.00,I27.00,M27.00,R27.00,L27.00
40.78349,28.27
40.82141,P27.04,T27.00,I27.00,M27.00,R27.00,L27.00
40.85919,28.35
40.88694,P27.04,T27.00,I27.00,M27.00,R27.00,L27.00
40.92784,28.56
40.96512,P27.04,T27.00,I27.00,M27.00,R27.00,L27.00
41.00248,28.30
41.03786,P27.04,T27.00,I27.00,M27.00,R27.00,L27.00
41.06023,28.38
41.09961,P27.04,T27.00,I27.00,M27.00,R27.00,L27.00
41.1227,28.40
41.15865,P27.04,T27.00,I27.00,M27.00,R27.00,L27.00
41.18005,28.67
41.21572,P27.04,T27.00,I27.00,M27.00,R27.00,L27.00
41.23932,28.51
41.26219,P27.04,T27.00,I27.00,M27.00,R27.00,L27.00
41.30463,28.62
41.3403,P27.04,T27.00,I27.00,M27.00,R27.00,L27.00
41.37762,28.54
41.40321,P27.04,T27.00,I27.00,M27.00,R27.00,L27.00
41.44085,28.67
41.47776,P27.04,T27.00,I27.00,M27.00,R27.00,L27.00
41.50542,28.54
41.54174,P27.04,T27.00,I27.00,M27.00,R27.00,L27.00
41.5784,28.56
41.60196,P27.04,T27.00,I27.00,M27.00,R27.00,L27.00
41.6396,28.56
41.66333,P27.04,T27.00,I27.00,M27.00,R27.00,L27.00
41.70129,28.69
41.74367,P27.03,T27.00,I27.00,M27.00,R27.00,L27.00
41.781,28.62
41.81786,P27.03,T27.00,I27.00,M27.00,R27.00,L27.00
41.84155,28.56
41.87863,P27.03,T27.00,I27.00,M27.00,R27.00,L27.00
41.90299,28.64
41.94492,P27.03,T27.00,I27.00,M27.00,R27.00,L27.00
41.98159,28.72
42.01785,P27.03,T27.00,I27.00,M27.00,R27.00,L27.00
42.04037,28.69
42.07773,P27.03,T27.00,I27.00,M27.00,R27.00,L27.00
42.10064,28.67
42.1386,P27.03,T27.00,I27.00,M27.00,R27.00,L27.00
42.16912,28.69
42.20639,P27.03,T27.00,I27.00,M27.00,R27.00,L27.00
42.24322,28.69
42.27962,P27.03,T27.00,I27.00,M27.00,R27.00,L27.00
42.30246,28.72
42.33671,P27.03,T27.00,I27.00,M27.00,R27.00,L27.00
42.35935,28.69
42.38629,P27.03,T27.00,I27.00,M27.00,R27.00,L27.00
42.42369,28.69
42.46179,P27.03,T27.00,I27.00,M27.00,R27.00,L27.00
42.50219,28.88
42.54022,P27.03,T27.00,I27.00,M27.00,R27.00,L27.00
42.57935,28.77
42.60731,P27.03,T27.00,I27.00,M27.00,R27.00,L27.00
42.6465,28.62
42.68348,P27.03,T27.00,I27.00,M27.00,R27.00,L27.00
42.72058,28.83
42.75935,P27.03,T27.00,I27.00,M27.00,R27.00,L27.00
42.78296,28.80
42.82364,P27.03,T27.00,I27.00,M27.00,R27.00,L27.00
42.86095,28.96
42.89762,P27.03,T27.00,I27.00,M27.00,R27.00,L27.00
42.92383,28.80
42.96054,P27.03,T27.00,I27.00,M27.00,R27.00,L27.00
43.00165,28.64
43.04743,P27.03,T27.00,I27.00,M27.00,R27.00,L27.00
43.08643,28.83
43.12787,P27.03,T27.00,I27.00,M27.00,R27.00,L27.00
43.16527,28.83
43.2027,P27.03,T27.00,I27.00,M27.00,R27.00,L27.00
43.24953,28.80
43.28713,P27.03,T27.00,I27.00,M27.00,R27.00,L27.00
43.32516,28.88
43.36284,P27.03,T27.00,I27.00,M27.00,R27.00,L27.00
43.40208,28.72
43.4449,P27.03,T27.00,I27.00,M27.00,R27.00,L27.00
43.49446,28.93
43.53357,P27.03,T27.00,I27.00,M27.00,R27.00,L27.00
43.57962,28.96
43.63014,P27.03,T27.00,I27.00,M27.00,R27.00,L27.00
43.68144,28.85
43.7394,P27.03,T27.00,I27.00,M27.00,R27.00,L27.00
43.7773,28.98
43.81834,P27.03,T27.00,I27.00,M27.00,R27.00,L27.00
43.86288,29.04
43.91948,P27.03,T27.00,I27.00,M27.00,R27.00,L27.00
43.96218,28.93
44.01837,P27.03,T27.00,I27.00,M27.00,R27.00,L27.00
44.05529,29.01
44.09289,P27.03,T27.00,I27.00,M27.00,R27.00,L27.00
44.12917,28.69
44.17122,P27.03,T27.00,I27.00,M27.00,R27.00,L27.00
44.20974,29.14
44.25018,P27.03,T27.00,I27.00,M27.00,R27.00,L27.00
44.29217,28.98
44.33365,P27.03,T27.00,I27.00,M27.00,R27.00,L27.00
44.379,29.12
44.42138,P27.03,T27.00,I27.00,M27.00,R27.00,L27.00
44.4711,28.93
44.50832,P27.03,T27.00,I27.00,M27.00,R27.00,L27.00
44.54559,29.12
44.58686,P27.03,T27.00,I27.00,M27.00,R27.00,L27.00
44.62321,29.14
44.66343,P27.03,T27.00,I27.00,M27.00,R27.00,L27.00
44.70385,29.01
44.74375,P27.02,T27.00,I27.00,M27.00,R27.00,L27.00
44.78231,29.12
44.82932,P27.02,T27.00,I27.00,M27.00,R27.00,L27.00
44.8704,29.09
44.90671,P27.02,T27.00,I27.00,M27.00,R27.00,L27.00
44.94575,29.22
44.9823,P27.02,T27.00,I27.00,M27.00,R27.00,L27.00
45.01823,29.20
45.04201,P27.02,T27.00,I27.00,M27.00,R27.00,L27.00
45.08372,29.09
45.12609,P27.02,T27.00,I27.00,M27.00,R27.00,L27.00
45.16413,29.25
45.20109,P27.02,T27.00,I27.00,M27.00,R27.00,L27.00
45.24,29.20
45.33285,P27.02,T27.00,I27.00,M27.00,R27.00,L27.00
45.41983,29.12
45.48792,P27.02,T27.00,I27.00,M27.00,R27.00,L27.00
45.56144,29.14
45.62516,P27.02,T27.00,I27.00,M27.00,R27.00,L27.00
45.67703,29.06
45.7121,P27.02,T27.00,I27.00,M27.00,R27.00,L27.00
45.75391,29.28
45.79171,P27.02,T27.00,I27.00,M27.00,R27.00,L27.00
45.82759,29.14
45.86607,P27.02,T27.00,I27.00,M27.00,R27.00,L27.00
45.90813,29.20
45.94923,P27.02,T27.00,I27.00,M27.00,R27.00,L27.00
45.99743,29.17
46.03535,P27.02,T27.00,I27.00,M27.00,R27.00,L27.00
46.07248,29.20
46.11317,P27.02,T27.00,I27.00,M27.00,R27.00,L27.00
46.15427,29.20
46.19361,P27.02,T27.00,I27.00,M27.00,R27.00,L27.00
46.22907,29.60
46.26606,P27.02,T27.00,I27.00,M27.00,R27.00,L27.00
46.30192,29.17
46.34124,P27.02,T27.00,I27.00,M27.00,R27.00,L27.00
46.38014,29.20
46.42392,P27.02,T27.00,I27.00,M27.00,R27.00,L27.00
46.46235,29.12
46.50192,P27.02,T27.00,I27.00,M27.00,R27.00,L27.00
46.53909,29.30
46.56275,P27.02,T27.00,I27.00,M27.00,R27.00,L27.00
46.59888,29.30
46.62379,P27.02,T27.00,I27.00,M27.00,R27.00,L27.00
46.66086,29.17
46.69833,P27.02,T27.00,I27.00,M27.00,R27.00,L27.00
46.72396,29.25
46.76286,P27.00,T27.02,I27.00,M27.00,R27.00,L27.00
46.80432,29.17
46.84892,P27.02,T27.00,I27.00,M27.00,R27.00,L27.00
46.88918,29.28
46.92924,P27.02,T27.00,I27.00,M27.00,R27.00,L27.00
46.9701,28.77
47.01074,P27.02,T27.00,I27.00,M27.00,R27.00,L27.00
47.05755,29.36
47.09738,P27.02,T27.00,I27.00,M27.00,R27.00,L27.00
47.13636,29.17
47.17519,P27.02,T27.00,I27.00,M27.00,R27.00,L27.00
47.21482,29.22
47.25719,P27.02,T27.00,I27.00,M27.00,R27.00,L27.00
47.29486,29.25
47.33288,P27.02,T27.00,I27.00,M27.00,R27.00,L27.00
47.36893,29.09
47.40782,P27.02,T27.00,I27.00,M27.00,R27.00,L27.00
47.44901,29.55
47.48884,P27.02,T27.00,I27.00,M27.00,R27.00,L27.00
47.52577,29.28
47.56322,P27.02,T27.00,I27.00,M27.00,R27.00,L27.00
47.59975,29.25
47.62537,P27.02,T27.00,I27.00,M27.00,R27.00,L27.00
47.66417,29.22
47.7043,P27.02,T27.00,I27.00,M27.00,R27.00,L27.00
47.74422,29.36
47.78055,P27.02,T27.00,I27.00,M27.00,R27.00,L27.00
47.82011,29.36
47.85782,P27.02,T27.00,I27.00,M27.00,R27.00,L27.00
47.88328,29.28
47.92604,P27.02,T27.00,I27.00,M27.00,R27.00,L27.00
47.96449,29.38
48.00383,P27.02,T27.00,I27.00,M27.00,R27.00,L27.00
48.04322,29.36
48.08171,P27.02,T27.00,I27.00,M27.00,R27.00,L27.00
48.11995,29.30
48.14734,P27.02,T27.00,I27.00,M27.00,R27.00,L27.00
48.18424,29.25
48.22161,P27.02,T27.00,I27.00,M27.00,R27.00,L27.00
48.25927,29.41
48.30223,P27.02,T27.00,I27.00,M27.00,R27.00,L27.00
48.35362,29.55
48.3847,P27.02,T27.00,I27.00,M27.00,R27.00,L27.00
48.40414,29.38
48.41745,P27.02,T27.00,I27.00,M27.00,R27.00,L27.00
48.43127,29.12
48.43683,P27.02,T27.00,I27.00,M27.00,R27.00,L27.00
48.44146,29.36
48.45021,P27.02,T27.00,I27.00,M27.00,R27.00,L27.00
48.45469,29.41
48.45841,P27.02,T27.00,I27.00,M27.00,R27.00,L27.00
48.46269,29.38
48.46834,P27.02,T27.00,I27.00,M27.00,R27.00,L27.00
48.47301,29.36
48.47745,P27.02,T27.00,I27.00,M27.00,R27.00,L27.00
48.48167,29.28
48.48702,P27.02,T27.00,I27.00,M27.00,R27.00,L27.00
48.49184,29.38
48.49636,P27.02,T27.00,I27.00,M27.00,R27.00,L27.00
48.50079,29.14
48.50705,P27.02,T27.00,I27.00,M27.00,R27.00,L27.00
48.51252,29.38
48.51831,P27.02,T27.00,I27.00,M27.00,R27.00,L27.00
48.52359,29.47
48.52941,P27.02,T27.00,I27.00,M27.00,R27.00,L27.00
48.53421,29.30
48.53883,P27.02,T27.00,I27.00,M27.00,R27.00,L27.00
48.5442,29.36
48.55023,P27.02,T27.00,I27.00,M27.00,R27.00,L27.00
48.55561,29.79
48.56405,P27.01,T27.00,I27.00,M27.00,R27.00,L27.00
48.57025,29.52
48.57549,P27.01,T27.00,I27.00,M27.00,R27.00,L27.00
48.58073,29.36
48.58523,P27.01,T27.00,I27.00,M27.00,R27.00,L27.00
48.59062,29.55
48.5957,P27.01,T27.00,I27.00,M27.00,R27.00,L27.00
48.60123,29.47
48.60684,P27.01,T27.00,I27.00,M27.00,R27.00,L27.00
48.61217,29.41
48.61772,P27.01,T27.00,I27.00,M27.00,R27.00,L27.00
48.6227,29.38
48.62811,P27.01,T27.00,I27.00,M27.00,R27.00,L27.00
48.63315,29.52
48.63871,P27.01,T27.00,I27.00,M27.00,R27.00,L27.00
48.6441,28.77
48.65109,P27.01,T27.00,I27.00,M27.00,R27.00,L27.00
48.65636,29.41
48.66194,P27.01,T27.00,I27.00,M27.00,R27.00,L27.00
48.66761,29.38
48.67265,P27.01,T27.00,I27.00,M27.00,R27.00,L27.00
48.6778,29.22
48.68252,P27.01,T27.00,I27.00,M27.00,R27.00,L27.00
48.68796,29.38
48.69341,P27.01,T27.00,I27.00,M27.00,R27.00,L27.00
48.69919,29.36
48.70472,P27.01,T27.00,I27.00,M27.00,R27.00,L27.00
48.71074,29.36
48.72015,P27.01,T27.00,I27.00,M27.00,R27.00,L27.00
48.7283,29.52
48.7335,P27.01,T27.00,I27.00,M27.00,R27.00,L27.00
48.73835,29.28
48.74302,P27.01,T27.00,I27.00,M27.00,R27.00,L27.00
48.74906,29.30
48.75394,P27.01,T27.00,I27.00,M27.00,R27.00,L27.00
48.75922,29.22
48.77045,P27.01,T27.00,I27.00,M27.00,R27.00,L27.00
48.77626,29.38
48.78244,P27.01,T27.00,I27.00,M27.00,R27.00,L27.00
48.79028,29.28
48.79561,P27.01,T27.00,I27.00,M27.00,R27.00,L27.00
48.80071,29.36
48.8064,P27.01,T27.00,I27.00,M27.00,R27.00,L27.00
48.81207,29.14
48.81658,P27.01,T27.00,I27.00,M27.00,R27.00,L27.00
48.8216,29.41
48.82772,P27.01,T27.00,I27.00,M27.00,R27.00,L27.00
48.83242,29.41
48.83751,P27.01,T27.00,I27.00,M27.00,R27.00,L27.00
48.84227,29.28
48.84782,P27.01,T27.01,I27.00,M27.00,R27.00,L27.00
48.85298,29.25
48.85784,P27.01,T27.00,I27.00,M27.00,R27.00,L27.00
48.8623,29.28
48.86826,P27.01,T27.00,I27.00,M27.00,R27.00,L27.00
48.87326,29.25
48.87813,P27.01,T27.00,I27.00,M27.00,R27.00,L27.00
48.88287,29.33
48.88791,P27.01,T27.00,I27.00,M27.00,R27.00,L27.00
48.89315,29.30
48.89791,P27.01,T27.00,I27.00,M27.00,R27.00,L27.00
48.90269,29.28
48.90784,P27.01,T27.00,I27.00,M27.00,R27.00,L27.00
48.91257,29.28
48.91719,P27.01,T27.00,I27.00,M27.00,R27.00,L27.00
48.9222,29.25
48.92761,P27.01,T27.00,I27.00,M27.00,R27.00,L27.00
48.93337,29.30
48.97699,P27.01,T27.00,I27.00,M27.00,R27.00,L27.00
49.03645,29.17
49.09448,P27.01,T27.00,I27.00,M27.00,R27.00,L27.00
49.15246,29.55
49.20723,P27.01,T27.00,I27.00,M27.00,R27.00,L27.00
49.26583,29.20
49.32264,P27.01,T27.00,I27.00,M27.00,R27.00,L27.00
49.37457,29.25
49.41093,P27.01,T27.00,I27.00,M27.00,R27.00,L27.00
49.45105,29.44
49.49031,P27.01,T27.00,I27.00,M27.00,R27.00,L27.00
49.53502,29.20
49.57434,P27.01,T27.00,I27.00,M27.00,R27.00,L27.00
49.61608,29.20
49.65578,P27.01,T27.00,I27.00,M27.00,R27.00,L27.00
49.69667,29.12
49.73848,P27.01,T27.00,I27.00,M27.00,R27.00,L27.00
49.77649,29.14
49.81371,P27.01,T27.00,I27.00,M27.00,R27.00,L27.00
49.85077,29.14
49.88811,P27.01,T27.00,I27.00,M27.00,R27.00,L27.00
49.92597,29.20
49.96853,P27.01,T27.00,I27.00,M27.00,R27.00,L27.00
50.00939,29.20
50.04833,P27.01,T27.00,I27.00,M27.00,R27.00,L27.00
50.08574,29.36
50.12516,P27.01,T27.00,I27.00,M27.00,R27.00,L27.00
50.16431,29.20
50.20648,P27.01,T27.00,I27.00,M27.00,R27.00,L27.00
50.2454,29.17
50.28364,P27.01,T27.00,I27.00,M27.00,R27.00,L27.00
50.3212,29.06
50.3584,P27.01,T27.00,I27.00,M27.00,R27.00,L27.00
50.38183,29.17
50.42287,P27.01,T27.00,I27.00,M27.00,R27.00,L27.00
50.4613,29.28
50.49912,P27.01,T27.00,I27.00,M27.00,R27.00,L27.00
50.52635,29.17
50.56905,P27.01,T27.00,I27.00,M27.00,R27.00,L27.00
50.60651,29.12
50.64975,P27.01,T27.00,I27.00,M27.00,R27.00,L27.00
50.68914,29.25
50.72649,P27.01,T27.00,I27.00,M27.00,R27.00,L27.00
50.76384,29.14
50.80408,P27.01,T27.00,I27.00,M27.00,R27.00,L27.00
50.84264,29.14
50.8849,P27.01,T27.00,I27.00,M27.00,R27.00,L27.00
50.92379,29.09
50.96431,P27.01,T27.00,I27.00,M27.00,R27.00,L27.00
51.00386,29.17
51.04515,P27.01,T27.00,I27.00,M27.00,R27.00,L27.00
51.09137,29.17
51.12986,P27.01,T27.00,I27.00,M27.00,R27.00,L27.00
51.16874,29.09
51.20723,P27.01,T27.00,I27.00,M27.00,R27.00,L27.00
51.24683,29.09
51.29265,P27.01,T27.00,I27.00,M27.00,R27.00,L27.00
51.32838,29.17
51.36554,P27.01,T27.00,I27.00,M27.00,R27.00,L27.00
51.4025,29.12
51.43744,P27.01,T27.00,I27.00,M27.00,R27.00,L27.00
51.46172,29.12
51.50216,P27.01,T27.00,I27.00,M27.00,R27.00,L27.00
51.54058,29.14
51.57691,P27.01,T27.00,I27.00,M27.00,R27.00,L27.00
51.60298,29.14
51.63904,P27.01,T27.00,I27.00,M27.00,R27.00,L27.00
51.66273,29.09
51.70271,P27.01,T27.00,I27.00,M27.00,R27.00,L27.00
51.73963,28.98
51.76424,P27.01,T27.00,I27.00,M27.00,R27.00,L27.00
51.80244,29.04
51.84073,P27.01,T27.00,I27.00,M27.00,R27.00,L27.00
51.8824,29.17
51.92878,P27.01,T27.00,I27.00,M27.00,R27.00,L27.00
51.96757,29.14
52.00693,P27.01,T27.00,I27.00,M27.00,R27.00,L27.00
52.0458,28.88
52.08368,P27.01,T27.00,I27.00,M27.00,R27.00,L27.00
52.12646,29.01
52.16725,P27.01,T27.00,I27.00,M27.00,R27.00,L27.00
52.20749,29.04
52.24557,P27.01,T27.00,I27.00,M27.00,R27.00,L27.00
52.28333,28.88
52.32232,P27.01,T27.00,I27.00,M27.00,R27.00,L27.00
52.36261,29.06
52.4007,P27.01,T27.00,I27.00,M27.00,R27.00,L27.00
52.44101,28.93
52.47926,P27.01,T27.00,I27.00,M27.00,R27.00,L27.00
52.50445,28.96
52.5427,P27.01,T27.00,I27.00,M27.00,R27.00,L27.00
52.58637,28.98
52.62677,P27.01,T27.00,I27.00,M27.00,R27.00,L27.00
52.6646,28.83
52.70144,P27.01,T27.00,I27.00,M27.00,R27.00,L27.00
52.73659,28.88
52.75919,P27.01,T27.00,I27.00,M27.00,R27.00,L27.00
52.7866,28.69
52.82399,P27.01,T27.00,I27.00,M27.00,R27.00,L27.00
52.85972,28.83
52.88344,P27.01,T27.00,I27.00,M27.00,R27.00,L27.00
52.91912,28.88
52.94208,P27.01,T27.00,I27.00,M27.00,R27.00,L27.00
52.97918,28.98
53.01176,P27.01,T27.00,I27.00,M27.00,R27.00,L27.00
53.04937,28.75
53.08706,P27.01,T27.00,I27.00,M27.00,R27.00,L27.00
53.12437,28.93
53.16219,P27.01,T27.00,I27.00,M27.00,R27.00,L27.00
53.19997,28.80
53.2288,P27.01,T27.00,I27.00,M27.00,R27.00,L27.00
53.26871,28.69
53.30691,P27.01,T27.00,I27.00,M27.00,R27.00,L27.00
53.34604,28.69
53.38391,P27.01,T27.00,I27.00,M27.00,R27.00,L27.00
53.42141,28.69
53.46259,P27.01,T27.00,I27.00,M27.00,R27.00,L27.00
53.50348,28.51
53.5443,P27.01,T27.00,I27.00,M27.00,R27.00,L27.00
53.58451,28.69
53.62518,P27.01,T27.00,I27.00,M27.00,R27.00,L27.00
53.66999,28.69
53.7093,P27.01,T27.00,I27.00,M27.00,R27.00,L27.00
53.74825,28.62
53.787,P27.01,T27.00,I27.00,M27.00,R27.00,L27.00
53.82603,28.64
53.86971,P27.01,T27.00,I27.00,M27.00,R27.00,L27.00
53.90694,28.67
53.94659,P27.00,T27.00,I27.00,M27.00,R27.00,L27.00
53.98873,28.67
54.03299,P27.00,T27.00,I27.00,M27.00,R27.00,L27.00
54.08418,28.62
54.14098,P27.00,T27.00,I27.00,M27.00,R27.00,L27.00
54.19766,28.46
54.24035,P27.00,T27.00,I27.00,M27.00,R27.00,L27.00
54.30433,28.62
54.36349,P27.00,T27.00,I27.00,M27.00,R27.00,L27.00
54.42175,28.35
54.47762,P27.00,T27.00,I27.00,M27.00,R27.00,L27.00
54.52538,28.40
54.58296,P27.00,T27.00,I27.00,M27.00,R27.00,L27.00
54.64005,28.35
54.69753,P27.00,T27.00,I27.00,M27.00,R27.00,L27.00
54.74367,28.35
54.79993,P27.00,T27.00,I27.00,M27.00,R27.00,L27.00
54.84603,28.40
54.90149,P27.00,T27.00,I27.00,M27.00,R27.00,L27.00
54.96489,28.40
55.02142,P27.00,T27.00,I27.00,M27.00,R27.00,L27.00
55.08092,28.30
55.1385,P27.00,T27.00,I27.00,M27.00,R27.00,L27.00
55.1862,28.20
55.24306,P27.00,T27.00,I27.00,M27.00,R27.00,L27.00
55.29989,28.25
55.34193,P27.00,T27.00,I27.00,M27.00,R27.00,L27.00
55.40312,28.14
55.45773,P27.00,T27.00,I27.00,M27.00,R27.00,L27.00
55.50304,28.22
55.63323,P27.00,T27.00,I27.00,M27.00,R27.00,L27.00
55.77381,28.20
55.90875,P27.00,T27.00,I27.00,M27.00,R27.00,L27.00
56.02245,28.20
56.1184,P27.00,T27.00,I27.00,M27.00,R27.00,L27.00
56.1908,28.22
56.25903,P27.00,T27.00,I27.00,M27.00,R27.00,L27.00
56.31541,28.09
56.36707,P27.00,T27.00,I27.00,M27.00,R27.00,L27.00
56.42747,28.04
56.47968,P27.00,T27.00,I27.00,M27.00,R27.00,L27.00
56.5174,28.09
56.55579,P27.00,T27.00,I27.00,M27.00,R27.00,L27.00
56.59429,28.14
56.6381,P27.00,T27.00,I27.00,M27.00,R27.00,L27.00
56.6772,27.91
56.71289,P27.00,T27.00,I27.00,M27.00,R27.00,L27.00
56.75054,27.91
56.78728,P27.00,T27.00,I27.00,M27.00,R27.00,L27.00
56.82474,27.94
56.86739,P27.00,T27.00,I27.00,M27.00,R27.00,L27.00
56.90499,27.81
56.94275,P27.00,T27.00,I27.00,M27.00,R27.00,L27.00
56.98251,27.83
57.01994,P27.00,T27.00,I27.00,M27.00,R27.00,L27.00
57.04538,27.86
57.08936,P27.00,T27.00,I27.00,M27.00,R27.00,L27.00
57.12838,27.86
57.16592,P27.00,T27.00,I27.00,M27.00,R27.00,L27.00
57.20499,27.86
57.2441,P27.00,T27.00,I27.00,M27.00,R27.00,L27.00
57.28335,27.78
57.32678,P27.00,T27.00,I27.00,M27.00,R27.00,L27.00
57.36655,27.60
57.40561,P27.00,T27.00,I27.00,M27.00,R27.00,L27.00
57.44473,27.60
57.48629,P27.00,T27.00,I27.00,M27.00,R27.00,L27.00
57.53074,27.83
57.56997,P27.00,T27.00,I27.00,M27.00,R27.00,L27.00
57.60824,27.60
57.64579,P27.00,T27.00,I27.00,M27.00,R27.00,L27.00
57.68477,27.45
57.72416,P27.00,T27.00,I27.00,M27.00,R27.00,L27.00
57.76822,27.68
57.80909,P27.00,T27.00,I27.00,M27.00,R27.00,L27.00
57.84622,27.55
57.88422,P27.00,T27.00,I27.00,M27.00,R27.00,L27.00
57.91973,27.52
57.94162,P27.00,T27.00,I27.00,M27.00,R27.00,L27.00
57.98363,27.57
58.02113,P27.00,T27.00,I27.00,M27.00,R27.00,L27.00
58.05804,27.45
58.08454,P27.00,T27.00,I27.00,M27.00,R27.00,L27.00
58.12189,27.42
58.16058,P27.00,T27.00,I27.00,M27.00,R27.00,L27.00
58.20446,27.29
58.24421,P27.00,T27.00,I27.00,M27.00,R27.00,L27.00
58.28527,27.39
58.32406,P27.00,T27.00,I27.00,M27.00,R27.00,L27.00
58.36361,27.29
58.40575,P27.00,T27.00,I27.00,M27.00,R27.00,L27.00
58.44568,27.11
58.48526,P27.00,T27.00,I27.00,M27.00,R27.00,L27.00
58.52551,27.19
58.56448,P27.00,T27.00,I27.00,M27.00,R27.00,L27.00
58.60893,27.16
58.64769,P27.00,T27.00,I27.00,M27.00,R27.00,L27.00
58.68778,27.21
58.72787,P27.00,T27.00,I27.00,M27.00,R27.00,L27.00
58.76822,27.16
58.81359,P27.00,T27.00,I27.00,M27.00,R27.00,L27.00
58.8531,27.11
58.89258,P27.00,T27.00,I27.00,M27.00,R27.00,L27.00
58.93237,27.09
58.97145,P27.00,T27.00,I27.00,M27.00,R27.00,L27.00
59.0173,27.16
59.05716,P27.00,T27.00,I27.00,M27.00,R27.00,L27.00
59.09655,27.04
59.13622,P27.00,T27.00,I27.00,M27.00,R27.00,L27.00
59.17819,26.88
59.22219,P27.00,T27.00,I27.00,M27.00,R27.00,L27.00
59.27202,27.01
59.31023,P27.00,T27.00,I27.00,M27.00,R27.00,L27.00
59.3474,27.04
59.38492,P27.00,T27.00,I27.00,M27.00,R27.00,L27.00
59.42881,26.99
59.46688,P27.00,T27.00,I27.00,M27.00,R27.00,L27.00
59.50647,26.99
59.54568,P27.00,T27.00,I27.00,M27.00,R27.00,L27.00
59.5878,27.04
59.63448,P27.00,T27.00,I27.00,M27.00,R27.00,L27.00
59.67227,26.81
59.70968,P27.00,T27.00,I27.00,M27.00,R27.00,L27.00
59.74762,26.88
59.78579,P27.00,T27.00,I27.00,M27.00,R27.00,L27.00
59.82303,26.76
59.8628,P27.00,T27.00,I27.00,M27.00,R27.00,L27.00
59.90006,26.73
59.94058,P27.00,T27.00,I27.00,M27.00,R27.00,L27.00
59.97761,26.38
60.0027,P27.00,T27.00,I27.00,M27.00,R27.00,L27.00
60.0398,26.76
60.06487,P27.00,T27.00,I27.00,M27.00,R27.00,L27.00
60.10353,26.71
60.14097,P27.00,T27.00,I27.00,M27.00,R27.00,L27.00
60.17573,26.88
60.19881,P27.00,T27.00,I27.00,M27.00,R27.00,L27.00
60.22261,26.76
60.26018,P27.00,T27.00,I27.00,M27.00,R27.00,L27.00
60.30336,26.76
60.34011,P27.00,T27.00,I27.00,M27.00,R27.00,L27.00
60.37643,26.66
60.39975,P27.00,T27.00,I27.00,M27.00,R27.00,L27.00
60.42184,26.60
60.45905,P27.00,T27.00,I27.00,M27.00,R27.00,L27.00
60.4826,26.45
60.5319,P27.00,T27.00,I27.00,M27.00,R27.00,L27.00
60.56879,26.60
60.60495,P27.00,T27.00,I27.00,M27.00,R27.00,L27.00
60.64034,26.30
60.6785,P27.00,T27.00,I27.00,M27.00,R27.00,L27.00
60.7029,26.55
60.74365,P27.00,T27.00,I27.00,M27.00,R27.00,L27.00
60.78261,26.38
60.82016,P27.00,T27.00,I27.00,M27.00,R27.00,L27.00
60.85925,26.45
60.88475,P27.00,T27.00,I27.00,M27.00,R27.00,L27.00
60.92361,26.35
60.96301,P27.00,T27.00,I27.00,M27.00,R27.00,L27.00
61.00059,26.35
61.03763,P27.00,T27.00,I27.00,M27.00,R27.00,L27.00
61.06216,26.23
61.09896,P27.00,T27.00,I27.00,M27.00,R27.00,L27.00
61.12312,26.28
61.15973,P27.00,T27.00,I27.00,M27.00,R27.00,L27.00
61.18796,26.25
61.2244,P27.00,T27.00,I27.00,M27.00,R27.00,L27.00
61.26206,26.33
61.29919,P27.00,T27.00,I27.00,M27.00,R27.00,L27.00
61.32224,26.23
61.35852,P27.00,T27.00,I27.00,M27.00,R27.00,L27.00
61.38189,26.30
61.42258,P27.00,T27.00,I27.00,M27.00,R27.00,L27.00
61.46099,26.23
61.4985,P27.00,T27.00,I27.00,M27.00,R27.00,L27.00
61.5233,26.15
61.56202,P27.00,T27.00,I27.00,M27.00,R27.00,L27.00
61.59949,26.15
61.62754,P27.00,T27.00,I27.00,M27.00,R27.00,L27.00
61.66904,26.23
61.70557,P27.00,T27.00,I27.00,M27.00,R27.00,L27.00
61.74184,26.15
61.77615,P27.00,T27.00,I27.00,M27.00,R27.00,L27.00
61.79708,26.23
61.82082,P27.00,T27.00,I27.00,M27.00,R27.00,L27.00
61.86129,26.20
61.89781,P27.00,T27.00,I27.00,M27.00,R27.00,L27.00
61.92043,26.00
61.95517,P27.00,T27.00,I27.00,M27.00,R27.00,L27.00
61.97915,26.08
62.00552,P27.00,T27.00,I27.00,M27.00,R27.00,L27.00
62.04344,26.10
62.08549,P27.00,T27.00,I27.00,M27.00,R27.00,L27.00
62.12247,26.05
62.15946,P27.00,T27.00,I27.00,M27.00,R27.00,L27.00
62.1817,25.98
62.21845,P27.00,T27.00,I27.00,M27.00,R27.00,L27.00
62.24094,25.95
62.27752,P27.00,T27.00,I27.00,M27.00,R27.00,L27.00
62.3046,25.95
62.34311,P27.00,T27.00,I27.00,M27.00,R27.00,L27.00
62.37914,26.00
62.40336,P27.00,T27.00,I27.00,M27.00,R27.00,L27.00
62.44011,25.98
62.47678,P27.00,T27.00,I27.00,M27.00,R27.00,L27.00
62.50112,25.85
62.54161,P27.00,T27.00,I27.00,M27.00,R27.00,L27.00
62.57972,25.88
62.60289,P27.00,T27.00,I27.00,M27.00,R27.00,L27.00
62.64072,25.95
62.6797,P27.00,T27.00,I27.00,M27.00,R27.00,L27.00
62.70555,25.95
62.74964,P27.00,T27.00,I27.00,M27.00,R27.00,L27.00
62.79429,25.90
62.83811,P27.00,T27.00,I27.00,M27.00,R27.00,L27.00
62.87562,26.10
62.91392,P27.00,T27.00,I27.00,M27.00,R27.00,L27.00
62.95642,26.05
62.99462,P27.00,T27.00,I27.00,M27.00,R27.00,L27.00
63.03171,25.90
63.06991,P27.00,T27.00,I27.00,M27.00,R27.00,L27.00
63.10936,25.85
63.14931,P27.00,T27.00,I27.00,M27.00,R27.00,L27.00
63.1971,25.98
63.23718,P27.00,T27.00,I27.00,M27.00,R27.00,L27.00
63.27704,25.78
63.31851,P27.00,T27.00,I27.00,M27.00,R27.00,L27.00
63.35721,25.90
63.40071,P27.00,T27.00,I27.00,M27.00,R27.00,L27.00
63.4544,25.78
63.49376,P27.00,T27.00,I27.00,M27.00,R27.00,L27.00
63.53371,25.75
63.57137,P27.00,T27.00,I27.00,M27.00,R27.00,L27.00
63.61511,25.75
63.65413,P27.00,T27.00,I27.00,M27.00,R27.00,L27.00
63.69651,25.85
63.73765,P27.00,T27.00,I27.00,M27.00,R27.00,L27.00
63.77789,25.80
63.82207,P27.00,T27.00,I27.00,M27.00,R27.00,L27.00
63.8734,25.90
63.90955,P27.00,T27.00,I27.00,M27.00,R27.00,L27.00
63.94675,25.70
63.98357,P27.00,T27.00,I27.00,M27.00,R27.00,L27.00
64.02496,25.75
64.06004,P27.00,T27.00,I27.00,M27.00,R27.00,L27.00
64.09544,25.75
64.11741,P27.00,T27.00,I27.00,M27.00,R27.00,L27.00
64.13984,25.80
64.16296,P27.00,T27.00,I27.00,M27.00,R27.00,L27.00
64.19965,25.80
64.2287,P27.00,T27.00,I27.00,M27.00,R27.00,L27.00
64.26833,25.78
64.3083,P27.00,T27.00,I27.00,M27.00,R27.00,L27.00
64.35134,25.63
64.39259,P27.00,T27.00,I27.00,M27.00,R27.00,L27.00
64.43069,25.70
64.47295,P27.00,T27.00,I27.00,M27.00,R27.00,L27.00
64.50957,25.78
64.5465,P27.00,T27.00,I27.00,M27.00,R27.00,L27.00
64.58757,25.78
64.62968,P27.00,T27.00,I27.00,M27.00,R27.00,L27.00
64.67269,25.80
64.71495,P27.00,T27.00,I27.00,M27.00,R27.00,L27.00
64.75217,25.75
64.78898,P27.00,T27.00,I27.00,M27.00,R27.00,L27.00
64.82545,25.73
64.86565,P27.00,T27.00,I27.00,M27.00,R27.00,L27.00
64.90356,25.78
64.94627,P27.00,T27.00,I27.00,M27.00,R27.00,L27.00
64.98381,25.78
65.02044,P27.00,T27.00,I27.00,M27.00,R27.00,L27.00
65.05784,25.75
65.08437,P27.00,T27.00,I27.00,M27.00,R27.00,L27.00
65.12186,25.80
65.16245,P27.00,T27.00,I27.00,M27.00,R27.00,L27.00
65.20071,25.80
65.24115,P27.00,T27.00,I27.00,M27.00,R27.00,L27.00
65.27999,25.85
65.31998,P27.00,T27.00,I27.00,M27.00,R27.00,L27.00
65.35438,25.80
65.38009,P27.00,T27.00,I27.00,M27.00,R27.00,L27.00
65.41454,25.80
65.43636,P27.00,T27.00,I27.00,M27.00,R27.00,L27.00
65.45732,25.83
65.47996,P27.00,T27.00,I27.00,M27.00,R27.00,L27.00
65.50377,25.75
65.54037,P27.00,T27.00,I27.00,M27.00,R27.00,L27.00
65.57621,25.85
65.60288,P27.00,T27.00,I27.00,M27.00,R27.00,L27.00
65.63867,26.13
65.66251,P27.00,T27.00,I27.00,M27.00,R27.00,L27.00
65.70234,25.98
65.73854,P27.00,T27.00,I27.00,M27.00,R27.00,L27.00
65.76112,25.85
65.79703,P27.00,T27.00,I27.00,M27.00,R27.00,L27.00
65.82413,25.75
65.86039,P27.00,T27.00,I27.00,M27.00,R27.00,L27.00
65.89813,25.88
65.92247,P27.00,T27.00,I27.00,M27.00,R27.00,L27.00
65.96026,25.93
65.99638,P27.00,T27.00,I27.00,M27.00,R27.00,L27.00
66.01918,25.95
66.04567,P27.00,T27.00,I27.00,M27.00,R27.00,L27.00
66.08206,26.00
66.11838,P27.00,T27.00,I27.00,M27.00,R27.00,L27.00
66.14053,25.98
66.17871,P27.00,T27.00,I27.00,M27.00,R27.00,L27.00
66.20108,26.05
66.2382,P27.00,T27.00,I27.00,M27.00,R27.00,L27.00
66.26663,26.25
66.30398,P27.00,T27.00,I27.00,M27.00,R27.00,L27.00
66.34155,26.00
66.37859,P27.00,T27.00,I27.00,M27.00,R27.00,L27.00
66.40379,26.00
66.44084,P27.00,T27.00,I27.00,M27.00,R27.00,L27.00
66.4832,26.05
66.51789,P27.00,T27.00,I27.00,M27.00,R27.00,L27.00
66.54047,26.18
66.5751,P27.00,T27.00,I27.00,M27.00,R27.00,L27.00
66.59728,26.15
66.61967,P27.00,T27.00,I27.00,M27.00,R27.00,L27.00
66.64119,26.10
66.68095,P27.00,T27.00,I27.00,M27.00,R27.00,L27.00
66.71793,25.98
66.74146,P27.00,T27.00,I27.00,M27.00,R27.00,L27.00
66.77729,26.23
66.79945,P27.00,T27.00,I27.00,M27.00,R27.00,L27.00
66.82116,26.25
66.85822,P27.00,T27.00,I27.00,M27.00,R27.00,L27.00
66.88705,26.23
66.92493,P27.00,T27.00,I27.00,M27.00,R27.00,L27.00
66.96099,26.23
66.99842,P27.00,T27.00,I27.00,M27.00,R27.00,L27.00
67.02277,26.25
67.06112,P27.00,T27.00,I27.00,M27.00,R27.00,L27.00
67.10277,26.23
67.14186,P27.00,T27.00,I27.00,M27.00,R27.00,L27.00
67.18114,26.23
67.21906,P27.00,T27.00,I27.00,M27.00,R27.00,L27.00
67.24417,26.35
67.28273,P27.00,T27.00,I27.00,M27.00,R27.00,L27.00
67.32355,26.40
67.36178,P27.00,T27.00,I27.00,M27.00,R27.00,L27.00
67.39816,26.40
67.42185,P27.00,T27.00,I27.00,M27.00,R27.00,L27.00
67.4604,26.35
67.50088,P27.00,T27.00,I27.00,M27.00,R27.00,L27.00
67.54374,26.25
67.58137,P27.00,T27.00,I27.00,M27.00,R27.00,L27.00
67.61771,26.55
67.64093,P27.00,T27.00,I27.00,M27.00,R27.00,L27.00
67.67718,26.48
67.70037,P27.00,T27.00,I27.00,M27.00,R27.00,L27.00
67.7372,26.45
67.76759,P27.00,T27.00,I27.00,M27.00,R27.00,L27.00
67.80549,26.30
67.84207,P27.00,T27.00,I27.00,M27.00,R27.00,L27.00
67.87845,26.50
67.90157,P27.00,T27.00,I27.00,M27.00,R27.00,L27.00
67.93714,26.55
67.95911,P27.00,T27.00,I27.00,M27.00,R27.00,L27.00
67.98805,26.55
68.02409,P27.00,T27.00,I27.00,M27.00,R27.00,L27.00
68.05939,26.50
68.08219,P27.00,T27.00,I27.00,M27.00,R27.00,L27.00
68.11967,26.71
68.14278,P27.00,T27.00,I27.00,M27.00,R27.00,L27.00
68.18319,26.66
68.22592,P27.00,T27.00,I27.00,M27.00,R27.00,L27.00
68.26328,26.71
68.29921,P27.00,T27.00,I27.00,M27.00,R27.00,L27.00
68.32114,26.48
68.35583,P27.00,T27.00,I27.00,M27.00,R27.00,L27.00
68.37959,26.86
68.40257,P27.00,T27.00,I27.00,M27.00,R27.00,L27.00
68.44335,26.66
68.48006,P27.00,T27.00,I27.00,M27.00,R27.00,L27.00
68.51614,26.86
68.53876,P27.00,T27.00,I27.00,M27.00,R27.00,L27.00
68.56226,26.68
68.59865,P27.00,T27.00,I27.00,M27.00,R27.00,L27.00
68.62045,27.04
68.66274,P27.00,T27.00,I27.00,M27.00,R27.00,L27.00
68.6983,26.96
68.72125,P27.00,T27.00,I27.00,M27.00,R27.00,L27.00
68.75691,26.91
68.78063,P27.00,T27.00,I27.00,M27.00,R27.00,L27.00
68.81693,26.91
68.8427,P27.00,T27.00,I27.00,M27.00,R27.00,L27.00
68.88498,27.01
68.92453,P27.00,T27.00,I27.00,M27.00,R27.00,L27.00
68.96481,26.99
69.00257,P27.00,T27.00,I27.00,M27.00,R27.00,L27.00
69.03957,27.04
69.06354,P27.00,T27.00,I27.00,M27.00,R27.00,L27.00
69.10873,26.99
69.147,P27.00,T27.00,I27.00,M27.00,R27.00,L27.00
69.18357,27.42
69.2191,P27.00,T27.00,I27.00,M27.00,R27.00,L27.00
69.22418,27.04
69.23811,P27.00,T27.00,I27.00,M27.00,R27.00,L27.00
69.24319,27.06
69.25148,P27.00,T27.00,I27.00,M27.00,R27.00,L27.00
69.25569,27.06
69.26069,P27.00,T27.00,I27.00,M27.00,R27.00,L27.00
69.26728,27.19
69.27737,P27.00,T27.00,I27.00,M27.00,R27.00,L27.00
69.2821,27.21
69.28775,P27.00,T27.00,I27.00,M27.00,R27.00,L27.00
69.29205,27.27
69.29744,P27.00,T27.00,I27.00,M27.00,R27.00,L27.00
69.30214,27.27
69.30692,P27.00,T27.00,I27.00,M27.00,R27.00,L27.00
69.31123,27.39
69.3159,P27.00,T27.00,I27.00,M27.00,R27.00,L27.00
69.32058,27.32
69.32536,P27.00,T27.00,I27.00,M27.00,R27.00,L27.00
69.32957,27.16
69.33394,P27.00,T27.00,I27.00,M27.00,R27.00,L27.00
69.33846,27.39
69.34347,P27.00,T27.00,I27.00,M27.00,R27.00,L27.00
69.34853,27.37
69.35321,P27.00,T27.00,I27.00,M27.00,R27.00,L27.00
69.35837,27.45
69.36308,P27.00,T27.00,I27.00,M27.00,R27.00,L27.00
69.36932,27.86
69.37457,P27.00,T27.00,I27.00,M27.00,R27.00,L27.00
69.37962,27.47
69.38367,P27.00,T27.00,I27.00,M27.00,R27.00,L27.00
69.38872,27.52
69.39342,P27.00,T27.00,I27.00,M27.00,R27.00,L27.00
69.39808,27.68
69.40232,P27.00,T27.00,I27.00,M27.00,R27.00,L27.00
69.40797,27.52
69.41229,P27.00,T27.00,I27.00,M27.00,R27.00,L27.00
69.41656,27.63
69.42193,P27.00,T27.00,I27.00,M27.00,R27.00,L27.00
69.42671,27.70
69.43138,P27.00,T27.00,I27.00,M27.00,R27.00,L27.00
69.43617,27.57
69.44033,P27.00,T27.00,I27.00,M27.00,R27.00,L27.00
69.44508,27.88
69.44967,P27.00,T27.00,I27.00,M27.00,R27.00,L27.00
69.45461,27.83
69.45891,P27.00,T27.00,I27.00,M27.00,R27.00,L27.00
69.46298,27.86
69.46844,P27.00,T27.00,I27.00,M27.00,R27.00,L27.00
69.47806,27.83
69.48246,P27.00,T27.00,I27.00,M27.00,R27.00,L27.00
69.48743,27.88
69.49237,P27.00,T27.00,I27.00,M27.00,R27.00,L27.00
69.49731,27.83
69.50173,P27.00,T27.00,I27.00,M27.00,R27.00,L27.00
69.50637,27.88
69.51099,P27.00,T27.00,I27.00,M27.00,R27.00,L27.00
69.51588,27.81
69.52245,P27.00,T27.00,I27.00,M27.00,R27.00,L27.00
69.52778,27.86
69.53297,P27.00,T27.00,I27.00,M27.00,R27.00,L27.00
69.5376,27.86
69.54182,P27.00,T27.00,I27.00,M27.00,R27.00,L27.00
69.54714,27.88
69.55138,P27.00,T27.00,I27.00,M27.00,R27.00,L27.00
69.5553,27.86
69.55997,P27.00,T27.00,I27.00,M27.00,R27.00,L27.00
69.56431,27.94
69.56901,P27.00,T27.00,I27.00,M27.00,R27.00,L27.00
69.57324,27.94
69.57743,P27.00,T27.00,I27.00,M27.00,R27.00,L27.00
69.58169,28.09
69.5864,P27.00,T27.00,I27.00,M27.00,R27.00,L27.00
69.59013,28.22
69.59431,P27.00,T27.00,I27.00,M27.00,R27.00,L27.00
69.59882,28.20
69.60281,P27.00,T27.00,I27.00,M27.00,R27.00,L27.00
69.60825,28.04
69.61288,P27.00,T27.00,I27.00,M27.00,R27.00,L27.00
69.61734,28.27
69.62109,P27.00,T27.00,I27.00,M27.00,R27.00,L27.00
69.6264,27.96
69.63054,P27.00,T27.00,I27.00,M27.00,R27.00,L27.00
69.6347,28.14
69.63907,P27.00,T27.00,I27.00,M27.00,R27.00,L27.00
69.64336,28.01
69.64825,P27.00,T27.00,I27.00,M27.00,R27.00,L27.00
69.65285,28.25
69.65675,P27.00,T27.00,I27.00,M27.00,R27.00,L27.00
69.66154,28.35
69.66673,P27.00,T27.00,I27.00,M27.00,R27.00,L27.00
69.67104,28.35
69.67982,P27.00,T27.00,I27.00,M27.00,R27.00,L27.00
69.68448,28.33
69.68954,P27.00,T27.00,I27.00,M27.00,R27.00,L27.00
69.69389,28.27
69.69822,P27.00,T27.00,I27.00,M27.00,R27.00,L27.00
69.70271,28.38
69.70749,P27.00,T27.00,I27.00,M27.00,R27.00,L27.00
69.7115,28.35
69.71634,P27.00,T27.00,I27.00,M27.00,R27.00,L27.00
69.72132,28.33
69.72606,P27.00,T27.00,I27.00,M27.00,R27.00,L27.00
69.72993,28.27
69.73499,P27.00,T27.00,I27.00,M27.00,R27.00,L27.00
69.73943,28.62
69.74334,P27.00,T27.00,I27.00,M27.00,R27.00,L27.00
69.74844,28.43
69.7527,P27.00,T27.00,I27.00,M27.00,R27.00,L27.00
69.75704,28.51
69.76158,P27.00,T27.00,I27.00,M27.00,R27.00,L27.00
69.76659,28.56
69.77154,P27.00,T27.00,I27.00,M27.00,R27.00,L27.00
69.77601,28.51
69.78094,P27.00,T27.00,I27.00,M27.00,R27.00,L27.00
69.78615,28.35
69.79068,P27.00,T27.00,I27.00,M27.00,R27.00,L27.00
69.79535,28.30
69.79992,P27.00,T27.00,I27.00,M27.00,R27.00,L27.00
69.80412,28.35
69.80884,P27.00,T27.00,I27.00,M27.00,R27.00,L27.00
69.81387,28.54
69.81838,P27.00,T27.00,I27.00,M27.00,R27.00,L27.00
69.82331,28.56
69.82863,P27.00,T27.00,I27.00,M27.00,R27.00,L27.00
69.83267,28.62
69.83719,P27.00,T27.00,I27.00,M27.00,R27.00,L27.00
69.84171,27.99
69.84674,P27.00,T27.00,I27.00,M27.00,R27.00,L27.00
69.85091,28.54
69.85564,P27.00,T27.00,I27.00,M27.00,R27.00,L27.00
69.86034,28.64
69.86496,P27.00,T27.00,I27.00,M27.00,R27.00,L27.00
69.86909,28.62
69.87372,P27.00,T27.00,I27.00,M27.00,R27.00,L27.00
69.88277,28.77
69.88758,P27.00,T27.00,I27.00,M27.00,R27.00,L27.00
69.89236,28.77
69.8974,P27.00,T27.00,I27.00,M27.00,R27.00,L27.00
69.90162,28.59
69.90697,P27.00,T27.00,I27.00,M27.00,R27.00,L27.00
69.91189,28.62
69.91618,P27.00,T27.00,I27.00,M27.00,R27.00,L27.00
69.92065,28.62
69.92527,P27.00,T27.00,I27.00,M27.00,R27.00,L27.00
69.92917,28.62
69.93408,P27.00,T27.00,I27.00,M27.00,R27.00,L27.00
69.93936,29.01
69.94392,P27.00,T27.00,I27.00,M27.00,R27.00,L27.00
69.94879,28.75
69.95433,P27.00,T27.00,I27.00,M27.00,R27.00,L27.00
69.95979,28.80
69.9649,P27.00,T27.00,I27.00,M27.00,R27.00,L27.00
69.96999,28.69
69.97443,P27.00,T27.00,I27.00,M27.00,R27.00,L27.00
69.97861,28.72
69.98352,P27.00,T27.00,I27.00,M27.00,R27.00,L27.00
69.98909,28.69
69.99316,P27.00,T27.00,I27.00,M27.00,R27.00,L27.00
69.99769,28.72
70.00237,P27.00,T27.00,I27.00,M27.00,R27.00,L27.00
70.00748,28.77
70.01234,P27.00,T27.00,I27.00,M27.00,R27.00,L27.00
70.01672,28.67
70.02101,P27.00,T27.00,I27.00,M27.00,R27.00,L27.00
70.02707,28.75
70.03133,P27.00,T27.00,I27.00,M27.00,R27.00,L27.00
70.03618,28.83
70.04044,P27.00,T27.00,I27.00,M27.00,R27.00,L27.00
70.04593,28.93
70.051,P27.00,T27.00,I27.00,M27.00,R27.00,L27.00
70.05573,29.01
70.0603,P27.00,T27.00,I27.00,M27.00,R27.00,L27.00
70.06493,28.83
70.0694,P27.00,T27.00,I27.00,M27.00,R27.00,L27.00
70.07408,28.88
70.08273,P27.00,T27.00,I27.00,M27.00,R27.00,L27.00
70.08789,28.64
70.09289,P27.00,T27.00,I27.00,M27.00,R27.00,L27.00
70.09792,28.75
70.1021,P27.00,T27.00,I27.00,M27.00,R27.00,L27.00
70.108,28.83
70.11182,P27.00,T27.00,I27.00,M27.00,R27.00,L27.00
70.11595,28.77
70.12126,P27.00,T27.00,I27.00,M27.00,R27.00,L27.00
70.12638,28.75
70.13033,P27.00,T27.00,I27.00,M27.00,R27.00,L27.00
70.13482,28.75
70.13955,P27.00,T27.00,I27.00,M27.00,R27.00,L27.00
70.14362,28.88
70.14858,P27.00,T27.00,I27.00,M27.00,R27.00,L27.00
70.15328,28.91
70.15771,P27.00,T27.00,I27.00,M27.00,R27.00,L27.00
70.16198,28.91
70.16671,P27.00,T27.00,I27.00,M27.00,R27.00,L27.00
70.17144,28.85
70.17593,P27.00,T27.00,I27.00,M27.00,R27.00,L27.00
70.17979,28.69
70.18401,P27.00,T27.00,I27.00,M27.00,R27.00,L27.00
70.18905,28.98
70.19326,P27.00,T27.00,I27.00,M27.00,R27.00,L27.00
70.19775,29.06
70.20322,P27.00,T27.00,I27.00,M27.00,R27.00,L27.00
70.20805,28.98
70.21333,P27.00,T27.00,I27.00,M27.00,R27.00,L27.00
70.21796,28.98
70.22195,P27.00,T27.00,I27.00,M27.00,R27.00,L27.00
70.22675,29.06
70.23127,P27.00,T27.00,I27.00,M27.00,R27.00,L27.00
70.23576,28.96
70.2403,P27.00,T27.00,I27.00,M27.00,R27.00,L27.00
70.24539,28.88
70.24985,P27.00,T27.00,I27.00,M27.00,R27.00,L27.00
70.25423,28.96
70.25815,P27.00,T27.00,I27.00,M27.00,R27.00,L27.00
70.26337,29.09
70.26856,P27.00,T27.00,I27.00,M27.00,R27.00,L27.00
70.27279,29.06
70.27714,P27.00,T27.00,I27.00,M27.00,R27.00,L27.00
70.28635,29.04
70.29195,P27.00,T27.00,I27.00,M27.00,R27.00,L27.00
70.29615,29.09
70.30049,P27.00,T27.00,I27.00,M27.00,R27.00,L27.00
70.30626,28.98
70.31157,P27.00,T27.00,I27.00,M27.00,R27.00,L27.00
70.31588,29.06
70.32,P27.00,T27.00,I27.00,M27.00,R27.00,L27.00
70.32478,28.98
70.32955,P27.00,T27.00,I27.00,M27.00,R27.00,L27.00
70.33413,28.96
70.33871,P27.00,T27.00,I27.00,M27.00,R27.00,L27.00
70.343,29.04
70.34743,P27.00,T27.00,I27.00,M27.00,R27.00,L27.00
70.35247,29.14
70.35672,P27.00,T27.00,I27.00,M27.00,R27.00,L27.00
70.36068,29.09
70.36785,P27.00,T27.00,I27.00,M27.00,R27.00,L27.00
70.37225,28.96
70.37679,P27.00,T27.00,I27.00,M27.00,R27.00,L27.00
70.3812,29.12
70.38614,P27.00,T27.00,I27.00,M27.00,R27.00,L27.00
70.39032,29.12
70.39504,P27.00,T27.00,I27.00,M27.00,R27.00,L27.00
70.40012,29.01
70.40494,P27.00,T27.00,I27.00,M27.00,R27.00,L27.00
70.40948,29.04
70.41404,P27.00,T27.00,I27.00,M27.00,R27.00,L27.00
70.4185,29.12
70.42302,P27.00,T27.00,I27.00,M27.00,R27.00,L27.00
70.42797,28.98
70.43242,P27.00,T27.00,I27.00,M27.00,R27.00,L27.00
70.43707,29.14
70.44111,P27.00,T27.00,I27.00,M27.00,R27.00,L27.00
70.44639,29.06
70.4512,P27.00,T27.00,I27.00,M27.00,R27.00,L27.00
70.45589,29.06
70.46071,P27.00,T27.00,I27.00,M27.00,R27.00,L27.00
70.46624,28.96
70.47038,P27.00,T27.00,I27.00,M27.00,R27.00,L27.00
70.47878,29.04
70.48813,P27.00,T27.00,I27.00,M27.00,R27.00,L27.00
70.49332,29.17
70.49792,P27.00,T27.00,I27.00,M27.00,R27.00,L27.00
70.5022,29.44
70.50685,P27.00,T27.00,I27.00,M27.00,R27.00,L27.00
70.51368,29.17
70.51914,P27.00,T27.00,I27.00,M27.00,R27.00,L27.00
70.52406,29.06
70.52993,P27.00,T27.00,I27.00,M27.00,R27.00,L27.00
70.53474,29.25
70.53952,P27.00,T27.00,I27.00,M27.00,R27.00,L27.00
70.54397,29.12
70.54849,P27.00,T27.00,I27.00,M27.00,R27.00,L27.00
70.55323,29.04
70.55836,P27.00,T27.00,I27.00,M27.00,R27.00,L27.00
70.563,29.06
70.56825,P27.00,T27.00,I27.00,M27.00,R27.00,L27.00
70.57351,29.12
70.57858,P27.00,T27.00,I27.00,M27.00,R27.00,L27.00
70.58434,28.98
70.59003,P27.00,T27.00,I27.00,M27.00,R27.00,L27.00
70.59445,29.14
70.5984,P27.00,T27.00,I27.00,M27.00,R27.00,L27.00
70.60321,29.14
70.60835,P27.00,T27.00,I27.00,M27.00,R27.00,L27.00
70.61255,29.09
70.61674,P27.00,T27.00,I27.00,M27.00,R27.00,L27.00
70.62156,29.12
70.62621,P27.00,T27.00,I27.00,M27.00,R27.00,L27.00
70.63068,29.14
70.63531,P27.00,T27.00,I27.00,M27.00,R27.00,L27.00
70.63954,28.91
70.64392,P27.00,T27.00,I27.00,M27.00,R27.00,L27.00
70.6489,29.06
70.6528,P27.00,T27.00,I27.00,M27.00,R27.00,L27.00
70.65733,28.96
70.6619,P27.00,T27.00,I27.00,M27.00,R27.00,L27.00
70.67093,29.17
70.67515,P27.00,T27.00,I27.00,M27.00,R27.00,L27.00
70.67971,28.93
70.68696,P27.00,T27.00,I27.00,M27.00,R27.00,L27.00
70.69186,29.09
70.69637,P27.00,T27.00,I27.00,M27.00,R27.00,L27.00
70.70075,29.09
70.70583,P27.00,T27.00,I27.00,M27.00,R27.00,L27.00
70.71037,29.17
70.71511,P27.00,T27.00,I27.00,M27.00,R27.00,L27.00
70.71889,29.14
70.72337,P27.00,T27.00,I27.00,M27.00,R27.00,L27.00
70.72896,29.04
70.73289,P27.00,T27.00,I27.00,M27.00,R27.00,L27.00
70.73704,29.04
70.74251,P27.00,T27.00,I27.00,M27.00,R27.00,L27.00
70.74803,29.17
70.7527,P27.00,T27.00,I27.00,M27.00,R27.00,L27.00
70.75708,29.06
70.76132,P27.00,T27.00,I27.00,M27.00,R27.00,L27.00
70.76638,29.12
70.77045,P27.00,T27.00,I27.00,M27.00,R27.00,L27.00
70.77454,29.17
70.77911,P27.00,T27.00,I27.00,M27.00,R27.00,L27.00
70.78334,29.20
70.78828,P27.00,T27.00,I27.00,M27.00,R27.00,L27.00
70.79251,29.09
70.79675,P27.00,T27.00,I27.00,M27.00,R27.00,L27.00
70.8017,29.20
70.80668,P27.00,T27.00,I27.00,M27.00,R27.00,L27.00
70.81057,28.96
70.8148,P27.00,T27.00,I27.00,M27.00,R27.00,L27.00
70.81971,29.14
70.82449,P27.00,T27.00,I27.00,M27.00,R27.00,L27.00
70.82981,28.77
70.83464,P27.00,T27.00,I27.00,M27.00,R27.00,L27.00
70.83997,29.09
70.84472,P27.00,T27.00,I27.00,M27.00,R27.00,L27.00
70.8511,28.85
70.85554,P27.00,T27.00,I27.00,M27.00,R27.00,L27.00
70.85984,29.12
70.8652,P27.00,T27.00,I27.00,M27.00,R27.00,L27.00
70.87301,29.09
70.87896,P27.00,T27.00,I27.00,M27.00,R27.00,L27.00
70.88323,28.98
70.89236,P27.00,T27.00,I27.00,M27.00,R27.00,L27.00
70.89688,29.12
70.90155,P27.00,T27.00,I27.00,M27.00,R27.00,L27.00
70.90658,28.93
70.91061,P27.00,T27.00,I27.00,M27.00,R27.00,L27.00
70.91536,29.04
70.91972,P27.00,T27.00,I27.00,M27.00,R27.00,L27.00
70.92412,29.12
70.92886,P27.00,T27.00,I27.00,M27.00,R27.00,L27.00
70.93336,28.98
70.93716,P27.00,T27.00,I27.00,M27.00,R27.00,L27.00
70.94161,29.06
70.94686,P27.00,T27.00,I27.00,M27.00,R27.00,L27.00
70.95102,29.06
70.95539,P27.00,T27.00,I27.00,M27.00,R27.00,L27.00
70.96022,29.04
70.96486,P27.00,T27.00,I27.00,M27.00,R27.00,L27.00
70.96877,28.93
70.97313,P27.00,T27.00,I27.00,M27.00,R27.00,L27.00
70.97813,29.12
70.98241,P27.00,T27.00,I27.00,M27.00,R27.00,L27.00
70.98785,29.01
70.99205,P27.00,T27.00,I27.00,M27.00,R27.00,L27.00
70.99622,29.01
71.00034,P27.00,T27.00,I27.00,M27.00,R27.00,L27.00
71.00484,29.20
71.00913,P27.00,T27.00,I27.00,M27.00,R27.00,L27.00
71.0135,29.04
71.0176,P27.00,T27.00,I27.00,M27.00,R27.00,L27.00
71.02157,28.98
71.02643,P27.00,T27.00,I27.00,M27.00,R27.00,L27.00
71.03059,28.96
71.03445,P27.00,T27.00,I27.00,M27.00,R27.00,L27.00
71.03903,29.04
71.04316,P27.00,T27.00,I27.00,M27.00,R27.00,L27.00
71.04758,28.98
71.05251,P27.00,T27.00,I27.00,M27.00,R27.00,L27.00
71.05694,29.01
71.062,P27.00,T27.00,I27.00,M27.00,R27.00,L27.00
71.06756,29.04
71.07146,P27.00,T27.00,I27.00,M27.00,R27.00,L27.00
71.0766,28.96
71.08154,P27.00,T27.00,I27.00,M27.00,R27.00,L27.00
71.08656,28.98
71.09396,P27.00,T27.00,I27.00,M27.00,R27.00,L27.00
71.09955,29.12
71.10443,P27.00,T27.00,I27.00,M27.00,R27.00,L27.00
71.11017,29.04
71.11462,P27.00,T27.00,I27.00,M27.00,R27.00,L27.00
71.119,28.80
71.1234,P27.00,T27.00,I27.00,M27.00,R27.00,L27.00
71.1292,28.72
71.13344,P27.00,T27.00,I27.00,M27.00,R27.00,L27.00
71.13778,28.96
71.1428,P27.00,T27.00,I27.00,M27.00,R27.00,L27.00
71.14786,29.01
71.15257,P27.00,T27.00,I27.00,M27.00,R27.00,L27.00
71.15739,29.01
71.16224,P27.00,T27.00,I27.00,M27.00,R27.00,L27.00
71.16773,28.96
71.17229,P27.00,T27.00,I27.00,M27.00,R27.00,L27.00
71.17678,28.88
71.18176,P27.00,T27.00,I27.00,M27.00,R27.00,L27.00
71.18636,29.06
71.19103,P27.00,T27.00,I27.00,M27.00,R27.00,L27.00
71.19557,28.98
71.19942,P27.00,T27.00,I27.00,M27.00,R27.00,L27.00
71.20376,28.85
71.20832,P27.00,T27.00,I27.00,M27.00,R27.00,L27.00
71.21256,28.93
71.21693,P27.00,T27.00,I27.00,M27.00,R27.00,L27.00
71.22195,28.85
71.2279,P27.00,T27.00,I27.00,M27.00,R27.00,L27.00
71.23358,28.93
71.2382,P27.00,T27.00,I27.00,M27.00,R27.00,L27.00
71.2429,28.93
71.24727,P27.00,T27.00,I27.00,M27.00,R27.00,L27.00
71.25204,29.06
71.25688,P27.00,T27.00,I27.00,M27.00,R27.00,L27.00
71.26167,29.06
71.26629,P27.00,T27.00,I27.00,M27.00,R27.00,L27.00
71.27127,28.83
71.27661,P27.00,T27.00,I27.00,M27.00,R27.00,L27.00
71.28213,28.88
71.28778,P27.00,T27.00,I27.00,M27.00,R27.00,L27.00
71.2979,28.85
71.30215,P27.00,T27.00,I27.00,M27.00,R27.00,L27.00
71.30762,28.77
71.31538,P27.00,T27.00,I27.00,M27.00,R27.00,L27.00
71.3226,28.85
71.33458,P27.00,T27.00,I27.00,M27.00,R27.00,L27.00
71.34169,28.69
71.34741,P27.00,T27.00,I27.00,M27.00,R27.00,L27.00
71.35387,28.93
71.36066,P27.00,T27.00,I27.00,M27.00,R27.00,L27.00
71.36712,28.98
71.37318,P27.00,T27.00,I27.00,M27.00,R27.00,L27.00
71.38004,28.80
71.38644,P27.00,T27.00,I27.00,M27.00,R27.00,L27.00
71.39246,28.98
71.39871,P27.00,T27.00,I27.00,M27.00,R27.00,L27.00
71.40308,28.72
71.41048,P27.00,T27.00,I27.00,M27.00,R27.00,L27.00
71.41686,28.83
71.42311,P27.00,T27.00,I27.00,M27.00,R27.00,L27.00
71.42987,28.75
71.43607,P27.00,T27.00,I27.00,M27.00,R27.00,L27.00
71.44192,28.69
71.44735,P27.00,T27.00,I27.00,M27.00,R27.00,L27.00
71.45348,28.75
71.45989,P27.00,T27.00,I27.00,M27.00,R27.00,L27.00
71.46661,28.72
71.47144,P27.00,T27.00,I27.00,M27.00,R27.00,L27.00
71.47606,28.72
71.48034,P27.00,T27.00,I27.00,M27.00,R27.00,L27.00
71.48557,28.69
71.48968,P27.00,T27.00,I27.00,M27.00,R27.00,L27.00
71.49972,28.75
71.50491,P27.00,T27.00,I27.00,M27.00,R27.00,L27.00
71.50993,28.62
71.51435,P27.00,T27.00,I27.00,M27.00,R27.00,L27.00
71.51957,28.64
71.52461,P27.00,T27.00,I27.00,M27.00,R27.00,L27.00
71.52973,28.62
71.53631,P27.00,T27.00,I27.00,M27.00,R27.00,L27.00
71.54126,28.69
71.54605,P27.00,T27.00,I27.00,M27.00,R27.00,L27.00
71.5508,28.56
71.55513,P27.00,T27.00,I27.00,M27.00,R27.00,L27.00
71.55972,28.56
71.56552,P27.00,T27.00,I27.00,M27.00,R27.00,L27.00
71.5713,28.56
71.57647,P27.00,T27.00,I27.00,M27.00,R27.00,L27.00
71.58092,28.69
71.5872,P27.00,T27.00,I27.00,M27.00,R27.00,L27.00
71.59406,28.38
71.60046,P27.00,T27.00,I27.00,M27.00,R27.00,L27.00
71.60495,28.54
71.61199,P27.00,T27.00,I27.00,M27.00,R27.00,L27.00
71.61852,28.46
71.62505,P27.00,T27.00,I27.00,M27.00,R27.00,L27.00
71.63187,28.51
71.63873,P27.00,T27.00,I27.00,M27.00,R27.00,L27.00
71.64497,28.43
71.65159,P27.00,T27.00,I27.00,M27.00,R27.00,L27.00
71.65776,28.38
71.66213,P27.00,T27.00,I27.00,M27.00,R27.00,L27.00
71.66903,28.40
71.67499,P27.00,T27.00,I27.00,M27.00,R27.00,L27.00
71.68153,28.46
71.68884,P27.00,T27.00,I27.00,M27.00,R27.00,L27.00
71.69514,28.56
71.70708,P27.00,T27.00,I27.00,M27.00,R27.00,L27.00
71.71431,28.25
71.72163,P27.00,T27.00,I27.00,M27.00,R27.00,L27.00
71.72919,28.25
71.73373,P27.00,T27.00,I27.00,M27.00,R27.00,L27.00
71.73978,28.30
71.74754,P27.00,T27.00,I27.00,M27.00,R27.00,L27.00
71.75423,28.25
71.7593,P27.00,T27.00,I27.00,M27.00,R27.00,L27.00
71.76585,28.25
71.7707,P27.00,T27.00,I27.00,M27.00,R27.00,L27.00
71.77672,28.22
71.78133,P27.00,T27.00,I27.00,M27.00,R27.00,L27.00
71.78823,28.09
71.79476,P27.00,T27.00,I27.00,M27.00,R27.00,L27.00
71.79909,28.14
71.80518,P27.00,T27.00,I27.00,M27.00,R27.00,L27.00
71.81297,28.04
71.81921,P27.00,T27.00,I27.00,M27.00,R27.00,L27.00
71.82562,27.99
71.83269,P27.00,T27.00,I27.00,M27.00,R27.00,L27.00
71.83995,28.09
71.84652,P27.00,T27.00,I27.00,M27.00,R27.00,L27.00
71.85316,28.09
71.85999,P27.00,T27.00,I27.00,M27.00,R27.00,L27.00
71.86668,27.88
71.87301,P27.00,T27.00,I27.00,M27.00,R27.00,L27.00
71.87769,27.99
71.88435,P27.00,T27.00,I27.00,M27.00,R27.00,L27.00
71.89101,27.96
71.89786,P27.00,T27.00,I27.00,M27.00,R27.00,L27.00
71.9085,27.94
71.91547,P27.00,T27.00,I27.00,M27.00,R27.00,L27.00
71.92089,27.81
71.92786,P27.00,T27.00,I27.00,M27.00,R27.00,L27.00
71.93272,27.86
71.93948,P27.00,T27.00,I27.00,M27.00,R27.00,L27.00
71.94418,27.86
71.94926,P27.00,T27.00,I27.00,M27.00,R27.00,L27.00
71.95509,28.22
71.95966,P27.00,T27.00,I27.00,M27.00,R27.00,L27.00
71.96369,27.83
71.9717,P27.00,T27.00,I27.00,M27.00,R27.00,L27.00
71.98065,27.96
71.9907,P27.00,T27.00,I27.00,M27.00,R27.00,L27.00
71.99916,27.86
72.00571,P27.00,T27.00,I27.00,M27.00,R27.00,L27.00
72.01417,27.86
72.02126,P27.00,T27.00,I27.00,M27.00,R27.00,L27.00
72.02704,27.42
72.03353,P27.00,T27.00,I27.00,M27.00,R27.00,L27.00
72.03829,27.78
72.04267,P27.00,T27.00,I27.00,M27.00,R27.00,L27.00
72.04789,27.70
72.05234,P27.00,T27.00,I27.00,M27.00,R27.00,L27.00
72.05724,27.81
72.06133,P27.00,T27.00,I27.00,M27.00,R27.00,L27.00
72.0662,27.78
72.07054,P27.00,T27.00,I27.00,M27.00,R27.00,L27.00
72.075,27.45
72.07917,P27.00,T27.00,I27.00,M27.00,R27.00,L27.00
72.08337,27.70
72.08833,P27.00,T27.00,I27.00,M27.00,R27.00,L27.00
72.09217,27.68
72.09614,P27.00,T27.00,I27.00,M27.00,R27.00,L27.00
72.10065,27.60
72.11283,P27.00,T27.00,I27.00,M27.00,R27.00,L27.00
72.11881,27.57
72.12324,P27.00,T27.00,I27.00,M27.00,R27.00,L27.00
72.1283,27.50
72.1325,P27.00,T27.00,I27.00,M27.00,R27.00,L27.00
72.13716,27.50
72.14101,P27.00,T27.00,I27.00,M27.00,R27.00,L27.00
72.14543,27.47
72.15038,P27.00,T27.00,I27.00,M27.00,R27.00,L27.00
72.15442,27.50
72.15849,P27.00,T27.00,I27.00,M27.00,R27.00,L27.00
72.1628,27.37
72.16835,P27.00,T27.00,I27.00,M27.00,R27.00,L27.00
72.17294,27.47
72.1774,P27.00,T27.00,I27.00,M27.00,R27.00,L27.00
72.18147,27.32
72.18639,P27.00,T27.00,I27.00,M27.00,R27.00,L27.00
72.1912,27.32
72.19585,P27.00,T27.00,I27.00,M27.00,R27.00,L27.00
72.20068,27.37
72.20534,P27.00,T27.00,I27.00,M27.00,R27.00,L27.00
72.20975,27.47
72.21453,P27.00,T27.00,I27.00,M27.00,R27.00,L27.00
72.219,27.11
72.22341,P27.00,T27.00,I27.00,M27.00,R27.00,L27.00
72.22898,27.34
72.23322,P27.00,T27.00,I27.00,M27.00,R27.00,L27.00
72.23746,27.16
72.24171,P27.00,T27.00,I27.00,M27.00,R27.00,L27.00
72.24682,27.29
72.25092,P27.00,T27.00,I27.00,M27.00,R27.00,L27.00
72.25516,27.11
72.26006,P27.00,T27.00,I27.00,M27.00,R27.00,L27.00
72.26473,27.16
72.26922,P27.00,T27.00,I27.00,M27.00,R27.00,L27.00
72.27338,27.09
72.27818,P27.00,T27.00,I27.00,M27.00,R27.00,L27.00
72.28284,27.27
72.2895,P27.00,T27.00,I27.00,M27.00,R27.00,L27.00
72.29375,27.06
72.29759,P27.00,T27.00,I27.00,M27.00,R27.00,L27.00
72.30193,27.11
72.30966,P27.00,T27.00,I27.00,M27.00,R27.00,L27.00
72.31406,26.91
72.31841,P27.00,T27.00,I27.00,M27.00,R27.00,L27.00
72.32324,27.09
72.32779,P27.00,T27.00,I27.00,M27.00,R27.00,L27.00
72.33215,27.04
72.33737,P27.00,T27.00,I27.00,M27.00,R27.00,L27.00
72.34817,27.06
72.35319,P27.00,T27.00,I27.00,M27.00,R27.00,L27.00
72.35744,26.96
72.36227,P27.00,T27.00,I27.00,M27.00,R27.00,L27.00
72.36758,26.78
72.37234,P27.00,T27.00,I27.00,M27.00,R27.00,L27.00
72.37637,26.88
72.38046,P27.00,T27.00,I27.00,M27.00,R27.00,L27.00
72.38589,26.88
72.39025,P27.00,T27.00,I27.00,M27.00,R27.00,L27.00
72.39433,26.81
72.40012,P27.00,T27.00,I27.00,M27.00,R27.00,L27.00
72.40527,26.86
72.41049,P27.00,T27.00,I27.00,M27.00,R27.00,L27.00
72.41496,26.91
72.41896,P27.00,T27.00,I27.00,M27.00,R27.00,L27.00
72.42387,26.91
72.42889,P27.00,T27.00,I27.00,M27.00,R27.00,L27.00
72.43309,26.78
72.43788,P27.00,T27.00,I27.00,M27.00,R27.00,L27.00
72.44195,26.76
72.44752,P27.00,T27.00,I27.00,M27.00,R27.00,L27.00
72.45237,26.86
72.45623,P27.00,T27.00,I27.00,M27.00,R27.00,L27.00
72.46111,26.66
72.46591,P27.00,T27.00,I27.00,M27.00,R27.00,L27.00
72.47025,26.66
72.47459,P27.00,T27.00,I27.00,M27.00,R27.00,L27.00
72.47968,26.78
72.48403,P27.00,T27.00,I27.00,M27.00,R27.00,L27.00
72.48896,26.68
72.49356,P27.00,T27.00,I27.00,M27.00,R27.00,L27.00
72.49808,26.60
72.50243,P27.00,T27.00,I27.00,M27.00,R27.00,L27.00
72.51481,26.50
72.51939,P27.00,T27.00,I27.00,M27.00,R27.00,L27.00
72.52357,26.66
72.5287,P27.00,T27.00,I27.00,M27.00,R27.00,L27.00
72.53316,26.48
72.53896,P27.00,T27.00,I27.00,M27.00,R27.00,L27.00
72.54433,26.45
72.54971,P27.00,T27.00,I27.00,M27.00,R27.00,L27.00
72.55511,26.50
72.55984,P27.00,T27.00,I27.00,M27.00,R27.00,L27.00
72.56388,26.48
72.56989,P27.00,T27.00,I27.00,M27.00,R27.00,L27.00
72.57513,26.35
72.58069,P27.00,T27.00,I27.00,M27.00,R27.00,L27.00
72.58707,26.38
72.59227,P27.00,T27.00,I27.00,M27.00,R27.00,L27.00
72.59693,26.35
72.60151,P27.00,T27.00,I27.00,M27.00,R27.00,L27.00
72.60663,26.38
72.61123,P27.00,T27.00,I27.00,M27.00,R27.00,L27.00
72.61592,26.45
72.62138,P27.00,T27.00,I27.00,M27.00,R27.00,L27.00
72.62692,26.38
72.63168,P27.00,T27.00,I27.00,M27.00,R27.00,L27.00
72.63647,26.45
72.64098,P27.00,T27.00,I27.00,M27.00,R27.00,L27.00
72.64662,26.38
72.65127,P27.00,T27.00,I27.00,M27.00,R27.00,L27.00
72.65569,26.23
72.66036,P27.00,T27.00,I27.00,M27.00,R27.00,L27.00
72.66571,26.28
72.67046,P27.00,T27.00,I27.00,M27.00,R27.00,L27.00
72.67522,26.25
72.67943,P27.00,T27.00,I27.00,M27.00,R27.00,L27.00
72.68395,26.30
72.6893,P27.00,T27.00,I27.00,M27.00,R27.00,L27.00
72.69444,26.20
72.69858,P27.00,T27.00,I27.00,M27.00,R27.00,L27.00
72.70288,26.18
72.71297,P27.00,T27.00,I27.00,M27.00,R27.00,L27.00
72.71729,26.23
72.72183,P27.00,T27.00,I27.00,M27.00,R27.00,L27.00
72.72739,26.23
72.73217,P27.00,T27.00,I27.00,M27.00,R27.00,L27.00
72.73643,26.23
72.74102,P27.00,T27.00,I27.00,M27.00,R27.00,L27.00
72.74584,26.25
72.75092,P27.00,T27.00,I27.00,M27.00,R27.00,L27.00
72.7563,26.15
72.76143,P27.00,T27.00,I27.00,M27.00,R27.00,L27.00
72.76643,26.13
72.77062,P27.00,T27.00,I27.00,M27.00,R27.00,L27.00
72.77527,26.10
72.77971,P27.00,T27.00,I27.00,M27.00,R27.00,L27.00
72.78436,26.13
72.78957,P27.00,T27.00,I27.00,M27.00,R27.00,L27.00
72.79384,25.85
72.79854,P27.00,T27.00,I27.00,M27.00,R27.00,L27.00
72.80312,26.15
72.80805,P27.00,T27.00,I27.00,M27.00,R27.00,L27.00
72.81243,26.00
72.81773,P27.00,T27.00,I27.00,M27.00,R27.00,L27.00
72.82257,25.98
72.82797,P27.00,T27.00,I27.00,M27.00,R27.00,L27.00
72.83257,26.10
72.83696,P27.00,T27.00,I27.00,M27.00,R27.00,L27.00
72.84187,26.10
72.84721,P27.00,T27.00,I27.00,M27.00,R27.00,L27.00
72.85197,26.05
72.85582,P27.00,T27.00,I27.00,M27.00,R27.00,L27.00
72.86088,26.00
72.86664,P27.00,T27.00,I27.00,M27.00,R27.00,L27.00
72.87122,26.23
72.87572,P27.00,T27.00,I27.00,M27.00,R27.00,L27.00
72.88082,25.73
72.88525,P27.00,T27.00,I27.00,M27.00,R27.00,L27.00
72.88938,25.93
72.89381,P27.00,T27.00,I27.00,M27.00,R27.00,L27.00
72.89774,26.00
72.90168,P27.00,T27.00,I27.00,M27.00,R27.00,L27.00
72.90701,25.90
72.91569,P27.00,T27.00,I27.00,M27.00,R27.00,L27.00
72.921,25.93
72.92642,P27.00,T27.00,I27.00,M27.00,R27.00,L27.00
72.93125,25.88
72.9356,P27.00,T27.00,I27.00,M27.00,R27.00,L27.00
72.94025,25.90
72.94552,P27.00,T27.00,I27.00,M27.00,R27.00,L27.00
72.95004,25.95
72.95453,P27.00,T27.00,I27.00,M27.00,R27.00,L27.00
72.9595,25.88
72.96384,P27.00,T27.00,I27.00,M27.00,R27.00,L27.00
72.96967,26.18
72.97485,P27.00,T27.00,I27.00,M27.00,R27.00,L27.00
72.98013,25.93
72.98627,P27.00,T27.00,I27.00,M27.00,R27.00,L27.00
72.99121,25.88
72.9963,P27.00,T27.00,I27.00,M27.00,R27.00,L27.00
73.00163,25.85
73.00721,P27.00,T27.00,I27.00,M27.00,R27.00,L27.00
73.0124,25.83
73.0176,P27.00,T27.00,I27.00,M27.00,R27.00,L27.00
73.02249,25.85
73.02753,P27.00,T27.00,I27.00,M27.00,R27.00,L27.00
73.03233,25.80
73.03791,P27.00,T27.00,I27.00,M27.00,R27.00,L27.00
73.04259,25.98
73.04761,P27.00,T27.00,I27.00,M27.00,R27.00,L27.00
73.05251,25.83
73.05707,P27.00,T27.00,I27.00,M27.00,R27.00,L27.00
73.06181,25.88
73.0671,P27.00,T27.00,I27.00,M27.00,R27.00,L27.00
73.07183,25.65
73.07667,P27.00,T27.00,I27.00,M27.00,R27.00,L27.00
73.08157,25.75
73.08623,P27.00,T27.00,I27.00,M27.00,R27.00,L27.00
73.09091,25.93
73.09598,P27.00,T27.00,I27.00,M27.00,R27.00,L27.00
73.10044,25.88
73.10538,P27.00,T27.00,I27.00,M27.00,R27.00,L27.00
73.11147,25.83
73.11971,P27.00,T27.00,I27.00,M27.00,R27.00,L27.00
73.12499,25.65
73.13036,P27.00,T27.00,I27.00,M27.00,R27.00,L27.00
73.13566,25.83
73.14092,P27.00,T27.00,I27.00,M27.00,R27.00,L27.00
73.14703,25.75
73.15206,P27.00,T27.00,I27.00,M27.00,R27.00,L27.00
73.15804,25.80
73.16299,P27.00,T27.00,I27.00,M27.00,R27.00,L27.00
73.16852,25.78
73.17284,P27.00,T27.00,I27.00,M27.00,R27.00,L27.00
73.17705,25.80
73.18185,P27.00,T27.00,I27.00,M27.00,R27.00,L27.00
73.18689,25.78
73.19123,P27.00,T27.00,I27.00,M27.00,R27.00,L27.00
73.19566,25.93
73.20007,P27.00,T27.00,I27.00,M27.00,R27.00,L27.00
73.20505,25.98
73.21001,P27.00,T27.00,I27.00,M27.00,R27.00,L27.00
73.21452,26.08
73.21924,P27.00,T27.00,I27.00,M27.00,R27.00,L27.00
73.22371,26.00
73.22917,P27.00,T27.00,I27.00,M27.00,R27.00,L27.00
73.23426,26.00
73.267,P27.00,T27.00,I27.00,M27.00,R27.00,L27.00
73.28781,25.88
73.29901,P27.00,T27.00,I27.00,M27.00,R27.00,L27.00
73.34499,25.85
73.3833,P27.00,T27.00,I27.00,M27.00,R27.00,L27.00
73.40733,26.05
73.41835,P27.00,T27.00,I27.00,M27.00,R27.00,L27.00
73.45285,25.83
73.4717,P27.00,T27.00,I27.00,M27.00,R27.00,L27.00
73.49847,26.05
73.50321,P27.00,T27.00,I27.00,M27.00,R27.00,L27.00
73.55891,25.93
73.58118,P27.00,T27.00,I27.00,M27.00,R27.00,L27.00
73.60796,25.88
73.61841,P27.00,T27.00,I27.00,M27.00,R27.00,L27.00
73.6862,25.85
73.73235,P27.00,T27.00,I27.00,M27.00,R27.00,L27.00
73.75998,25.95
73.78899,P27.00,T27.00,I27.00,M27.00,R27.00,L27.00
73.7999,25.95
73.8045,P27.00,T27.00,I27.00,M27.00,R27.00,L27.00
73.82493,25.85
73.83102,P27.00,T27.00,I27.00,M27.00,R27.00,L27.00
73.873,25.98
73.8921,P27.00,T27.00,I27.00,M27.00,R27.00,L27.00
73.94772,26.15
73.98016,P27.00,T27.00,I27.00,M27.00,R27.00,L27.00
74.01317,26.10
74.02076,P27.00,T27.00,I27.00,M27.00,R27.00,L27.00
74.03864,26.23
74.06066,P27.00,T27.00,I27.00,M27.00,R27.00,L27.00
74.11884,26.18
74.13844,P27.00,T27.00,I27.00,M27.00,R27.00,L27.00
74.15147,26.15
74.16491,P27.00,T27.00,I27.00,M27.00,R27.00,L27.00
74.1936,26.23
74.20486,P27.00,T27.00,I27.00,M27.00,R27.00,L27.00
74.27297,26.23
74.30547,P27.00,T27.00,I27.00,M27.00,R27.00,L27.00
74.33286,26.23
74.34702,P27.00,T27.00,I27.00,M27.00,R27.00,L27.00
74.35987,26.20
74.36456,P27.00,T27.00,I27.00,M27.00,R27.00,L27.00
74.40897,26.23
74.43141,P27.00,T27.00,I27.00,M27.00,R27.00,L27.00
74.47476,26.20
74.49343,P27.00,T27.00,I27.00,M27.00,R27.00,L27.00
74.51739,26.13
74.52352,P27.00,T27.00,I27.00,M27.00,R27.00,L27.00
74.57867,26.18
74.59712,P27.00,T27.00,I27.00,M27.00,R27.00,L27.00
74.62756,26.23
74.65028,P27.00,T27.00,I27.00,M27.00,R27.00,L27.00
74.70741,26.23
74.73981,P27.00,T27.00,I27.00,M27.00,R27.00,L27.00
74.75356,26.45
74.76693,P27.00,T27.00,I27.00,M27.00,R27.00,L27.00
74.77996,26.25
74.79548,P27.00,T27.00,I27.00,M27.00,R27.00,L27.00
74.83704,26.23
74.8588,P27.00,T27.00,I27.00,M27.00,R27.00,L27.00
74.89316,26.35
74.91222,P27.00,T27.00,I27.00,M27.00,R27.00,L27.00
74.96503,26.23
74.99722,P27.00,T27.00,I27.00,M27.00,R27.00,L27.00
75.01159,26.53
75.02452,P27.00,T27.00,I27.00,M27.00,R27.00,L27.00
75.05794,26.58
75.06689,P27.00,T27.00,I27.00,M27.00,R27.00,L27.00
75.12382,26.45
75.15665,P27.00,T27.00,I27.00,M27.00,R27.00,L27.00
75.17045,26.48
75.18346,P27.00,T27.00,I27.00,M27.00,R27.00,L27.00
75.23387,26.48
75.25249,P27.00,T27.00,I27.00,M27.00,R27.00,L27.00
75.2663,26.55
75.28284,P27.00,T27.00,I27.00,M27.00,R27.00,L27.00
75.33839,26.53
75.35765,P27.00,T27.00,I27.00,M27.00,R27.00,L27.00
75.37144,26.60
75.38618,P27.00,T27.00,I27.00,M27.00,R27.00,L27.00
75.44981,26.66
75.48643,P27.00,T27.00,I27.00,M27.00,R27.00,L27.00
75.51869,26.63
75.52585,P27.00,T27.00,I27.00,M27.00,R27.00,L27.00
75.53983,26.68
75.55033,P27.00,T27.00,I27.00,M27.00,R27.00,L27.00
75.60875,26.71
75.64329,P27.00,T27.00,I27.00,M27.00,R27.00,L27.00
75.6713,26.63
75.68388,P27.00,T27.00,I27.00,M27.00,R27.00,L27.00
75.69772,26.81
75.70959,P27.00,T27.00,I27.00,M27.00,R27.00,L27.00
75.75634,26.71
75.77475,P27.00,T27.00,I27.00,M27.00,R27.00,L27.00
75.82368,26.78
75.85807,P27.00,T27.00,I27.00,M27.00,R27.00,L27.00
75.8721,26.78
75.88714,P27.00,T27.00,I27.00,M27.00,R27.00,L27.00
75.91124,26.86
75.92123,P27.00,T27.00,I27.00,M27.00,R27.00,L27.00
75.97263,26.96
75.99333,P27.00,T27.00,I27.00,M27.00,R27.00,L27.00
76.01807,27.04
76.02496,P27.00,T27.00,I27.00,M27.00,R27.00,L27.00
76.08189,26.91
76.11547,P27.00,T27.00,I27.00,M27.00,R27.00,L27.00
76.13346,26.86
76.1431,P27.00,T27.00,I27.00,M27.00,R27.00,L27.00
76.2078,27.04
76.24545,P27.00,T27.00,I27.00,M27.00,R27.00,L27.00
76.26914,27.01
76.28328,P27.00,T27.00,I27.00,M27.00,R27.00,L27.00
76.29475,27.04
76.29928,P27.00,T27.00,I27.00,M27.00,R27.00,L27.00
76.34288,27.04
76.38358,P27.00,T27.00,I27.00,M27.00,R27.00,L27.00
76.40261,27.01
76.41693,P27.00,T27.00,I27.00,M27.00,R27.00,L27.00
76.45051,27.06
76.46947,P27.00,T27.00,I27.00,M27.00,R27.00,L27.00
76.49639,27.06
76.50185,P27.00,T27.00,I27.00,M27.00,R27.00,L27.00
76.55543,27.14
76.57816,P27.00,T27.00,I27.00,M27.00,R27.00,L27.00
76.62177,27.14
76.65428,P27.00,T27.00,I27.00,M27.00,R27.00,L27.00
76.6679,27.04
76.68154,P27.00,T27.00,I27.00,M27.00,R27.00,L27.00
76.72801,27.32
76.74741,P27.00,T27.00,I27.00,M27.00,R27.00,L27.00
76.76064,27.29
76.77759,P27.00,T27.00,I27.00,M27.00,R27.00,L27.00
76.82152,27.21
76.85435,P27.00,T27.00,I27.00,M27.00,R27.00,L27.00
76.88253,27.16
76.90159,P27.00,T27.00,I27.00,M27.00,R27.00,L27.00
76.94765,27.27
76.96712,P27.00,T27.00,I27.00,M27.00,R27.00,L27.00
76.98746,27.37
76.99353,P27.00,T27.00,I27.00,M27.00,R27.00,L27.00
77.06033,27.39
77.10651,P26.99,T27.00,I27.00,M27.00,R27.00,L27.00
77.134,27.32
77.14712,P26.99,T27.00,I27.00,M27.00,R27.00,L27.00
77.16075,27.45
77.17495,P26.99,T27.00,I27.00,M27.00,R27.00,L27.00
77.20283,27.45
77.22218,P26.99,T27.00,I27.00,M27.00,R27.00,L27.00
77.26845,27.34
77.28751,P26.99,T27.00,I27.00,M27.00,R27.00,L27.00
77.30112,27.52
77.31494,P26.99,T27.00,I27.00,M27.00,R27.00,L27.00
77.37903,27.47
77.41736,P26.99,T27.00,I27.00,M27.00,R27.00,L27.00
77.43994,27.63
77.45235,P26.99,T27.00,I27.00,M27.00,R27.00,L27.00
77.46547,27.47
77.47914,P26.99,T27.00,I27.00,M27.00,R27.00,L27.00
77.51243,27.52
77.53111,P26.99,T27.00,I27.00,M27.00,R27.00,L27.00
77.57719,27.68
77.59766,P26.99,T27.00,I27.00,M27.00,R27.00,L27.00
77.62895,27.52
77.64787,P26.99,T27.00,I27.00,M27.00,R27.00,L27.00
77.69984,27.63
77.72124,P26.99,T27.00,I27.00,M27.00,R27.00,L27.00
77.74622,27.63
77.75898,P26.99,T27.00,I27.00,M27.00,R27.00,L27.00
77.79111,27.70
77.80984,P26.99,T27.00,I27.00,M27.00,R27.00,L27.00
77.84256,27.68
77.86121,P26.99,T27.00,I27.00,M27.00,R27.00,L27.00
77.88799,27.70
77.92669,P26.99,T27.00,I27.00,M27.00,R27.00,L27.00
77.94649,27.73
77.9594,P26.99,T27.00,I27.00,M27.00,R27.00,L27.00
77.99197,27.75
78.01126,P26.99,T27.00,I27.00,M27.00,R27.00,L27.00
78.05943,27.81
78.0785,P26.99,T27.00,I27.00,M27.00,R27.00,L27.00
78.12514,27.78
78.15797,P26.99,T27.00,I27.00,M27.00,R27.00,L27.00
78.17156,27.86
78.18532,P26.99,T27.00,I27.00,M27.00,R27.00,L27.00
78.20621,27.73
78.22038,P26.99,T27.00,I27.00,M27.00,R27.00,L27.00
78.27297,27.88
78.29178,P26.99,T27.00,I27.00,M27.00,R27.00,L27.00
78.33794,27.86
78.35714,P26.99,T27.00,I27.00,M27.00,R27.00,L27.00
78.3708,27.86
78.38394,P26.99,T27.00,I27.00,M27.00,R27.00,L27.00
78.43989,27.86
78.4643,P26.99,T27.00,I27.00,M27.00,R27.00,L27.00
78.48696,27.86
78.50094,P26.99,T27.00,I27.00,M27.00,R27.00,L27.00
78.5314,27.86
78.54666,P26.99,T27.00,I27.00,M27.00,R27.00,L27.00
78.58503,27.86
78.60353,P26.99,T27.00,I27.00,M27.00,R27.00,L27.00
78.66528,27.86
78.70101,P26.99,T27.00,I27.00,M27.00,R27.00,L27.00
78.72475,27.88
78.74032,P26.99,T27.00,I27.00,M27.00,R27.00,L27.00
78.75331,27.99
78.75852,P26.99,T27.00,I27.00,M27.00,R27.00,L27.00
78.81874,27.86
78.85085,P26.99,T27.00,I27.00,M27.00,R27.00,L27.00
78.87881,27.88
78.89444,P26.99,T27.00,I27.00,M27.00,R27.00,L27.00
78.90497,27.96
78.91849,P26.99,T27.00,I27.00,M27.00,R27.00,L27.00
78.98438,27.86
79.03061,P26.99,T27.00,I27.00,M27.00,R27.00,L27.00
79.05815,27.96
79.0715,P26.99,T27.00,I27.00,M27.00,R27.00,L27.00
79.08495,27.99
79.10118,P26.99,T27.00,I27.00,M27.00,R27.00,L27.00
79.12001,27.99
79.15001,P26.99,T27.00,I27.00,M27.00,R27.00,L27.00
79.17407,28.04
79.17966,P26.99,T27.00,I27.00,M27.00,R27.00,L27.00
79.24419,28.04
79.29169,P26.99,T27.00,I27.00,M27.00,R27.00,L27.00
79.32368,27.91
79.34384,P26.99,T27.00,I27.00,M27.00,R27.00,L27.00
79.358,28.22
79.36211,P26.99,T27.00,I27.00,M27.00,R27.00,L27.00
79.40339,28.14
79.42247,P26.99,T27.00,I27.00,M27.00,R27.00,L27.00
79.46873,28.09
79.48851,P26.99,T27.00,I27.00,M27.00,R27.00,L27.00
79.50142,28.09
79.52205,P26.99,T27.00,I27.00,M27.00,R27.00,L27.00
79.55286,28.14
79.5581,P26.99,T27.00,I27.00,M27.00,R27.00,L27.00
79.62404,28.17
79.67017,P26.99,T27.00,I27.00,M27.00,R27.00,L27.00
79.69665,28.17
79.71069,P26.99,T27.00,I27.00,M27.00,R27.00,L27.00
79.7297,28.20
79.7373,P26.99,T27.00,I27.00,M27.00,R27.00,L27.00
79.76736,28.09
79.78625,P26.99,T27.00,I27.00,M27.00,R27.00,L27.00
79.817,28.04
79.85191,P26.99,T27.00,I27.00,M27.00,R27.00,L27.00
79.87106,27.94
79.88403,P26.99,T27.00,I27.00,M27.00,R27.00,L27.00
79.93047,28.27
79.95473,P26.99,T27.00,I27.00,M27.00,R27.00,L27.00
79.98215,27.88
80.00078,P26.99,T27.00,I27.00,M27.00,R27.00,L27.00
80.02906,28.22
80.04523,P26.99,T27.00,I27.00,M27.00,R27.00,L27.00
80.09107,28.20
80.10989,P26.99,T27.00,I27.00,M27.00,R27.00,L27.00
80.1378,28.25
80.14605,P26.99,T27.00,I27.00,M27.00,R27.00,L27.00
80.19619,28.27
80.21553,P26.99,T27.00,I27.00,M27.00,R27.00,L27.00
80.26182,28.17
80.29398,P26.99,T27.00,I27.00,M27.00,R27.00,L27.00
80.30832,28.33
80.32119,P26.99,T27.00,I27.00,M27.00,R27.00,L27.00
80.36885,28.14
80.39175,P26.99,T27.00,I27.00,M27.00,R27.00,L27.00
80.40094,28.33
80.4156,P26.99,T27.00,I27.00,M27.00,R27.00,L27.00
80.46482,28.33
80.49796,P26.99,T27.00,I27.00,M27.00,R27.00,L27.00
80.51111,28.30
80.52735,P26.99,T27.00,I27.00,M27.00,R27.00,L27.00
80.59127,28.22
80.6272,P26.99,T27.00,I27.00,M27.00,R27.00,L27.00
80.65098,28.30
80.66739,P26.99,T27.00,I27.00,M27.00,R27.00,L27.00
80.67907,28.40
80.71207,P26.99,T27.00,I27.00,M27.00,R27.00,L27.00
80.73151,28.40
80.74442,P26.99,T27.00,I27.00,M27.00,R27.00,L27.00
80.80564,28.40
80.84048,P26.99,T27.00,I27.00,M27.00,R27.00,L27.00
80.86478,28.54
80.87817,P26.99,T27.00,I27.00,M27.00,R27.00,L27.00
80.91085,28.33
80.92965,P26.99,T27.00,I27.00,M27.00,R27.00,L27.00
80.94321,28.51
80.95701,P26.99,T27.00,I27.00,M27.00,R27.00,L27.00
81.00602,28.35
81.04123,P26.99,T27.00,I27.00,M27.00,R27.00,L27.00
81.06559,28.54
81.07875,P26.99,T27.00,I27.00,M27.00,R27.00,L27.00
81.11324,28.51
81.13251,P26.99,T27.00,I27.00,M27.00,R27.00,L27.00
81.1581,28.51
81.16327,P26.99,T27.00,I27.00,M27.00,R27.00,L27.00
81.20641,28.64
81.22818,P26.99,T27.00,I27.00,M27.00,R27.00,L27.00
81.26783,28.30
81.2881,P26.99,T27.00,I27.00,M27.00,R27.00,L27.00
81.33502,28.43
81.35641,P26.99,T27.00,I27.00,M27.00,R27.00,L27.00
81.36902,28.51
81.38063,P26.99,T27.00,I27.00,M27.00,R27.00,L27.00
81.43954,28.51
81.46173,P26.99,T27.00,I27.00,M27.00,R27.00,L27.00
81.48526,28.54
81.49855,P26.99,T27.00,I27.00,M27.00,R27.00,L27.00
81.53091,28.40
81.54971,P26.99,T27.00,I27.00,M27.00,R27.00,L27.00
81.58192,28.43
81.60056,P26.99,T27.00,I27.00,M27.00,R27.00,L27.00
81.65356,28.64
81.67604,P26.99,T27.00,I27.00,M27.00,R27.00,L27.00
81.68587,28.59
81.70029,P26.99,T27.00,I27.00,M27.00,R27.00,L27.00
81.74798,28.54
81.76937,P26.99,T27.00,I27.00,M27.00,R27.00,L27.00
81.8147,28.35
81.83316,P26.99,T27.00,I27.00,M27.00,R27.00,L27.00
81.85413,28.54
81.86375,P26.99,T27.00,I27.00,M27.00,R27.00,L27.00
81.91009,28.51
81.92938,P26.99,T27.00,I27.00,M27.00,R27.00,L27.00
81.98696,28.64
82.01943,P26.99,T27.00,I27.00,M27.00,R27.00,L27.00
82.03239,28.51
82.04651,P26.99,T27.00,I27.00,M27.00,R27.00,L27.00
82.06967,28.56
82.07783,P26.99,T27.00,I27.00,M27.00,R27.00,L27.00
82.11733,28.51
82.13568,P26.99,T27.00,I27.00,M27.00,R27.00,L27.00
82.19603,28.56
82.22847,P26.99,T27.00,I27.00,M27.00,R27.00,L27.00
82.2561,28.64
82.26971,P26.99,T27.00,I27.00,M27.00,R27.00,L27.00
82.28786,28.54
82.29617,P26.99,T27.00,I27.00,M27.00,R27.00,L27.00
82.33598,28.51
82.35442,P26.99,T27.00,I27.00,M27.00,R27.00,L27.00
82.41414,28.56
82.44913,P26.99,T27.00,I27.00,M27.00,R27.00,L27.00
82.47356,28.64
82.49241,P26.99,T27.00,I27.00,M27.00,R27.00,L27.00
82.50046,28.72
82.51414,P26.99,T27.00,I27.00,M27.00,R27.00,L27.00
82.54784,28.69
82.56697,P26.99,T27.00,I27.00,M27.00,R27.00,L27.00
82.61383,28.56
82.63278,P26.99,T27.00,I27.00,M27.00,R27.00,L27.00
82.65756,28.54
82.66228,P26.99,T27.00,I27.00,M27.00,R27.00,L27.00
82.72267,28.62
82.75836,P26.99,T27.00,I27.00,M27.00,R27.00,L27.00
82.76811,28.51
82.7822,P26.99,T27.00,I27.00,M27.00,R27.00,L27.00
82.82767,28.48
82.84629,P26.99,T27.00,I27.00,M27.00,R27.00,L27.00
82.86561,28.27
82.87366,P26.99,T27.00,I27.00,M27.00,R27.00,L27.00
82.93733,28.54
82.9724,P26.99,T27.00,I27.00,M27.00,R27.00,L27.00
82.9965,28.62
83.00996,P26.99,T27.00,I27.00,M27.00,R27.00,L27.00
83.02797,28.62
83.03697,P26.99,T27.00,I27.00,M27.00,R27.00,L27.00
83.10313,28.54
83.14861,P26.99,T27.00,I27.00,M27.00,R27.00,L27.00
83.18146,28.35
83.20336,P26.99,T27.00,I27.00,M27.00,R27.00,L27.00
83.21651,28.69
83.22068,P26.99,T27.00,I27.00,M27.00,R27.00,L27.00
83.24657,28.64
83.25117,P26.99,T27.00,I27.00,M27.00,R27.00,L27.00
83.29444,28.64
83.31264,P26.99,T27.00,I27.00,M27.00,R27.00,L27.00
83.37542,28.69
83.41246,P26.99,T27.00,I27.00,M27.00,R27.00,L27.00
83.43436,28.51
83.44816,P26.99,T27.00,I27.00,M27.00,R27.00,L27.00
83.46253,28.43
83.47542,P26.99,T27.00,I27.00,M27.00,R27.00,L27.00
83.50806,28.62
83.5267,P26.99,T27.00,I27.00,M27.00,R27.00,L27.00
83.58824,28.54
83.62347,P26.99,T27.00,I27.00,M27.00,R27.00,L27.00
83.64816,28.80
83.66135,P26.99,T27.00,I27.00,M27.00,R27.00,L27.00
83.67577,28.54
83.68073,P26.99,T27.00,I27.00,M27.00,R27.00,L27.00
83.73006,28.54
83.74862,P26.99,T27.00,I27.00,M27.00,R27.00,L27.00
83.77341,28.62
83.78777,P26.99,T27.00,I27.00,M27.00,R27.00,L27.00
83.826,28.56
83.8479,P26.99,T27.00,I27.00,M27.00,R27.00,L27.00
83.88455,28.56
83.90316,P26.99,T27.00,I27.00,M27.00,R27.00,L27.00
83.95888,28.62
83.97742,P26.99,T27.00,I27.00,M27.00,R27.00,L27.00
83.99107,28.69
84.00438,P26.99,T27.00,I27.00,M27.00,R27.00,L27.00
84.05045,28.62
84.07222,P26.99,T27.00,I27.00,M27.00,R27.00,L27.00
84.09698,28.62
84.12918,P26.99,T27.00,I27.00,M27.00,R27.00,L27.00
84.15974,28.56
84.16422,P26.99,T27.00,I27.00,M27.00,R27.00,L27.00
84.2235,28.64
84.25729,P26.99,T27.00,I27.00,M27.00,R27.00,L27.00
84.27473,28.33
84.28377,P26.99,T27.00,I27.00,M27.00,R27.00,L27.00
84.33024,28.62
84.35088,P26.99,T27.00,I27.00,M27.00,R27.00,L27.00
84.37986,28.69
84.38518,P26.99,T27.00,I27.00,M27.00,R27.00,L27.00
84.43919,28.59
84.45803,P26.99,T27.00,I27.00,M27.00,R27.00,L27.00
84.47643,28.77
84.48451,P26.99,T27.00,I27.00,M27.00,R27.00,L27.00
84.53266,28.35
84.551,P26.99,T27.00,I27.00,M27.00,R27.00,L27.00
84.5797,28.56
84.58503,P26.99,T27.00,I27.00,M27.00,R27.00,L27.00
84.62965,28.69
84.64832,P26.99,T27.00,I27.00,M27.00,R27.00,L27.00
84.69199,28.35
84.71669,P26.99,T27.00,I27.00,M27.00,R27.00,L27.00
84.75634,28.62
84.77497,P26.99,T27.00,I27.00,M27.00,R27.00,L27.00
84.79877,28.67
84.80382,P26.99,T27.00,I27.00,M27.00,R27.00,L27.00
84.86292,28.56
84.89521,P26.99,T27.00,I27.00,M27.00,R27.00,L27.00
84.91397,28.54
84.92233,P26.99,T27.00,I27.00,M27.00,R27.00,L27.00
84.96918,28.62
84.98803,P26.99,T27.00,I27.00,M27.00,R27.00,L27.00
85.01708,28.51
85.02225,P26.99,T27.00,I27.00,M27.00,R27.00,L27.00
85.07924,28.56
85.09785,P26.99,T27.00,I27.00,M27.00,R27.00,L27.00
85.11447,28.46
85.12561,P26.99,T27.00,I27.00,M27.00,R27.00,L27.00
85.17216,28.56
85.19067,P26.99,T27.00,I27.00,M27.00,R27.00,L27.00
85.25227,28.56
85.28442,P26.99,T27.00,I27.00,M27.00,R27.00,L27.00
85.31203,28.56
85.33056,P26.99,T27.00,I27.00,M27.00,R27.00,L27.00
85.33851,28.51
85.34333,P26.99,T27.00,I27.00,M27.00,R27.00,L27.00
85.3923,28.54
85.41088,P26.99,T27.00,I27.00,M27.00,R27.00,L27.00
85.4379,28.59
85.4427,P26.99,T27.00,I27.00,M27.00,R27.00,L27.00
85.49017,28.43
85.50922,P26.99,T27.00,I27.00,M27.00,R27.00,L27.00
85.54478,28.51
85.56676,P26.99,T27.00,I27.00,M27.00,R27.00,L27.00
85.62539,28.40
85.65794,P26.99,T27.00,I27.00,M27.00,R27.00,L27.00
85.67127,28.48
85.68477,P26.99,T27.00,I27.00,M27.00,R27.00,L27.00
85.70074,28.43
85.71178,P26.99,T27.00,I27.00,M27.00,R27.00,L27.00
85.76298,28.43
85.79838,P26.99,T27.00,I27.00,M27.00,R27.00,L27.00
85.81123,28.56
85.82285,P26.99,T27.00,I27.00,M27.00,R27.00,L27.00
85.87406,28.46
85.89251,P26.99,T27.00,I27.00,M27.00,R27.00,L27.00
85.91905,28.40
85.92419,P26.99,T27.00,I27.00,M27.00,R27.00,L27.00
85.97759,28.40
85.99963,P26.99,T27.00,I27.00,M27.00,R27.00,L27.00
86.04324,28.40
86.07518,P26.99,T27.00,I27.00,M27.00,R27.00,L27.00
86.09232,28.43
86.10335,P26.99,T27.00,I27.00,M27.00,R27.00,L27.00
86.15328,28.56
86.17172,P26.99,T27.00,I27.00,M27.00,R27.00,L27.00
86.18579,28.35
86.20273,P26.99,T27.00,I27.00,M27.00,R27.00,L27.00
86.24488,28.67
86.26348,P26.99,T27.00,I27.00,M27.00,R27.00,L27.00
86.29271,28.56
86.30605,P26.99,T27.00,I27.00,M27.00,R27.00,L27.00
86.35347,28.43
86.37176,P26.99,T27.00,I27.00,M27.00,R27.00,L27.00
86.40177,28.43
86.4257,P26.99,T27.00,I27.00,M27.00,R27.00,L27.00
86.46865,28.35
86.49039,P26.99,T27.00,I27.00,M27.00,R27.00,L27.00
86.50784,28.40
86.51465,P26.99,T27.00,I27.00,M27.00,R27.00,L27.00
86.5694,28.40
86.60127,P26.99,T27.00,I27.00,M27.00,R27.00,L27.00
86.62903,28.35
86.64622,P26.99,T27.00,I27.00,M27.00,R27.00,L27.00
86.66898,28.30
86.68037,P26.99,T27.00,I27.00,M27.00,R27.00,L27.00
86.72871,28.35
86.75015,P26.99,T27.00,I27.00,M27.00,R27.00,L27.00
86.77363,28.25
86.78441,P26.99,T27.00,I27.00,M27.00,R27.00,L27.00
86.83628,28.33
86.85771,P26.99,T27.00,I27.00,M27.00,R27.00,L27.00
86.8839,28.33
86.90229,P26.99,T27.00,I27.00,M27.00,R27.00,L27.00
86.944,28.43
86.96275,P26.99,T27.00,I27.00,M27.00,R27.00,L27.00
87.00822,28.46
87.02747,P26.99,T27.00,I27.00,M27.00,R27.00,L27.00
87.03984,28.25
87.05101,P26.99,T27.00,I27.00,M27.00,R27.00,L27.00
87.12209,28.59
87.1677,P26.99,T27.00,I27.00,M27.00,R27.00,L27.00
87.1951,28.35
87.2092,P26.99,T27.00,I27.00,M27.00,R27.00,L27.00
87.22179,28.33
87.23542,P26.99,T27.00,I27.00,M27.00,R27.00,L27.00
87.26215,28.43
87.28579,P26.99,T27.00,I27.00,M27.00,R27.00,L27.00
87.32001,28.22
87.33885,P26.99,T27.00,I27.00,M27.00,R27.00,L27.00
87.38274,28.38
87.41664,P26.99,T27.00,I27.00,M27.00,R27.00,L27.00
87.42871,28.30
87.44248,P26.99,T27.00,I27.00,M27.00,R27.00,L27.00
87.47564,28.22
87.48335,P26.99,T27.00,I27.00,M27.00,R27.00,L27.00
87.53876,28.20
87.55754,P26.99,T27.00,I27.00,M27.00,R27.00,L27.00
87.58418,28.38
87.60466,P26.99,T27.00,I27.00,M27.00,R27.00,L27.00
87.64932,28.27
87.66837,P26.99,T27.00,I27.00,M27.00,R27.00,L27.00
87.68217,28.27
87.69897,P26.99,T27.00,I27.00,M27.00,R27.00,L27.00
87.73675,28.20
87.75522,P26.99,T27.00,I27.00,M27.00,R27.00,L27.00
87.80235,28.14
87.83474,P26.99,T27.00,I27.00,M27.00,R27.00,L27.00
87.84887,28.33
87.86214,P26.99,T27.00,I27.00,M27.00,R27.00,L27.00
87.90453,28.07
87.92834,P26.99,T27.00,I27.00,M27.00,R27.00,L27.00
87.97382,28.12
87.99353,P26.99,T27.00,I27.00,M27.00,R27.00,L27.00
88.00632,28.09
88.02031,P26.99,T27.00,I27.00,M27.00,R27.00,L27.00
88.0699,28.14
88.0891,P26.99,T27.00,I27.00,M27.00,R27.00,L27.00
88.11314,28.12
88.12217,P26.99,T27.00,I27.00,M27.00,R27.00,L27.00
88.17494,27.96
88.19336,P26.99,T27.00,I27.00,M27.00,R27.00,L27.00
88.22094,28.27
88.23975,P26.99,T27.00,I27.00,M27.00,R27.00,L27.00
88.27162,28.14
88.29073,P26.99,T27.00,I27.00,M27.00,R27.00,L27.00
88.33137,28.09
88.35303,P26.99,T27.00,I27.00,M27.00,R27.00,L27.00
88.40825,27.99
88.44019,P26.99,T27.00,I27.00,M27.00,R27.00,L27.00
88.46807,28.01
88.48108,P26.99,T27.00,I27.00,M27.00,R27.00,L27.00
88.4944,27.86
88.49937,P26.99,T27.00,I27.00,M27.00,R27.00,L27.00
88.54755,27.86
88.58303,P26.99,T27.00,I27.00,M27.00,R27.00,L27.00
88.60725,27.91
88.62135,P26.99,T27.00,I27.00,M27.00,R27.00,L27.00
88.66692,27.86
88.68688,P26.99,T27.00,I27.00,M27.00,R27.00,L27.00
88.70519,27.94
88.71285,P26.99,T27.00,I27.00,M27.00,R27.00,L27.00
88.75407,27.83
88.7772,P26.99,T27.00,I27.00,M27.00,R27.00,L27.00
88.81837,27.70
88.83742,P26.99,T27.00,I27.00,M27.00,R27.00,L27.00
88.86334,27.83
88.88239,P26.99,T27.00,I27.00,M27.00,R27.00,L27.00
88.94376,27.86
88.97559,P26.99,T27.00,I27.00,M27.00,R27.00,L27.00
88.99677,27.75
89.00332,P26.99,T27.00,I27.00,M27.00,R27.00,L27.00
89.04894,27.73
89.06776,P26.99,T27.00,I27.00,M27.00,R27.00,L27.00
89.08145,27.70
89.09555,P26.99,T26.99,I27.00,M27.00,R27.00,L27.00
89.12761,27.81
89.1465,P26.99,T27.00,I27.00,M27.00,R27.00,L27.00
89.18962,27.50
89.21305,P26.99,T27.00,I27.00,M27.00,R27.00,L27.00
89.23814,27.70
89.27771,P26.99,T27.00,I27.00,M27.00,R27.00,L27.00
89.3013,27.78
89.32886,P26.99,T27.00,I27.00,M27.00,R27.00,L27.00
89.34554,27.73
89.37736,P26.99,T27.00,I27.00,M27.00,R27.00,L27.00
89.40332,27.63
89.42572,P26.99,T27.00,I27.00,M27.00,R27.00,L27.00
89.45544,27.81
89.46682,P26.99,T27.00,I27.00,M27.00,R27.00,L27.00
89.50473,27.47
89.52349,P26.99,T27.00,I27.00,M27.00,R27.00,L27.00
89.5769,27.63
89.59554,P26.99,T27.00,I27.00,M27.00,R27.00,L27.00
89.60924,27.50
89.6254,P26.99,T27.00,I27.00,M27.00,R27.00,L27.00
89.68513,27.52
89.71748,P26.99,T27.00,I27.00,M27.00,R27.00,L27.00
89.73084,27.50
89.74481,P26.99,T27.00,I27.00,M27.00,R27.00,L27.00
89.77594,27.34
89.78058,P26.99,T27.00,I27.00,M27.00,R27.00,L27.00
89.83169,27.42
89.85316,P26.99,T27.00,I27.00,M27.00,R27.00,L27.00
89.89676,27.42
89.91519,P26.99,T27.00,I27.00,M27.00,R27.00,L27.00
89.932,27.16
89.94244,P26.99,T27.00,I27.00,M27.00,R27.00,L27.00
89.98839,27.32
90.0069,P26.99,T27.00,I27.00,M27.00,R27.00,L27.00
90.04597,27.29
90.0676,P26.99,T27.00,I27.00,M27.00,R27.00,L27.00
90.1115,27.32
90.13038,P26.99,T27.00,I27.00,M27.00,R27.00,L27.00
90.14655,27.37
90.15736,P26.99,T27.00,I27.00,M27.00,R27.00,L27.00
90.22448,27.27
90.27045,P26.99,T27.00,I27.00,M27.00,R27.00,L27.00
90.30251,27.29
90.32417,P26.99,T26.99,I27.00,M27.00,R27.00,L27.00
90.33808,27.21
90.34258,P26.99,T27.00,I27.00,M27.00,R27.00,L27.00
90.36078,27.37
90.39996,P26.99,T27.00,I27.00,M27.00,R27.00,L27.00
90.43214,27.21
90.453,P26.99,T27.00,I27.00,M27.00,R27.00,L27.00
90.46471,27.21
90.47829,P26.99,T27.00,I27.00,M27.00,R27.00,L27.00
90.78767,27.11
91.12101,P26.99,T27.00,I27.00,M27.00,R27.00,L27.00
91.35376,27.09
91.5123,P26.99,T27.00,I27.00,M27.00,R27.00,L27.00
91.61789,27.19
91.6857,P26.99,T27.00,I27.00,M27.00,R27.00,L27.00
91.7354,27.06
91.76157,P26.99,T27.00,I27.00,M27.00,R27.00,L27.00
91.78829,27.11
91.80206,P26.99,T27.00,I27.00,M27.00,R27.00,L27.00
91.81641,27.04
91.82095,P26.99,T27.00,I27.00,M27.00,R27.00,L27.00
91.83582,27.06
91.84013,P26.99,T27.00,I27.00,M27.00,R27.00,L27.00
91.84666,27.04
91.85109,P26.99,T27.00,I27.00,M27.00,R27.00,L27.00
91.85593,27.01
91.86379,P26.99,T27.00,I27.00,M27.00,R27.00,L27.00
91.87059,27.11
91.87719,P26.99,T26.99,I27.00,M27.00,R27.00,L27.00
91.88161,27.04
91.88667,P26.99,T27.00,I27.00,M27.00,R27.00,L27.00
91.89169,26.99
91.89616,P26.99,T27.00,I27.00,M27.00,R27.00,L27.00
91.90037,27.04
91.9052,P26.99,T27.00,I27.00,M27.00,R27.00,L27.00
91.91047,26.93
91.91483,P26.99,T27.00,I27.00,M27.00,R27.00,L27.00
91.91914,27.04
91.92391,P26.99,T27.00,I27.00,M27.00,R27.00,L27.00
91.92974,27.04
91.93497,P26.99,T27.00,I27.00,M27.00,R27.00,L27.00
91.93985,26.88
91.94425,P26.99,T27.00,I27.00,M27.00,R27.00,L27.00
91.94915,26.91
91.95459,P26.99,T27.00,I27.00,M27.00,R27.00,L27.00
91.95886,26.88
91.96388,P26.99,T27.00,I27.00,M27.00,R27.00,L27.00
91.96885,26.76
91.97301,P26.99,T27.00,I27.00,M27.00,R27.00,L27.00
91.97822,26.76
91.98331,P26.99,T27.00,I27.00,M27.00,R27.00,L27.00
91.98915,26.96
91.99397,P26.99,T26.99,I27.00,M27.00,R27.00,L27.00
91.99879,27.04
92.0031,P26.99,T27.00,I27.00,M27.00,R27.00,L27.00
92.00821,26.88
92.01288,P26.99,T27.00,I27.00,M27.00,R27.00,L27.00
92.01746,26.81
92.02184,P26.99,T27.00,I27.00,M27.00,R27.00,L27.00
92.03238,26.60
92.03683,P26.99,T27.00,I27.00,M27.00,R27.00,L27.00
92.04153,26.66
92.04649,P26.99,T27.00,I27.00,M27.00,R27.00,L27.00
92.05133,26.68
92.05767,P26.99,T27.00,I27.00,M27.00,R27.00,L27.00
92.06432,26.66
92.07217,P26.99,T27.00,I27.00,M27.00,R27.00,L27.00
92.07677,26.76
92.08125,P26.99,T27.00,I27.00,M27.00,R27.00,L27.00
92.08672,26.78
92.09175,P26.99,T27.00,I27.00,M27.00,R27.00,L27.00
92.1273,26.66
92.14594,P26.99,T27.00,I27.00,M27.00,R27.00,L27.00
92.20719,26.76
92.23936,P26.99,T27.00,I27.00,M27.00,R27.00,L27.00
92.25797,26.76
92.26724,P26.99,T27.00,I27.00,M27.00,R27.00,L27.00
92.28452,26.48
92.29323,P26.99,T27.00,I27.00,M27.00,R27.00,L27.00
92.34569,26.73
92.37818,P26.99,T27.00,I27.00,M27.00,R27.00,L27.00
92.39456,26.66
92.40498,P26.99,T27.00,I27.00,M27.00,R27.00,L27.00
92.45516,26.66
92.47839,P26.99,T27.00,I27.00,M27.00,R27.00,L27.00
92.50109,26.73
92.51942,P26.99,T27.00,I27.00,M27.00,R27.00,L27.00
92.56018,26.48
92.59245,P26.99,T27.00,I27.00,M27.00,R27.00,L27.00
92.60842,26.55
92.6193,P26.99,T27.00,I27.00,M27.00,R27.00,L27.00
92.67081,26.66
92.70628,P26.99,T27.00,I27.00,M27.00,R27.00,L27.00
92.73379,26.50
92.74755,P26.99,T27.00,I27.00,M27.00,R27.00,L27.00
92.77672,26.53
92.78333,P26.99,T27.00,I27.00,M27.00,R27.00,L27.00
92.82951,26.53
92.85036,P26.99,T27.00,I27.00,M27.00,R27.00,L27.00
92.87595,26.50
92.88638,P26.99,T27.00,I27.00,M27.00,R27.00,L27.00
92.94144,26.86
92.97786,P26.99,T27.00,I27.00,M27.00,R27.00,L27.00
92.99695,26.50
93.0055,P26.99,T27.00,I27.00,M27.00,R27.00,L27.00
93.04791,26.48
93.07033,P26.99,T27.00,I27.00,M27.00,R27.00,L27.00
93.08745,26.33
93.1068,P26.99,T27.00,I27.00,M27.00,R27.00,L27.00
93.14856,26.43
93.1686,P26.99,T27.00,I27.00,M27.00,R27.00,L27.00
93.19638,26.38
93.20126,P26.99,T27.00,I27.00,M27.00,R27.00,L27.00
93.26389,26.43
93.29958,P26.99,T27.00,I27.00,M27.00,R27.00,L27.00
93.31509,26.48
93.32475,P26.99,T27.00,I27.00,M27.00,R27.00,L27.00
93.38081,26.35
93.54624,P26.99,T27.00,I27.00,M27.00,R27.00,L27.00
93.65472,26.28
93.71437,P26.99,T27.00,I27.00,M27.00,R27.00,L27.00
93.75522,26.38
93.79382,P26.99,T27.00,I27.00,M27.00,R27.00,L27.00
93.81317,26.40
93.82956,P26.99,T27.00,I27.00,M27.00,R27.00,L27.00
93.8415,26.38
93.85376,P26.99,T27.00,I27.00,M27.00,R27.00,L27.00
93.85854,26.20
93.86396,P26.99,T27.00,I27.00,M27.00,R27.00,L27.00
93.86919,26.30
93.87356,P26.99,T27.00,I27.00,M27.00,R27.00,L27.00
93.87782,26.30
93.88243,P26.99,T27.00,I27.00,M27.00,R27.00,L27.00
93.88794,26.33
93.89261,P26.99,T27.00,I27.00,M27.00,R27.00,L27.00
93.89717,26.23
93.90164,P26.99,T27.00,I27.00,M27.00,R27.00,L27.00
93.90656,26.25
93.9107,P26.99,T27.00,I27.00,M27.00,R27.00,L27.00
93.94884,26.30
93.96976,P26.99,T27.00,I27.00,M27.00,R27.00,L27.00
94.03483,26.18
94.06899,P26.99,T27.00,I27.00,M27.00,R27.00,L27.00
94.0972,26.23
94.10994,P26.99,T27.00,I27.00,M27.00,R27.00,L27.00
94.12675,26.23
94.13807,P26.99,T27.00,I27.00,M27.00,R27.00,L27.00
94.17322,26.23
94.199,P26.99,T27.00,I27.00,M27.00,R27.00,L27.00
94.21383,26.23
94.22009,P26.99,T27.00,I27.00,M27.00,R27.00,L27.00
94.27618,26.35
94.29952,P26.99,T27.00,I27.00,M27.00,R27.00,L27.00
94.33656,26.13
94.35713,P26.99,T27.00,I27.00,M27.00,R27.00,L27.00
94.40427,26.28
94.44199,P26.99,T27.00,I27.00,M27.00,R27.00,L27.00
94.4706,26.23
94.48439,P26.99,T27.00,I27.00,M27.00,R27.00,L27.00
94.49413,26.18
94.49868,P26.99,T27.00,I27.00,M27.00,R27.00,L27.00
94.56764,26.10
94.61529,P26.99,T27.00,I27.00,M27.00,R27.00,L27.00
94.64817,26.23
94.67179,P26.99,T27.00,I27.00,M27.00,R27.00,L27.00
94.68134,26.20
94.69519,P26.99,T27.00,I27.00,M27.00,R27.00,L27.00
94.70049,26.10
94.70922,P26.99,T27.00,I27.00,M27.00,R27.00,L27.00
94.76783,26.23
94.80241,P26.99,T27.00,I27.00,M27.00,R27.00,L27.00
94.82834,26.33
94.84742,P26.99,T27.00,I27.00,M27.00,R27.00,L27.00
94.85547,26.25
94.88946,P26.99,T27.00,I27.00,M27.00,R27.00,L27.00
94.90842,26.18
94.92186,P26.99,T27.00,I27.00,M27.00,R27.00,L27.00
94.98396,26.23
95.01669,P26.99,T27.00,I27.00,M27.00,R27.00,L27.00
95.03008,26.18
95.04706,P26.99,T27.00,I27.00,M27.00,R27.00,L27.00
95.07238,26.15
95.07772,P26.99,T27.00,I27.00,M27.00,R27.00,L27.00
95.13039,26.08
95.16331,P26.99,T27.00,I27.00,M27.00,R27.00,L27.00
95.18937,26.18
95.20358,P26.99,T27.00,I27.00,M27.00,R27.00,L27.00
95.25655,26.15
95.2799,P26.99,T27.00,I27.00,M27.00,R27.00,L27.00
95.28914,26.05
95.30273,P26.99,T27.00,I27.00,M27.00,R27.00,L27.00
95.34533,26.18
95.36397,P26.99,T27.00,I27.00,M27.00,R27.00,L27.00
95.41071,26.23
95.42965,P26.99,T27.00,I27.00,M27.00,R27.00,L27.00
95.47024,26.23
95.4938,P26.99,T27.00,I27.00,M27.00,R27.00,L27.00
95.50761,26.20
95.52118,P26.99,T27.00,I27.00,M27.00,R27.00,L27.00
95.56305,26.15
95.587,P26.99,T27.00,I27.00,M27.00,R27.00,L27.00
95.61375,25.98
95.61886,P26.99,T27.00,I27.00,M27.00,R27.00,L27.00
95.68926,26.15
95.74235,P26.99,T27.00,I27.00,M27.00,R27.00,L27.00
95.77831,26.23
95.78976,P26.99,T27.00,I27.00,M27.00,R27.00,L27.00
95.80254,26.23
95.81602,P26.99,T27.00,I27.00,M27.00,R27.00,L27.00
95.8284,26.05
95.8352,P26.99,T27.00,I27.00,M27.00,R27.00,L27.00
95.87682,26.23
95.90066,P26.99,T27.00,I27.00,M27.00,R27.00,L27.00
95.94484,26.25
95.966,P26.99,T27.00,I27.00,M27.00,R27.00,L27.00
95.9825,26.18
95.99851,P26.99,T27.00,I27.00,M27.00,R27.00,L27.00
96.06416,26.23
96.11034,P26.99,T27.00,I27.00,M27.00,R27.00,L27.00
96.1424,26.05
96.16505,P26.99,T27.00,I27.00,M27.00,R27.00,L27.00
96.17842,26.15
96.18317,P26.99,T27.00,I27.00,M27.00,R27.00,L27.00
96.19603,26.18
96.20088,P26.99,T27.00,I27.00,M27.00,R27.00,L27.00
96.27975,26.23
96.31297,P26.99,T27.00,I27.00,M27.00,R27.00,L27.00
96.34216,26.18
96.36608,P26.99,T27.00,I27.00,M27.00,R27.00,L27.00
96.3794,26.23
96.38425,P26.99,T27.00,I27.00,M27.00,R27.00,L27.00
96.41541,26.08
96.42027,P26.99,T27.00,I27.00,M27.00,R27.00,L27.00
96.46759,26.15
96.48634,P26.99,T27.00,I27.00,M27.00,R27.00,L27.00
96.5325,26.18
96.55898,P26.99,T27.00,I27.00,M27.00,R27.00,L27.00
96.57317,26.23
96.5807,P26.99,T27.00,I27.00,M27.00,R27.00,L27.00
96.62621,26.23
96.64999,P26.99,T27.00,I27.00,M27.00,R27.00,L27.00
96.69847,26.20
96.7216,P26.99,T27.00,I27.00,M27.00,R27.00,L27.00
96.74599,26.25
96.76242,P26.99,T27.00,I27.00,M27.00,R27.00,L27.00
96.78424,26.18
96.79985,P26.99,T27.00,I27.00,M27.00,R27.00,L27.00
96.84593,26.23
96.88006,P26.99,T27.00,I27.00,M27.00,R27.00,L27.00
96.90559,26.23
96.9191,P26.99,T27.00,I27.00,M27.00,R27.00,L27.00
96.95374,26.20
96.97785,P26.99,T27.00,I27.00,M27.00,R27.00,L27.00
97.00165,26.23
97.02049,P26.99,T27.00,I27.00,M27.00,R27.00,L27.00
97.05796,26.23
97.06319,P26.99,T27.00,I27.00,M27.00,R27.00,L27.00
97.11422,26.28
97.13314,P26.99,T27.00,I27.00,M27.00,R27.00,L27.00
97.17883,26.23
97.20206,P26.99,T27.00,I27.00,M27.00,R27.00,L27.00
97.22508,26.23
97.23886,P26.99,T27.00,I27.00,M27.00,R27.00,L27.00
97.27223,26.13
97.29189,P26.99,T27.00,I27.00,M27.00,R27.00,L27.00
97.33808,26.23
97.35667,P26.99,T27.00,I27.00,M27.00,R27.00,L27.00
97.38419,26.38
97.40623,P26.99,T27.00,I27.00,M27.00,R27.00,L27.00
97.44857,26.23
97.46756,P26.99,T27.00,I27.00,M27.00,R27.00,L27.00
97.48141,26.25
97.49655,P26.99,T27.00,I27.00,M27.00,R27.00,L27.00
97.53867,26.23
97.55842,P26.99,T27.00,I27.00,M27.00,R27.00,L27.00
97.61932,26.23
97.65486,P26.99,T27.00,I27.00,M27.00,R27.00,L27.00
97.67883,26.25
97.69315,P26.99,T27.00,I27.00,M27.00,R27.00,L27.00
97.70832,26.35
97.72351,P26.99,T27.00,I27.00,M27.00,R27.00,L27.00
97.76604,26.30
97.78512,P26.99,T27.00,I27.00,M27.00,R27.00,L27.00
97.80216,26.25
97.81113,P26.99,T27.00,I27.00,M27.00,R27.00,L27.00
97.88043,26.30
97.93195,P26.99,T27.00,I27.00,M27.00,R27.00,L27.00
97.95398,26.33
97.96681,P26.99,T27.00,I27.00,M27.00,R27.00,L27.00
97.98057,26.30
97.9939,P26.99,T27.00,I27.00,M27.00,R27.00,L27.00
98.0359,26.45
98.05428,P26.99,T27.00,I27.00,M27.00,R27.00,L27.00
98.06865,26.30
98.08224,P26.99,T27.00,I27.00,M27.00,R27.00,L27.00
98.1339,26.48
98.15293,P26.99,T27.00,I27.00,M27.00,R27.00,L27.00
98.19882,26.28
98.21718,P26.99,T27.00,I27.00,M27.00,R27.00,L27.00
98.23096,26.23
98.24463,P26.99,T27.00,I27.00,M27.00,R27.00,L27.00
98.29096,26.35
98.31425,P26.99,T27.00,I27.00,M27.00,R27.00,L27.00
98.34077,26.35
98.35956,P26.99,T27.00,I27.00,M27.00,R27.00,L27.00
98.40203,26.38
98.43491,P26.99,T27.00,I27.00,M27.00,R27.00,L27.00
98.44791,26.30
98.46327,P26.99,T27.00,I27.00,M27.00,R27.00,L27.00
98.51321,26.35
98.53995,P26.99,T27.00,I27.00,M27.00,R27.00,L27.00
98.56379,26.45
98.58459,P26.99,T27.00,I27.00,M27.00,R27.00,L27.00
98.60844,26.40
98.61653,P26.99,T27.00,I27.00,M27.00,R27.00,L27.00
98.68221,26.48
98.7296,P26.99,T27.00,I27.00,M27.00,R27.00,L27.00
98.76064,26.53
98.78196,P26.99,T27.00,I27.00,M27.00,R27.00,L27.00
98.79555,26.50
98.79933,P26.99,T27.00,I27.00,M27.00,R27.00,L27.00
98.82901,26.28
98.8478,P26.99,T27.00,I27.00,M27.00,R27.00,L27.00
98.89787,26.50
98.91609,P26.99,T27.00,I27.00,M27.00,R27.00,L27.00
98.93019,26.53
98.94798,P26.99,T27.00,I27.00,M27.00,R27.00,L27.00
98.98629,26.50
99.00579,P26.99,T27.00,I27.00,M27.00,R27.00,L27.00
99.05231,26.40
99.07149,P26.99,T27.00,I27.00,M27.00,R27.00,L27.00
99.08774,26.48
99.09816,P26.99,T27.00,I27.00,M27.00,R27.00,L27.00
99.16322,26.78
99.21164,P26.99,T27.00,I27.00,M27.00,R27.00,L27.00
99.23631,26.63
99.2493,P26.99,T27.00,I27.00,M27.00,R27.00,L27.00
99.26314,26.55
99.27686,P26.99,T27.00,I27.00,M27.00,R27.00,L27.00
99.31741,26.66
99.33589,P26.99,T27.00,I27.00,M27.00,R27.00,L27.00
99.36833,26.60
99.3907,P26.99,T27.00,I27.00,M27.00,R27.00,L27.00
99.40833,26.68
99.42274,P26.99,T27.00,I27.00,M27.00,R27.00,L27.00
99.47164,26.55
99.49379,P26.99,T27.00,I27.00,M27.00,R27.00,L27.00
99.51907,26.76
99.52574,P26.99,T27.00,I27.00,M27.00,R27.00,L27.00
99.58234,26.78
99.61964,P26.99,T27.00,I27.00,M27.00,R27.00,L27.00
99.62949,26.73
99.64228,P26.99,T27.00,I27.00,M27.00,R27.00,L27.00
99.68678,26.71
99.70547,P26.99,T27.00,I27.00,M27.00,R27.00,L27.00
99.73325,26.78
99.73844,P26.99,T27.00,I27.00,M27.00,R27.00,L27.00
99.78219,26.96
99.81477,P26.99,T27.00,I27.00,M27.00,R27.00,L27.00
99.84727,26.88
99.86609,P26.99,T27.00,I27.00,M27.00,R27.00,L27.00
99.91604,26.66
99.957,P26.99,T27.00,I27.00,M27.00,R27.00,L27.00
99.9987,26.88
100.019,P26.99,T27.00,I27.00,M27.00,R27.00,L27.00
100.0403,26.93
100.0606,P26.99,T27.00,I27.00,M27.00,R27.00,L27.00
100.095,26.86
100.1184,P26.99,T27.00,I27.00,M27.00,R27.00,L27.00
100.1417,26.91
100.1605,P26.99,T27.00,I27.00,M27.00,R27.00,L27.00
100.1742,26.91
100.1794,P26.99,T27.00,I27.00,M27.00,R27.00,L27.00
100.2124,26.88
100.2314,P26.99,T27.00,I27.00,M27.00,R27.00,L27.00
100.2757,26.91
100.2944,P26.99,T27.00,I27.00,M27.00,R27.00,L27.00
100.3232,26.99
100.3419,P26.99,T27.00,I27.00,M27.00,R27.00,L27.00
100.3833,26.96
100.4022,P26.99,T27.00,I27.00,M27.00,R27.00,L27.00
100.4293,27.09
100.4343,P26.99,T27.00,I27.00,M27.00,R27.00,L27.00
100.4939,27.06
100.5278,P26.99,T27.00,I27.00,M27.00,R27.00,L27.00
100.5748,27.11
100.6195,P26.99,T27.00,I27.00,M27.00,R27.00,L27.00
100.6593,27.04
100.7043,P26.99,T27.00,I27.00,M27.00,R27.00,L27.00
100.7583,27.04
100.7964,P26.99,T27.00,I27.00,M27.00,R27.00,L27.00
100.8362,27.11
100.8757,P26.99,T27.00,I27.00,M27.00,R27.00,L27.00
100.9212,27.09
100.9756,P26.99,T27.00,I27.00,M27.00,R27.00,L27.00
101.0133,27.19
101.0325,P26.99,T27.00,I27.00,M27.00,R27.00,L27.00
101.0461,27.09
101.0587,P26.99,T27.00,I27.00,M27.00,R27.00,L27.00
101.0632,27.19
101.0729,P26.99,T27.00,I27.00,M27.00,R27.00,L27.00
101.0778,27.16
101.0888,P26.99,T27.00,I27.00,M27.00,R27.00,L27.00
101.0939,27.09
101.0989,P26.99,T27.00,I27.00,M27.00,R27.00,L27.00
101.1038,27.21
101.1097,P26.99,T27.00,I27.00,M27.00,R27.00,L27.00
101.1303,27.21
101.1351,P26.99,T26.99,I27.00,M27.00,R27.00,L27.00
101.1878,27.37
101.2202,P26.99,T27.00,I27.00,M27.00,R27.00,L27.00
101.247,27.06
101.2606,P26.99,T27.00,I27.00,M27.00,R27.00,L27.00
101.2832,27.45
101.2983,P26.99,T27.00,I27.00,M27.00,R27.00,L27.00
101.3774,27.32
101.4257,P26.99,T27.00,I27.00,M27.00,R27.00,L27.00
101.467,27.37
101.4978,P26.99,T27.00,I27.00,M27.00,R27.00,L27.00
101.5267,27.42
101.565,P26.99,T27.00,I27.00,M27.00,R27.00,L27.00
101.6031,27.32
101.6229,P26.99,T27.00,I27.00,M27.00,R27.00,L27.00
101.6355,27.37
101.6401,P26.99,T27.00,I27.00,M27.00,R27.00,L27.00
101.6491,27.39
101.6538,P26.99,T27.00,I27.00,M27.00,R27.00,L27.00
101.6609,27.27
101.6784,P26.99,T27.00,I27.00,M27.00,R27.00,L27.00
101.7139,27.37
101.7374,P26.99,T27.00,I27.00,M27.00,R27.00,L27.00
101.7743,27.27
101.7926,P26.99,T27.00,I27.00,M27.00,R27.00,L27.00
101.8225,27.42
101.8414,P26.99,T27.00,I27.00,M27.00,R27.00,L27.00
101.8883,27.50
101.9073,P26.99,T27.00,I27.00,M27.00,R27.00,L27.00
101.9535,27.57
101.9757,P26.99,T27.00,I27.00,M27.00,R27.00,L27.00
101.9861,27.57
101.9989,P26.99,T27.00,I27.00,M27.00,R27.00,L27.00
102.0392,27.42
102.0582,P26.99,T27.00,I27.00,M27.00,R27.00,L27.00
102.0879,27.60
102.1071,P26.99,T27.00,I27.00,M27.00,R27.00,L27.00
102.167,27.42
102.2072,P26.99,T27.00,I27.00,M27.00,R27.00,L27.00
102.2272,27.57
102.2401,P26.99,T27.00,I27.00,M27.00,R27.00,L27.00
102.2543,27.68
102.2725,P26.99,T27.00,I27.00,M27.00,R27.00,L27.00
102.3066,27.50
102.3657,P26.99,T27.00,I27.00,M27.00,R27.00,L27.00
102.402,27.55
102.4462,P26.99,T27.00,I27.00,M27.00,R27.00,L27.00
102.4834,27.60
102.5025,P26.99,T27.00,I27.00,M27.00,R27.00,L27.00
102.5164,27.60
102.5207,P26.99,T27.00,I27.00,M27.00,R27.00,L27.00
102.5294,27.78
102.5342,P26.99,T27.00,I27.00,M27.00,R27.00,L27.00
102.5982,27.70
102.6326,P26.99,T27.00,I27.00,M27.00,R27.00,L27.00
102.6843,27.73
102.7371,P26.99,T27.00,I27.00,M27.00,R27.00,L27.00
102.777,27.68
102.7963,P26.99,T27.00,I27.00,M27.00,R27.00,L27.00
102.8098,27.55
102.8231,P26.99,T27.00,I27.00,M27.00,R27.00,L27.00
102.8363,27.73
102.8452,P26.99,T27.00,I27.00,M27.00,R27.00,L27.00
102.8501,27.60
102.8544,P26.99,T27.00,I27.00,M27.00,R27.00,L27.00
102.9167,27.60
102.949,P26.99,T27.00,I27.00,M27.00,R27.00,L27.00
102.9764,27.73
102.9893,P26.99,T27.00,I27.00,M27.00,R27.00,L27.00
103.0035,27.81
103.0168,P26.99,T27.00,I27.00,M27.00,R27.00,L27.00
103.0588,27.63
103.0824,P26.99,T27.00,I27.00,M27.00,R27.00,L27.00
103.1097,27.81
103.1197,P26.99,T27.00,I27.00,M27.00,R27.00,L27.00
103.1678,27.70
103.2021,P26.99,T27.00,I27.00,M27.00,R27.00,L27.00
103.2286,27.78
103.2425,P26.99,T27.00,I27.00,M27.00,R27.00,L27.00
103.2738,27.86
103.2845,P26.99,T27.00,I27.00,M27.00,R27.00,L27.00
103.3211,27.75
103.3438,P26.99,T27.00,I27.00,M27.00,R27.00,L27.00
103.3804,27.73
103.4031,P26.99,T27.00,I27.00,M27.00,R27.00,L27.00
103.4312,27.70
103.4389,P26.99,T27.00,I27.00,M27.00,R27.00,L27.00
103.4874,27.86
103.5222,P26.99,T27.00,I27.00,M27.00,R27.00,L27.00
103.5486,27.88
103.56,P26.99,T27.00,I27.00,M27.00,R27.00,L27.00
103.6141,27.88
103.6326,P26.99,T27.00,I27.00,M27.00,R27.00,L27.00
103.6465,27.83
103.66,P26.99,T27.00,I27.00,M27.00,R27.00,L27.00
103.7,27.99
103.7218,P26.99,T26.99,I27.00,M27.00,R27.00,L27.00
103.7655,27.86
103.7843,P26.99,T27.00,I27.00,M27.00,R27.00,L27.00
103.8004,28.01
103.8121,P26.99,T27.00,I27.00,M27.00,R27.00,L27.00
103.876,27.88
103.909,P26.99,T27.00,I27.00,M27.00,R27.00,L27.00
103.9419,27.86
103.9626,P26.99,T27.00,I27.00,M27.00,R27.00,L27.00
103.9761,27.88
103.9808,P26.99,T27.00,I27.00,M27.00,R27.00,L27.00
104.0159,27.88
104.0205,P26.99,T27.00,I27.00,M27.00,R27.00,L27.00
104.08,27.99
104.1126,P26.99,T27.00,I27.00,M27.00,R27.00,L27.00
104.1311,27.81
104.1399,P26.99,T27.00,I27.00,M27.00,R27.00,L27.00
104.1902,27.91
104.223,P26.99,T27.00,I27.00,M27.00,R27.00,L27.00
104.25,27.86
104.2642,P26.99,T27.00,I27.00,M27.00,R27.00,L27.00
104.2942,28.09
104.299,P26.99,T27.00,I27.00,M27.00,R27.00,L27.00
104.3445,27.91
104.384,P26.99,T27.00,I27.00,M27.00,R27.00,L27.00
104.4042,27.94
104.4179,P26.99,T27.00,I27.00,M27.00,R27.00,L27.00
104.4497,28.04
104.4682,P26.99,T27.00,I27.00,M27.00,R27.00,L27.00
104.4953,27.94
104.5332,P26.99,T27.00,I27.00,M27.00,R27.00,L27.00
104.553,27.96
104.5708,P26.99,T27.00,I27.00,M27.00,R27.00,L27.00
104.6114,27.88
104.6304,P26.99,T27.00,I27.00,M27.00,R27.00,L27.00
104.6567,27.99
104.6638,P26.99,T27.00,I27.00,M27.00,R27.00,L27.00
104.7088,27.86
104.7279,P26.99,T27.00,I27.00,M27.00,R27.00,L27.00
104.7709,27.99
104.7965,P26.99,T27.00,I27.00,M27.00,R27.00,L27.00
104.835,27.99
104.8534,P26.99,T27.00,I27.00,M27.00,R27.00,L27.00
104.8808,27.96
104.8994,P26.99,T27.00,I27.00,M27.00,R27.00,L27.00
104.9284,27.81
104.9469,P26.99,T27.00,I27.00,M27.00,R27.00,L27.00
104.9744,28.09
104.9855,P26.99,T27.00,I27.00,M27.00,R27.00,L27.00
105.0362,27.99
105.0549,P27.00,T26.99,I27.00,M27.00,R27.00,L27.00
105.1121,27.86
105.1441,P26.99,T27.00,I27.00,M27.00,R27.00,L27.00
105.1724,27.99
105.1855,P26.99,T27.00,I27.00,M27.00,R27.00,L27.00
105.2039,27.94
105.2117,P26.99,T27.00,I27.00,M27.00,R27.00,L27.00
105.2452,28.20
105.2644,P26.99,T27.00,I27.00,M27.00,R27.00,L27.00
105.2984,27.86
105.3119,P26.99,T27.00,I27.00,M27.00,R27.00,L27.00
105.3598,28.25
105.3786,P26.99,T27.00,I27.00,M27.00,R27.00,L27.00
105.4072,28.14
105.431,P26.99,T27.00,I27.00,M27.00,R27.00,L27.00
105.4845,27.99
105.5193,P26.99,T27.00,I27.00,M27.00,R27.00,L27.00
105.5309,28.14
105.5465,P26.99,T27.00,I27.00,M27.00,R27.00,L27.00
105.5752,28.04
105.5803,P26.99,T27.00,I27.00,M27.00,R27.00,L27.00
105.6268,28.12
105.6488,P26.99,T27.00,I27.00,M27.00,R27.00,L27.00
105.7004,28.27
105.7343,P26.99,T27.00,I27.00,M27.00,R27.00,L27.00
105.7465,28.20
105.7609,P26.99,T27.00,I27.00,M27.00,R27.00,L27.00
105.8061,28.30
105.8265,P26.99,T27.00,I27.00,M27.00,R27.00,L27.00
105.8394,27.94
105.8474,P26.99,T27.00,I27.00,M27.00,R27.00,L27.00
105.9175,28.14
105.9497,P26.99,T27.00,I27.00,M27.00,R27.00,L27.00
105.9769,28.14
105.9907,P26.99,T27.00,I27.00,M27.00,R27.00,L27.00
106.0071,28.14
106.0168,P26.99,T27.00,I27.00,M27.00,R27.00,L27.00
106.0535,28.20
106.0782,P26.99,T27.00,I27.00,M27.00,R27.00,L27.00
106.1343,28.14
106.1665,P26.99,T27.00,I27.00,M27.00,R27.00,L27.00
106.1934,28.27
106.2078,P26.99,T27.00,I27.00,M27.00,R27.00,L27.00
106.2216,28.22
106.234,P26.99,T27.00,I27.00,M27.00,R27.00,L27.00
106.2683,28.09
106.291,P26.99,T27.00,I27.00,M27.00,R27.00,L27.00
106.3161,28.14
106.3317,P26.99,T27.00,I27.00,M27.00,R27.00,L27.00
106.3783,28.17
106.3972,P27.00,T26.99,I27.00,M27.00,R27.00,L27.00
106.4258,28.14
106.4449,P26.99,T27.00,I27.00,M27.00,R27.00,L27.00
106.4722,28.04
106.4888,P26.99,T27.00,I27.00,M27.00,R27.00,L27.00
106.542,28.14
106.5745,P26.99,T27.00,I27.00,M27.00,R27.00,L27.00
106.5874,28.17
106.6015,P26.99,T27.00,I27.00,M27.00,R27.00,L27.00
106.6477,28.14
106.6665,P26.99,T27.00,I27.00,M27.00,R27.00,L27.00
106.6889,28.09
106.7033,P26.99,T27.00,I27.00,M27.00,R27.00,L27.00
106.7667,28.20
106.8023,P26.99,T27.00,I27.00,M27.00,R27.00,L27.00
106.8268,28.17
106.8397,P26.99,T27.00,I27.00,M27.00,R27.00,L27.00
106.8719,28.27
106.8924,P26.99,T27.00,I27.00,M27.00,R27.00,L27.00
106.91,28.01
106.9175,P26.99,T27.00,I27.00,M27.00,R27.00,L27.00
106.9653,28.12
106.9979,P26.99,T27.00,I27.00,M27.00,R27.00,L27.00
107.011,28.30
107.0246,P26.99,T27.00,I27.00,M27.00,R27.00,L27.00
107.0966,28.20
107.1341,P26.99,T27.00,I27.00,M27.00,R27.00,L27.00
107.1562,28.20
107.1695,P26.99,T27.00,I27.00,M27.00,R27.00,L27.00
107.1841,28.14
107.1965,P26.99,T27.00,I27.00,M27.00,R27.00,L27.00
107.2404,28.22
107.2744,P26.99,T27.00,I27.00,M27.00,R27.00,L27.00
107.286,28.20
107.3004,P26.99,T27.00,I27.00,M27.00,R27.00,L27.00
107.3384,28.25
107.3436,P26.99,T27.00,I27.00,M27.00,R27.00,L27.00
107.3961,28.27
107.415,P26.99,T27.00,I27.00,M27.00,R27.00,L27.00
107.4423,28.25
107.4633,P26.99,T27.00,I27.00,M27.00,R27.00,L27.00
107.5024,28.14
107.5258,P26.99,T27.00,I27.00,M27.00,R27.00,L27.00
107.548,28.20
107.5627,P26.99,T27.00,I27.00,M27.00,R27.00,L27.00
107.6103,28.20
107.6294,P26.99,T27.00,I27.00,M27.00,R27.00,L27.00
107.6558,28.22
107.663,P26.99,T26.99,I27.00,M27.00,R27.00,L27.00
107.7201,28.20
107.7581,P26.99,T27.00,I27.00,M27.00,R27.00,L27.00
107.7664,28.25
107.7799,P26.99,T27.00,I27.00,M27.00,R27.00,L27.00
107.8297,28.20
107.8632,P26.99,T27.00,I27.00,M27.00,R27.00,L27.00
107.8911,28.14
107.9029,P26.99,T27.00,I27.00,M27.00,R27.00,L27.00
107.9488,28.20
107.9726,P26.99,T27.00,I27.00,M27.00,R27.00,L27.00
107.9814,28.17
107.9949,P26.99,T27.00,I27.00,M27.00,R27.00,L27.00
108.0304,28.22
108.0496,P26.99,T27.00,I27.00,M27.00,R27.00,L27.00
108.0961,28.14
108.1152,P26.99,T27.00,I27.00,M27.00,R27.00,L27.00
108.1342,28.25
108.1421,P26.99,T27.00,I27.00,M27.00,R27.00,L27.00
108.1949,28.09
108.2165,P26.99,T27.00,I27.00,M27.00,R27.00,L27.00
108.2462,28.14
108.2653,P26.99,T27.00,I27.00,M27.00,R27.00,L27.00
108.3221,28.25
108.3547,P26.99,T27.00,I27.00,M27.00,R27.00,L27.00
108.368,28.09
108.3818,P26.99,T27.00,I27.00,M27.00,R27.00,L27.00
108.4098,28.14
108.4193,P26.99,T27.00,I27.00,M27.00,R27.00,L27.00
108.4681,28.09
108.505,P26.99,T27.00,I27.00,M27.00,R27.00,L27.00
108.5295,28.09
108.5409,P26.99,T27.00,I27.00,M27.00,R27.00,L27.00
108.5651,28.09
108.572,P26.99,T27.00,I27.00,M27.00,R27.00,L27.00
108.615,28.12
108.6385,P26.99,T27.00,I27.00,M27.00,R27.00,L27.00
108.6909,28.01
108.7265,P26.99,T27.00,I27.00,M27.00,R27.00,L27.00
108.7523,28.12
108.7638,P26.99,T27.00,I27.00,M27.00,R27.00,L27.00
108.7774,28.04
108.8014,P26.99,T27.00,I27.00,M27.00,R27.00,L27.00
108.8302,27.88
108.8442,P26.99,T27.00,I27.00,M27.00,R27.00,L27.00
108.889,28.09
108.9076,P26.99,T27.00,I27.00,M27.00,R27.00,L27.00
108.954,28.01
108.9728,P26.99,T27.00,I27.00,M27.00,R27.00,L27.00
109.0187,28.14
109.0375,P26.99,T27.00,I27.00,M27.00,R27.00,L27.00
109.0568,28.01
109.0655,P26.99,T27.00,I27.00,M27.00,R27.00,L27.00
109.1221,27.99
109.1541,P26.99,T27.00,I27.00,M27.00,R27.00,L27.00
109.1674,28.14
109.1812,P26.99,T27.00,I27.00,M27.00,R27.00,L27.00
109.2272,28.09
109.246,P26.99,T27.00,I27.00,M27.00,R27.00,L27.00
109.2655,28.14
109.2731,P26.99,T27.00,I27.00,M27.00,R27.00,L27.00
109.3239,28.14
109.3566,P26.99,T27.00,I27.00,M27.00,R27.00,L27.00
109.3699,28.25
109.3839,P26.99,T27.00,I27.00,M27.00,R27.00,L27.00
109.4292,28.14
109.4484,P26.99,T27.00,I27.00,M27.00,R27.00,L27.00
109.482,27.99
109.5009,P26.99,T27.00,I27.00,M27.00,R27.00,L27.00
109.5364,28.07
109.541,P26.99,T27.00,I27.00,M27.00,R27.00,L27.00
109.6023,28.12
109.6344,P26.99,T27.00,I27.00,M27.00,R27.00,L27.00
109.6479,28.04
109.6623,P26.99,T27.00,I27.00,M27.00,R27.00,L27.00
109.6982,27.99
109.703,P26.99,T27.00,I27.00,M27.00,R27.00,L27.00
109.7521,28.14
109.7718,P26.99,T27.00,I27.00,M27.00,R27.00,L27.00
109.7991,28.09
109.8048,P26.99,T27.00,I27.00,M27.00,R27.00,L27.00
109.8511,28.14
109.8731,P26.99,T27.00,I27.00,M27.00,R27.00,L27.00
109.9118,27.88
109.9311,P26.99,T27.00,I27.00,M27.00,R27.00,L27.00
109.9884,27.99
110.021,P26.99,T27.00,I27.00,M27.00,R27.00,L27.00
110.0482,27.88
110.0624,P26.99,T27.00,I27.00,M27.00,R27.00,L27.00
110.0757,27.78
110.0842,P26.99,T27.00,I27.00,M27.00,R27.00,L27.00
110.1227,27.70
110.1416,P26.99,T27.00,I27.00,M27.00,R27.00,L27.00
110.1865,27.91
110.2053,P26.99,T27.00,I27.00,M27.00,R27.00,L27.00
110.2511,27.86
110.2695,P26.99,T27.00,I27.00,M27.00,R27.00,L27.00
110.2833,27.88
110.2994,P26.99,T27.00,I27.00,M27.00,R27.00,L27.00
110.3302,27.86
110.3493,P26.99,T27.00,I27.00,M27.00,R27.00,L27.00
110.4072,27.86
110.4398,P26.99,T27.00,I27.00,M27.00,R27.00,L27.00
110.4528,27.94
110.4661,P26.99,T27.00,I27.00,M27.00,R27.00,L27.00
110.4972,27.88
110.5091,P26.99,T27.00,I27.00,M27.00,R27.00,L27.00
110.556,27.88
110.579,P26.99,T27.00,I27.00,M27.00,R27.00,L27.00
110.626,27.86
110.6604,P26.99,T27.00,I27.00,M27.00,R27.00,L27.00
110.6879,27.86
110.7007,P26.99,T27.00,I27.00,M27.00,R27.00,L27.00
110.7182,27.94
110.7225,P26.99,T27.00,I27.00,M27.00,R27.00,L27.00
110.7607,27.81
110.7799,P26.99,T27.00,I27.00,M27.00,R27.00,L27.00
110.8225,27.96
110.8547,P26.99,T27.00,I27.00,M27.00,R27.00,L27.00
110.8685,27.81
110.8822,P26.99,T27.00,I27.00,M27.00,R27.00,L27.00
110.9314,27.86
110.9563,P26.99,T27.00,I27.00,M27.00,R27.00,L27.00
110.9802,27.86
111.0013,P26.99,T27.00,I27.00,M27.00,R27.00,L27.00
111.0318,27.86
111.0404,P26.99,T27.00,I27.00,M27.00,R27.00,L27.00
111.0883,27.86
111.1143,P26.99,T27.00,I27.00,M27.00,R27.00,L27.00
111.1473,27.86
111.1702,P26.99,T27.00,I27.00,M27.00,R27.00,L27.00
111.1934,27.78
111.1988,P26.99,T27.00,I27.00,M27.00,R27.00,L27.00
111.2418,27.83
111.276,P26.99,T27.00,I27.00,M27.00,R27.00,L27.00
111.3041,27.78
111.3235,P26.99,T27.00,I27.00,M27.00,R27.00,L27.00
111.3507,27.83
111.3598,P26.99,T27.00,I27.00,M27.00,R27.00,L27.00
111.3991,27.57
111.4182,P26.99,T27.00,I27.00,M27.00,R27.00,L27.00
111.4693,27.86
111.5058,P26.99,T27.00,I27.00,M27.00,R27.00,L27.00
111.5375,27.63
111.5425,P26.99,T27.00,I27.00,M27.00,R27.00,L27.00
111.5693,27.60
111.5797,P26.99,T27.00,I27.00,M27.00,R27.00,L27.00
111.6252,27.68
111.6601,P26.99,T27.00,I27.00,M27.00,R27.00,L27.00
111.6891,27.73
111.7,P26.99,T27.00,I27.00,M27.00,R27.00,L27.00
111.7269,27.50
111.7398,P26.99,T27.00,I27.00,M27.00,R27.00,L27.00
111.7889,27.78
111.828,P26.99,T27.00,I27.00,M27.00,R27.00,L27.00
111.848,27.70
111.8616,P26.99,T27.00,I27.00,M27.00,R27.00,L27.00
111.9117,27.63
111.9305,P26.99,T27.00,I27.00,M27.00,R27.00,L27.00
111.9444,27.68
111.9572,P26.99,T27.00,I27.00,M27.00,R27.00,L27.00
112.2905,27.70
112.5336,P26.99,T27.00,I27.00,M27.00,R27.00,L27.00
112.6952,27.55
112.7978,P26.99,T27.00,I27.00,M27.00,R27.00,L27.00
112.8688,27.57
112.918,P26.99,T27.00,I27.00,M27.00,R27.00,L27.00
112.9455,27.52
112.9736,P26.99,T27.00,I27.00,M27.00,R27.00,L27.00
112.986,27.78
112.9993,P27.00,T27.00,I27.00,M27.00,R27.00,L27.00
113.0111,27.63
113.016,P26.99,T27.00,I27.00,M27.00,R27.00,L27.00
113.0221,27.70
113.0294,P26.99,T27.00,I27.00,M27.00,R27.00,L27.00
113.0346,27.45
113.0392,P26.99,T27.00,I27.00,M27.00,R27.00,L27.00
113.0437,27.42
113.0493,P26.99,T27.00,I27.00,M27.00,R27.00,L27.00
113.0537,27.47
113.058,P26.99,T27.00,I27.00,M27.00,R27.00,L27.00
113.0632,27.45
113.0683,P26.99,T27.00,I27.00,M27.00,R27.00,L27.00
113.0741,27.47
113.0789,P26.99,T27.00,I27.00,M27.00,R27.00,L27.00
113.0833,27.47
113.0886,P26.99,T27.00,I27.00,M27.00,R27.00,L27.00
113.0937,27.47
113.0994,P26.99,T27.00,I27.00,M27.00,R27.00,L27.00
113.1041,27.42
113.1091,P26.99,T27.00,I27.00,M27.00,R27.00,L27.00
113.1138,27.45
113.1215,P26.99,T27.00,I27.00,M27.00,R27.00,L27.00
113.1296,27.42
113.137,P26.99,T27.00,I27.00,M27.00,R27.00,L27.00
113.1463,27.39
113.1542,P26.99,T27.00,I27.00,M27.00,R27.00,L27.00
113.1613,27.52
113.1697,P26.99,T27.00,I27.00,M27.00,R27.00,L27.00
113.176,27.45
113.1818,P26.99,T27.00,I27.00,M27.00,R27.00,L27.00
113.1875,27.39
113.1921,P26.99,T27.00,I27.00,M27.00,R27.00,L27.00
113.1978,27.21
113.2028,P26.99,T27.00,I27.00,M27.00,R27.00,L27.00
113.2157,27.29
113.2212,P26.99,T27.00,I27.00,M27.00,R27.00,L27.00
113.2276,27.37
113.2338,P26.99,T27.00,I27.00,M27.00,R27.00,L27.00
113.2396,27.37
113.2463,P26.99,T27.00,I27.00,M27.00,R27.00,L27.00
113.2549,27.32
113.2618,P26.99,T27.00,I27.00,M27.00,R27.00,L27.00
113.2685,27.19
113.2739,P26.99,T27.00,I27.00,M27.00,R27.00,L27.00
113.2782,27.27
113.2833,P26.99,T27.00,I27.00,M27.00,R27.00,L27.00
113.2887,27.21
113.2936,P26.99,T27.00,I27.00,M27.00,R27.00,L27.00
113.2983,27.34
113.3027,P26.99,T27.00,I27.00,M27.00,R27.00,L27.00
113.3076,27.32
113.3138,P26.99,T27.00,I27.00,M27.00,R27.00,L27.00
113.3199,27.16
113.325,P26.99,T27.00,I27.00,M27.00,R27.00,L27.00
113.3315,27.27
113.3362,P26.99,T27.00,I27.00,M27.00,R27.00,L27.00
113.3409,27.16
113.3457,P26.99,T27.00,I27.00,M27.00,R27.00,L27.00
113.3503,27.16
113.3554,P26.99,T27.00,I27.00,M27.00,R27.00,L27.00
113.3599,27.19
113.3641,27.09
113.3688,27.09
113.3734,27.32
113.3776,27.09
113.3817,27.27
113.3868,27.09
113.3911,27.09
113.3961,27.04
113.4005,27.47
113.4059,27.06
113.4155,27.19
113.4201,27.06
113.4247,27.19
113.4292,27.04
113.4343,27.04
113.4385,27.11
113.443,27.11
113.4481,27.04
113.4525,27.09
113.4578,27.04
113.4636,27.06
113.4694,27.09
113.4736,27.04
113.4785,27.04
113.4838,27.04
113.4887,27.04
113.4939,26.96
113.4985,27.04
113.5028,27.14
113.508,27.11
113.5134,27.06
113.5184,27.01
113.5241,27.09
113.5298,27.04
113.5341,26.99
113.5382,27.04
113.5446,26.93
113.5493,27.01
113.554,26.96
113.5585,27.01
113.5624,26.78
113.567,27.01
113.5713,26.91
113.5751,27.01
113.5795,26.99
113.5846,26.99
113.5894,27.04
113.594,27.04
113.5991,27.01
113.604,27.04
113.6095,26.81
113.62,26.91
113.6248,26.99
113.6294,26.96
113.6352,26.96
113.6396,27.04
113.6441,26.71
113.6501,26.99
113.6544,27.01
113.6597,27.01
113.6646,26.91
113.6705,26.99
113.6759,26.86
113.6813,26.91
113.6863,26.99
113.6901,26.86
113.6947,26.91
113.6997,26.86
113.7044,27.06
113.7091,26.88
113.7137,26.86
113.7181,26.81
113.7226,26.91
113.7286,26.86
113.7328,26.99
113.7375,26.91
113.7432,26.86
113.7483,26.66
113.7531,26.81
113.758,26.63
113.7625,26.78
113.7676,26.81
113.7725,26.60
113.7769,26.78
113.7811,26.76
113.7868,26.66
113.7912,26.86
113.7961,26.86
113.8005,26.76
113.8055,26.91
113.8103,26.73
113.8205,26.76
113.8258,26.81
113.8313,26.78
113.8365,26.71
113.8422,26.88
113.8471,26.58
113.8518,26.78
113.8566,26.60
113.8609,26.66
113.8659,26.63
113.8707,26.81
113.8755,26.76
113.88,26.73
113.8853,P26.99,T27.00,I27.00,M27.00,R27.00,L27.00
113.8897,26.71
113.8953,P26.99,T27.00,I27.00,M27.00,R27.00,L27.00
113.8999,26.63
113.9042,P26.99,T27.00,I27.00,M27.00,R27.00,L27.00
113.9092,26.68
113.9147,P26.99,T27.00,I27.00,M27.00,R27.00,L27.00
113.9194,26.83
113.9241,P26.99,T27.00,I27.00,M27.00,R27.00,L27.00
113.9299,26.71
113.9344,P26.99,T27.00,I27.00,M27.00,R27.00,L27.00
113.9392,26.66
113.9445,P26.99,T27.00,I27.00,M27.00,R27.00,L27.00
113.9502,26.68
113.9552,P26.99,T27.00,I27.00,M27.00,R27.00,L27.00
113.9606,26.66
113.9658,P26.99,T27.00,I27.00,M27.00,R27.00,L27.00
113.9702,26.76
113.9749,P26.99,T27.00,I27.00,M27.00,R27.00,L27.00
113.9797,26.66
113.9846,P26.99,T27.00,I27.00,M27.00,R27.00,L27.00
113.9905,26.76
113.9954,P26.99,T27.00,I27.00,M27.00,R27.00,L27.00
113.9998,26.63
114.0047,P26.99,T27.00,I27.00,M27.00,R27.00,L27.00
114.01,26.55
114.0154,P26.99,T27.00,I27.00,M27.00,R27.00,L27.00
114.0248,26.63
114.0299,P26.99,T27.00,I27.00,M27.00,R27.00,L27.00
114.0346,26.30
114.0388,P26.99,T27.00,I27.00,M27.00,R27.00,L27.00
114.043,26.53
114.0478,P26.99,T27.00,I27.00,M27.00,R27.00,L27.00
114.0527,26.58
114.0571,P26.99,T27.00,I27.00,M27.00,R27.00,L27.00
114.0612,26.50
114.0665,P26.99,T27.00,I27.00,M27.00,R27.00,L27.00
114.0713,26.58
114.0763,P26.99,T27.00,I27.00,M27.00,R27.00,L27.00
114.0817,26.53
114.0874,P26.99,T27.00,I27.00,M27.00,R27.00,L27.00
114.0924,26.55
114.097,P26.99,T27.00,I27.00,M27.00,R27.00,L27.00
114.1017,26.50
114.1062,P26.99,T27.00,I27.00,M27.00,R27.00,L27.00
114.1106,26.48
114.1149,P26.99,T27.00,I27.00,M27.00,R27.00,L27.00
114.1198,26.58
114.1242,P26.99,T27.00,I27.00,M27.00,R27.00,L27.00
114.1299,26.50
114.1343,P26.99,T27.00,I27.00,M27.00,R27.00,L27.00
114.1389,26.48
114.1432,P26.99,T27.00,I27.00,M27.00,R27.00,L27.00
114.1489,26.48
114.153,P26.99,T27.00,I27.00,M27.00,R27.00,L27.00
114.1571,26.45
114.1623,P26.99,T27.00,I27.00,M27.00,R27.00,L27.00
114.1677,26.55
114.1727,P26.99,T27.00,I27.00,M27.00,R27.00,L27.00
114.1775,26.48
114.1824,P26.99,T27.00,I27.00,M27.00,R27.00,L27.00
114.1877,26.48
114.1922,P26.99,T27.00,I27.00,M27.00,R27.00,L27.00
114.1964,26.45
114.2006,P26.99,T27.00,I27.00,M27.00,R27.00,L27.00
114.2056,26.50
114.2103,P26.99,T27.00,I27.00,M27.00,R27.00,L27.00
114.2153,26.40
114.2197,P26.99,T27.00,I27.00,M27.00,R27.00,L27.00
114.2301,26.38
114.2353,P26.99,T27.00,I27.00,M27.00,R27.00,L27.00
114.2408,26.35
114.2485,P27.00,T26.99,I27.00,M27.00,R27.00,L27.00
114.2878,26.33
114.3071,P26.99,T27.00,I27.00,M27.00,R27.00,L27.00
114.3356,26.45
114.3491,P26.99,T27.00,I27.00,M27.00,R27.00,L27.00
114.3952,26.48
114.414,P26.99,T27.00,I27.00,M27.00,R27.00,L27.00
114.4425,26.33
114.4751,P26.99,T27.00,I27.00,M27.00,R27.00,L27.00
114.5141,26.68
114.5346,P26.99,T27.00,I27.00,M27.00,R27.00,L27.00
114.5513,26.40
114.5609,P26.99,T27.00,I27.00,M27.00,R27.00,L27.00
114.6157,26.40
114.6362,P26.99,T27.00,I27.00,M27.00,R27.00,L27.00
114.6605,26.38
114.6843,P26.99,T27.00,I27.00,M27.00,R27.00,L27.00
114.7399,26.35
114.7587,P26.99,T27.00,I27.00,M27.00,R27.00,L27.00
114.7744,26.28
114.7873,P26.99,T27.00,I27.00,M27.00,R27.00,L27.00
114.8163,26.33
114.8464,P26.99,T27.00,I27.00,M27.00,R27.00,L27.00
114.8779,26.25
114.8857,P26.99,T27.00,I27.00,M27.00,R27.00,L27.00
114.9434,26.40
114.9774,P26.99,T27.00,I27.00,M27.00,R27.00,L27.00
114.9916,26.13
115.0027,P26.99,T27.00,I27.00,M27.00,R27.00,L27.00
115.0519,26.35
115.0716,P26.99,T27.00,I27.00,M27.00,R27.00,L27.00
115.0846,26.35
115.1009,P26.99,T27.00,I27.00,M27.00,R27.00,L27.00
115.1405,26.53
115.1602,P26.99,T27.00,I27.00,M27.00,R27.00,L27.00
115.2187,26.25
115.2372,P26.99,T27.00,I27.00,M27.00,R27.00,L27.00
115.2507,26.35
115.2651,P26.99,T27.00,I27.00,M27.00,R27.00,L27.00
115.3072,26.23
115.3303,P26.99,T27.00,I27.00,M27.00,R27.00,L27.00
115.3565,26.35
115.3707,P26.99,T27.00,I27.00,M27.00,R27.00,L27.00
115.4192,26.25
115.4388,P26.99,T27.00,I27.00,M27.00,R27.00,L27.00
115.4902,26.30
115.5236,P26.99,T27.00,I27.00,M27.00,R27.00,L27.00
115.5561,26.30
115.5629,P26.99,T27.00,I27.00,M27.00,R27.00,L27.00
115.5777,26.30
115.5826,P26.99,T27.00,I27.00,M27.00,R27.00,L27.00
115.6227,26.40
115.6418,P26.99,T27.00,I27.00,M27.00,R27.00,L27.00
115.6975,26.35
115.7177,P27.00,T27.00,I27.00,M27.00,R27.00,L27.00
115.7311,26.28
115.7511,P26.99,T27.00,I27.00,M27.00,R27.00,L27.00
115.7917,26.28
115.8106,P26.99,T27.00,I27.00,M27.00,R27.00,L27.00
115.8374,26.38
115.8435,P26.99,T27.00,I27.00,M27.00,R27.00,L27.00
115.8872,26.45
115.9065,P26.99,T27.00,I27.00,M27.00,R27.00,L27.00
115.9493,26.30
115.9746,P26.99,T27.00,I27.00,M27.00,R27.00,L27.00
116.0069,26.35
116.0255,P26.99,T27.00,I27.00,M27.00,R27.00,L27.00
116.0535,26.30
116.058,P26.99,T27.00,I27.00,M27.00,R27.00,L27.00
116.1238,26.25
116.1699,P26.99,T27.00,I27.00,M27.00,R27.00,L27.00
116.2022,26.45
116.2249,P26.99,T27.00,I27.00,M27.00,R27.00,L27.00
116.2385,26.30
116.2442,P26.99,T27.00,I27.00,M27.00,R27.00,L27.00
116.2832,26.23
116.3025,P26.99,T27.00,I27.00,M27.00,R27.00,L27.00
116.3327,26.33
116.3378,P26.99,T27.00,I27.00,M27.00,R27.00,L27.00
116.376,26.28
116.3996,P26.99,T27.00,I27.00,M27.00,R27.00,L27.00
116.428,26.35
116.4465,P26.99,T27.00,I27.00,M27.00,R27.00,L27.00
116.4929,26.38
116.5117,P26.99,T27.00,I27.00,M27.00,R27.00,L27.00
116.5326,26.28
116.5378,P26.99,T27.00,I27.00,M27.00,R27.00,L27.00
116.5927,26.45
116.6285,P26.99,T27.00,I27.00,M27.00,R27.00,L27.00
116.6529,26.28
116.6655,P26.99,T27.00,I27.00,M27.00,R27.00,L27.00
116.694,26.30
116.6997,P26.99,T27.00,I27.00,M27.00,R27.00,L27.00
116.7666,26.35
116.8125,P26.99,T27.00,I27.00,M27.00,R27.00,L27.00
116.8476,26.23
116.8684,P26.99,T27.00,I27.00,M27.00,R27.00,L27.00
116.881,26.28
116.8945,P26.99,T27.00,I27.00,M27.00,R27.00,L27.00
116.9274,26.45
116.9482,P26.99,T27.00,I27.00,M27.00,R27.00,L27.00
116.9608,26.35
116.9732,P26.99,T27.00,I27.00,M27.00,R27.00,L27.00
117.0168,26.50
117.0516,P26.99,T27.00,I27.00,M27.00,R27.00,L27.00
117.0762,26.30
117.0866,P26.99,T27.00,I27.00,M27.00,R27.00,L27.00
117.1407,26.35
117.1752,P26.99,T27.00,I27.00,M27.00,R27.00,L27.00
117.1882,26.45
117.2014,P26.99,T27.00,I27.00,M27.00,R27.00,L27.00
117.237,26.35
117.2489,P26.99,T27.00,I27.00,M27.00,R27.00,L27.00
117.2941,26.35
117.3157,P26.99,T27.00,I27.00,M27.00,R27.00,L27.00
117.3427,26.23
117.3646,P26.99,T27.00,I27.00,M27.00,R27.00,L27.00
117.3887,26.35
117.4216,P26.99,T27.00,I27.00,M27.00,R27.00,L27.00
117.4409,26.40
117.4611,P26.99,T27.00,I27.00,M27.00,R27.00,L27.00
117.5134,26.45
117.532,P26.99,T27.00,I27.00,M27.00,R27.00,L27.00
117.5826,26.25
117.6186,P26.99,T27.00,I27.00,M27.00,R27.00,L27.00
117.6301,26.30
117.6433,P26.99,T27.00,I27.00,M27.00,R27.00,L27.00
117.6627,26.50
117.6698,P26.99,T27.00,I27.00,M27.00,R27.00,L27.00
117.7158,26.45
117.7358,P26.99,T27.00,I27.00,M27.00,R27.00,L27.00
117.7896,26.25
117.8225,P26.99,T27.00,I27.00,M27.00,R27.00,L27.00
117.8497,26.48
117.8676,P26.99,T27.00,I27.00,M27.00,R27.00,L27.00
117.8757,26.50
117.8799,P26.99,T27.00,I27.00,M27.00,R27.00,L27.00
117.9448,26.48
117.9912,P26.99,T27.00,I27.00,M27.00,R27.00,L27.00
118.0186,26.45
118.0312,P26.99,T27.00,I27.00,M27.00,R27.00,L27.00
118.0453,26.45
118.0592,P26.99,T27.00,I27.00,M27.00,R27.00,L27.00
118.0889,26.50
118.108,P26.99,T27.00,I27.00,M27.00,R27.00,L27.00
118.1616,26.45
118.1943,P26.99,T27.00,I27.00,M27.00,R27.00,L27.00
118.2081,26.33
118.2222,P26.99,T27.00,I27.00,M27.00,R27.00,L27.00
118.269,26.50
118.2946,P26.99,T27.00,I27.00,M27.00,R27.00,L27.00
118.3021,26.50
118.3157,P26.99,T27.00,I27.00,M27.00,R27.00,L27.00
118.3635,26.48
118.3965,P26.99,T27.00,I27.00,M27.00,R27.00,L27.00
118.4099,26.55
118.4239,P26.99,T27.00,I27.00,M27.00,R27.00,L27.00
118.4707,26.48
118.4943,P26.99,T27.00,I27.00,M27.00,R27.00,L27.00
118.5166,26.55
118.5218,P26.99,T27.00,I27.00,M27.00,R27.00,L27.00
118.5805,26.55
118.6134,P26.99,T27.00,I27.00,M27.00,R27.00,L27.00
118.6281,26.66
118.6405,P26.99,T27.00,I27.00,M27.00,R27.00,L27.00
118.69,26.50
118.7117,P26.99,T27.00,I27.00,M27.00,R27.00,L27.00
118.7329,26.45
118.7424,P26.99,T27.00,I27.00,M27.00,R27.00,L27.00
118.797,26.58
118.8155,P26.99,T27.00,I27.00,M27.00,R27.00,L27.00
118.8405,26.60
118.8597,P26.99,T27.00,I27.00,M27.00,R27.00,L27.00
118.891,26.66
118.9127,P26.99,T27.00,I27.00,M27.00,R27.00,L27.00
118.9499,26.63
118.9691,P26.99,T27.00,I27.00,M27.00,R27.00,L27.00
118.9995,26.63
119.0343,P26.99,T27.00,I27.00,M27.00,R27.00,L27.00
119.0544,26.55
119.0666,P26.99,T27.00,I27.00,M27.00,R27.00,L27.00
119.1194,26.66
119.1417,P26.99,T27.00,I27.00,M27.00,R27.00,L27.00
119.165,26.68
119.1789,P26.99,T27.00,I27.00,M27.00,R27.00,L27.00
119.2221,26.60
119.2559,P26.99,T27.00,I27.00,M27.00,R27.00,L27.00
119.2684,26.63
119.2812,P26.99,T27.00,I27.00,M27.00,R27.00,L27.00
119.3333,26.71
119.3571,P26.99,T27.00,I27.00,M27.00,R27.00,L27.00
119.3795,26.76
119.3846,P26.99,T27.00,I27.00,M27.00,R27.00,L27.00
119.4431,26.71
119.4756,P26.99,T27.00,I27.00,M27.00,R27.00,L27.00
119.4893,26.81
119.5038,P26.99,T27.00,I27.00,M27.00,R27.00,L27.00
119.536,26.76
119.5442,P26.99,T27.00,I27.00,M27.00,R27.00,L27.00
119.5982,26.78
119.6184,P26.99,T27.00,I27.00,M27.00,R27.00,L27.00
119.6478,26.81
119.6694,P26.99,T27.00,I27.00,M27.00,R27.00,L27.00
119.6978,26.81
119.7044,P26.99,T27.00,I27.00,M27.00,R27.00,L27.00
119.7568,26.78
119.7818,P26.99,T27.00,I27.00,M27.00,R27.00,L27.00
119.8067,26.83
119.8187,P26.99,T27.00,I27.00,M27.00,R27.00,L27.00
119.8659,26.99
119.9026,P26.99,T27.00,I27.00,M27.00,R27.00,L27.00
119.929,26.81
119.9434,P26.99,T27.00,I27.00,M27.00,R27.00,L27.00
119.9883,26.88
120.0141,P26.99,T27.00,I27.00,M27.00,R27.00,L27.00
120.0219,26.86
120.0363,P26.99,T27.00,I27.00,M27.00,R27.00,L27.00
120.0811,27.04
120.1152,P26.99,T27.00,I27.00,M27.00,R27.00,L27.00
120.129,27.04
120.1428,P26.99,T27.00,I27.00,M27.00,R27.00,L27.00
120.1755,26.91
120.1814,P26.99,T27.00,I27.00,M27.00,R27.00,L27.00
120.2267,27.04
120.2508,P26.99,T27.00,I27.00,M27.00,R27.00,L27.00
120.2939,26.96
120.3148,P26.99,T27.00,I27.00,M27.00,R27.00,L27.00
120.3432,26.78
120.363,P26.99,T27.00,I27.00,M27.00,R27.00,L27.00
120.3914,26.91
120.4015,P26.99,T27.00,I27.00,M27.00,R27.00,L27.00
120.4537,26.96
120.4783,P26.99,T27.00,I27.00,M27.00,R27.00,L27.00
120.5311,26.93
120.5662,P26.99,T27.00,I27.00,M27.00,R27.00,L27.00
120.5921,26.91
120.6058,P26.99,T27.00,I27.00,M27.00,R27.00,L27.00
120.619,27.04
120.6241,P26.99,T27.00,I27.00,M27.00,R27.00,L27.00
120.6678,27.04
120.6934,P26.99,T27.00,I27.00,M27.00,R27.00,L27.00
120.7303,27.01
120.7507,P26.99,T27.00,I27.00,M27.00,R27.00,L27.00
120.7657,27.06
120.7776,P26.99,T27.00,I27.00,M27.00,R27.00,L27.00
120.8236,27.01
120.8561,P26.99,T27.00,I27.00,M27.00,R27.00,L27.00
120.8696,27.16
120.8894,P26.99,T27.00,I27.00,M27.00,R27.00,L27.00
120.9342,27.06
120.9539,P26.99,T27.00,I27.00,M27.00,R27.00,L27.00
120.9792,27.04
121.0176,P26.99,T27.00,I27.00,M27.00,R27.00,L27.00
121.039,27.04
121.0516,P26.99,T27.00,I27.00,M27.00,R27.00,L27.00
121.094,27.09
121.1174,P26.99,T27.00,I27.00,M27.00,R27.00,L27.00
121.1615,27.11
121.1947,P26.99,T27.00,I27.00,M27.00,R27.00,L27.00
121.21,27.21
121.2225,P26.99,T27.00,I27.00,M27.00,R27.00,L27.00
121.2741,27.04
121.2941,P26.99,T27.00,I27.00,M27.00,R27.00,L27.00
121.3126,27.04
121.321,P26.99,T27.00,I27.00,M27.00,R27.00,L27.00
121.3832,27.16
121.416,P26.99,T27.00,I27.00,M27.00,R27.00,L27.00
121.429,27.09
121.4429,P26.99,T27.00,I27.00,M27.00,R27.00,L27.00
121.4622,27.16
121.4708,P26.99,T27.00,I27.00,M27.00,R27.00,L27.00
121.5243,27.14
121.5637,P27.00,T26.99,I27.00,M27.00,R27.00,L27.00
121.5847,27.16
121.5982,P26.99,T27.00,I27.00,M27.00,R27.00,L27.00
121.6317,27.27
121.6504,P26.99,T27.00,I27.00,M27.00,R27.00,L27.00
121.6735,27.09
121.6875,P26.99,T27.00,I27.00,M27.00,R27.00,L27.00
121.7337,27.19
121.7568,P26.99,T27.00,I27.00,M27.00,R27.00,L27.00
121.8118,27.37
121.845,P26.99,T27.00,I27.00,M27.00,R27.00,L27.00
121.8746,27.06
121.8855,P26.99,T27.00,I27.00,M27.00,R27.00,L27.00
121.8987,27.32
121.9046,P26.99,T27.00,I27.00,M27.00,R27.00,L27.00
121.9495,27.27
121.9729,P26.99,T27.00,I27.00,M27.00,R27.00,L27.00
122.0011,27.27
122.021,P26.99,T27.00,I27.00,M27.00,R27.00,L27.00
122.0747,27.57
122.0939,P26.99,T27.00,I27.00,M27.00,R27.00,L27.00
122.1073,27.21
122.1206,P26.99,T27.00,I27.00,M27.00,R27.00,L27.00
122.1655,27.47
122.188,P26.99,T27.00,I27.00,M27.00,R27.00,L27.00
122.2156,27.37
122.2204,P26.99,T27.00,I27.00,M27.00,R27.00,L27.00
122.2752,27.27
122.2948,P26.99,T27.00,I27.00,M27.00,R27.00,L27.00
122.3202,27.32
122.3389,P26.99,T27.00,I27.00,M27.00,R27.00,L27.00
122.3693,27.37
122.3953,P26.99,T27.00,I27.00,M27.00,R27.00,L27.00
122.4494,27.39
122.4819,P26.99,T27.00,I27.00,M27.00,R27.00,L27.00
122.5101,27.39
122.5225,P26.99,T27.00,I27.00,M27.00,R27.00,L27.00
122.537,27.60
122.5419,P26.99,T27.00,I27.00,M27.00,R27.00,L27.00
122.5846,27.39
122.6079,P26.99,T27.00,I27.00,M27.00,R27.00,L27.00
122.6641,27.37
122.6969,P26.99,T27.00,I27.00,M27.00,R27.00,L27.00
122.7114,27.09
122.7242,P26.99,T27.00,I27.00,M27.00,R27.00,L27.00
122.7468,27.39
122.7558,P26.99,T27.00,I27.00,M27.00,R27.00,L27.00
122.8082,27.29
122.8441,P26.99,T26.99,I27.00,M27.00,R27.00,L27.00
122.8677,27.50
122.8812,P26.99,T27.00,I27.00,M27.00,R27.00,L27.00
122.911,27.45
122.9176,P26.99,T27.00,I27.00,M27.00,R27.00,L27.00
122.9823,27.52
123.0284,P26.99,T27.00,I27.00,M27.00,R27.00,L27.00
123.0621,27.52
123.0833,P26.99,T27.00,I27.00,M27.00,R27.00,L27.00
123.0977,27.29
123.1021,P26.99,T27.00,I27.00,M27.00,R27.00,L27.00
123.1432,27.50
123.1631,P26.99,T27.00,I27.00,M27.00,R27.00,L27.00
123.1762,27.50
123.1885,P26.99,T27.00,I27.00,M27.00,R27.00,L27.00
123.2369,27.60
123.2628,P26.99,T27.00,I27.00,M27.00,R27.00,L27.00
123.298,27.57
123.3042,P26.99,T27.00,I27.00,M27.00,R27.00,L27.00
123.3603,27.63
123.393,P26.99,T27.00,I27.00,M27.00,R27.00,L27.00
123.4079,27.50
123.4201,P26.99,T27.00,I27.00,M27.00,R27.00,L27.00
123.4511,27.52
123.4601,P26.99,T27.00,I27.00,M27.00,R27.00,L27.00
123.5145,27.50
123.5344,P26.99,T27.00,I27.00,M27.00,R27.00,L27.00
123.5599,27.73
123.5648,P26.99,T27.00,I27.00,M27.00,R27.00,L27.00
123.6236,27.70
123.6557,P26.99,T27.00,I27.00,M27.00,R27.00,L27.00
123.6755,27.73
123.6828,P26.99,T27.00,I27.00,M27.00,R27.00,L27.00
123.7136,27.57
123.7281,P26.99,T27.00,I27.00,M27.00,R27.00,L27.00
123.7769,27.57
123.795,P26.99,T27.00,I27.00,M27.00,R27.00,L27.00
123.8223,27.60
123.8415,P26.99,T27.00,I27.00,M27.00,R27.00,L27.00
123.8705,27.68
123.8819,P26.99,T27.00,I27.00,M27.00,R27.00,L27.00
123.9278,27.70
123.9467,P26.99,T27.00,I27.00,M27.00,R27.00,L27.00
123.9918,27.68
124.0104,P26.99,T27.00,I27.00,M27.00,R27.00,L27.00
124.0373,27.70
124.0429,P26.99,T27.00,I27.00,M27.00,R27.00,L27.00
124.0953,27.60
124.1182,P26.99,T27.00,I27.00,M27.00,R27.00,L27.00
124.1454,27.63
124.1645,P26.99,T27.00,I27.00,M27.00,R27.00,L27.00
124.2068,27.83
124.2256,P26.99,T27.00,I27.00,M27.00,R27.00,L27.00
124.2543,27.70
124.2598,P26.99,T27.00,I27.00,M27.00,R27.00,L27.00
124.2998,27.57
124.3247,P26.99,T27.00,I27.00,M27.00,R27.00,L27.00
124.3627,27.57
124.3835,P26.99,T27.00,I27.00,M27.00,R27.00,L27.00
124.4102,27.68
124.4192,P26.99,T27.00,I27.00,M27.00,R27.00,L27.00
124.4863,27.86
124.5327,P26.99,T27.00,I27.00,M27.00,R27.00,L27.00
124.5685,27.50
124.5874,P26.99,T27.00,I27.00,M27.00,R27.00,L27.00
124.6014,27.68
124.6142,P26.99,T27.00,I27.00,M27.00,R27.00,L27.00
124.625,27.78
124.6305,P26.99,T27.00,I27.00,M27.00,R27.00,L27.00
124.6758,27.60
124.6957,P26.99,T27.00,I27.00,M27.00,R27.00,L27.00
124.7369,27.78
124.7625,P26.99,T27.00,I27.00,M27.00,R27.00,L27.00
124.793,27.83
124.7984,P26.99,T27.00,I27.00,M27.00,R27.00,L27.00
124.8386,27.73
124.8576,P26.99,T27.00,I27.00,M27.00,R27.00,L27.00
124.9043,27.63
124.9365,P26.99,T27.00,I27.00,M27.00,R27.00,L27.00
124.9557,27.78
124.9648,P26.99,T27.00,I27.00,M27.00,R27.00,L27.00
125.0247,27.86
125.0591,P26.99,T27.00,I27.00,M27.00,R27.00,L27.00
125.0706,27.86
125.0865,P26.99,T27.00,I27.00,M27.00,R27.00,L27.00
125.1297,27.73
125.1482,P26.99,T27.00,I27.00,M27.00,R27.00,L27.00
125.1701,27.78
125.1769,P26.99,T27.00,I27.00,M27.00,R27.00,L27.00
125.223,27.81
125.2565,P26.99,T27.00,I27.00,M27.00,R27.00,L27.00
125.2694,27.81
125.2856,P26.99,T27.00,I27.00,M27.00,R27.00,L27.00
125.3198,27.78
125.3263,P26.99,T27.00,I27.00,M27.00,R27.00,L27.00
125.3801,27.78
125.4194,P26.99,T27.00,I27.00,M27.00,R27.00,L27.00
125.4583,27.73
125.4769,P26.99,T27.00,I27.00,M27.00,R27.00,L27.00
125.491,27.75
125.5056,P26.99,T27.00,I27.00,M27.00,R27.00,L27.00
125.5356,27.86
125.5414,P26.99,T27.00,I27.00,M27.00,R27.00,L27.00
125.5954,27.88
125.6183,P26.99,T27.00,I27.00,M27.00,R27.00,L27.00
125.643,27.86
125.6626,P26.99,T27.00,I27.00,M27.00,R27.00,L27.00
125.6964,27.83
125.7033,P26.99,T27.00,I27.00,M27.00,R27.00,L27.00
125.7532,27.86
125.7733,P26.99,T27.00,I27.00,M27.00,R27.00,L27.00
125.8092,27.73
125.8325,P26.99,T27.00,I27.00,M27.00,R27.00,L27.00
125.8768,27.88
125.8954,P26.99,T27.00,I27.00,M27.00,R27.00,L27.00
125.9093,27.86
125.9234,P26.99,T27.00,I27.00,M27.00,R27.00,L27.00
125.9669,27.86
125.9858,P26.99,T27.00,I27.00,M27.00,R27.00,L27.00
126.0132,27.83
126.0218,P26.99,T27.00,I27.00,M27.00,R27.00,L27.00
126.0753,27.86
126.0942,P26.99,T27.00,I27.00,M27.00,R27.00,L27.00
126.1408,27.86
126.1734,P26.99,T27.00,I27.00,M27.00,R27.00,L27.00
126.1873,27.83
126.2007,P26.99,T27.00,I27.00,M27.00,R27.00,L27.00
126.2303,27.86
126.2408,P26.99,T27.00,I27.00,M27.00,R27.00,L27.00
126.308,27.83
126.3419,P26.99,T27.00,I27.00,M27.00,R27.00,L27.00
126.3733,27.91
126.3848,P26.99,T27.00,I27.00,M27.00,R27.00,L27.00
126.3953,27.86
126.4005,P26.99,T27.00,I27.00,M27.00,R27.00,L27.00
126.4443,27.83
126.4681,P26.99,T27.00,I27.00,M27.00,R27.00,L27.00
126.52,27.83
126.5524,P26.99,T27.00,I27.00,M27.00,R27.00,L27.00
126.5671,27.88
126.5808,P26.99,T27.00,I27.00,M27.00,R27.00,L27.00
126.6126,27.86
126.6176,P26.99,T27.00,I27.00,M27.00,R27.00,L27.00
126.6601,27.81
126.6963,P26.99,T27.00,I27.00,M27.00,R27.00,L27.00
126.7219,27.83
126.7414,P26.99,T27.00,I27.00,M27.00,R27.00,L27.00
126.769,27.86
126.7838,P26.99,T27.00,I27.00,M27.00,R27.00,L27.00
126.8326,27.86
126.853,P26.99,T27.00,I27.00,M27.00,R27.00,L27.00
126.8771,27.86
126.8876,P26.99,T27.00,I27.00,M27.00,R27.00,L27.00
126.9293,27.75
126.9496,P26.99,T27.00,I27.00,M27.00,R27.00,L27.00
126.9847,27.86
127.0044,P26.99,T27.00,I27.00,M27.00,R27.00,L27.00
127.0323,27.86
127.0444,P26.99,T27.00,I27.00,M27.00,R27.00,L27.00
127.0934,27.86
127.1174,P26.99,T27.00,I27.00,M27.00,R27.00,L27.00
127.161,27.83
127.1941,P26.99,T27.00,I27.00,M27.00,R27.00,L27.00
127.2073,27.73
127.2217,P26.99,T27.00,I27.00,M27.00,R27.00,L27.00
127.2473,27.73
127.2539,P26.99,T27.00,I27.00,M27.00,R27.00,L27.00
127.3102,27.86
127.3517,P26.99,T27.00,I27.00,M27.00,R27.00,L27.00
127.3718,27.88
127.3856,P26.99,T27.00,I27.00,M27.00,R27.00,L27.00
127.4324,27.86
127.4522,P26.99,T27.00,I27.00,M27.00,R27.00,L27.00
127.4659,27.86
127.4795,P26.99,T27.00,I27.00,M27.00,R27.00,L27.00
127.5154,27.78
127.5414,P26.99,T27.00,I27.00,M27.00,R27.00,L27.00
127.5724,27.78
127.5787,P26.99,T27.00,I27.00,M27.00,R27.00,L27.00
127.62,27.83
127.653,P26.99,T27.00,I27.00,M27.00,R27.00,L27.00
127.6818,27.83
127.7011,P26.99,T27.00,I27.00,M27.00,R27.00,L27.00
127.7263,27.81
127.741,P26.99,T27.00,I27.00,M27.00,R27.00,L27.00
127.79,27.55
127.8089,P26.99,T27.00,I27.00,M27.00,R27.00,L27.00
127.8552,27.83
127.8738,P26.99,T27.00,I27.00,M27.00,R27.00,L27.00
127.8875,27.86
127.9015,P26.99,T27.00,I27.00,M27.00,R27.00,L27.00
127.9489,27.83
127.9718,P26.99,T27.00,I27.00,M27.00,R27.00,L27.00
128.0209,27.78
128.0541,P26.99,T27.00,I27.00,M27.00,R27.00,L27.00
128.0681,27.86
128.0801,P26.99,T27.00,I27.00,M27.00,R27.00,L27.00
128.1285,27.60
128.1483,P26.99,T27.00,I27.00,M27.00,R27.00,L27.00
128.1617,27.86
128.1799,P26.99,T27.00,I27.00,M27.00,R27.00,L27.00
128.2219,27.78
128.2548,P26.99,T27.00,I27.00,M27.00,R27.00,L27.00
128.2683,27.81
128.2809,P26.99,T27.00,I27.00,M27.00,R27.00,L27.00
128.3443,27.86
128.377,P26.99,T27.00,I27.00,M27.00,R27.00,L27.00
128.3968,27.73
128.4037,P26.99,T27.00,I27.00,M27.00,R27.00,L27.00
128.451,27.70
128.4707,P26.99,T27.00,I27.00,M27.00,R27.00,L27.00
128.4841,27.73
128.4973,P26.99,T27.00,I27.00,M27.00,R27.00,L27.00
128.5334,27.86
128.5521,P26.99,T27.00,I27.00,M27.00,R27.00,L27.00
128.5923,27.75
128.6172,P26.99,T27.00,I27.00,M27.00,R27.00,L27.00
128.6549,27.81
128.6781,P26.99,T27.00,I27.00,M27.00,R27.00,L27.00
128.6985,27.86
128.7054,P27.00,T26.99,I27.00,M27.00,R27.00,L27.00
128.751,27.78
128.7737,P26.99,T27.00,I27.00,M27.00,R27.00,L27.00
128.8084,27.81
128.8341,P26.99,T27.00,I27.00,M27.00,R27.00,L27.00
128.8683,27.70
128.8879,P27.00,T27.00,I27.00,M27.00,R27.00,L27.00
128.907,27.68
128.9142,P26.99,T27.00,I27.00,M27.00,R27.00,L27.00
128.9647,27.68
128.9976,P26.99,T27.00,I27.00,M27.00,R27.00,L27.00
129.0107,27.57
129.0272,P26.99,T27.00,I27.00,M27.00,R27.00,L27.00
129.0708,27.75
129.0894,P26.99,T27.00,I27.00,M27.00,R27.00,L27.00
129.1351,27.75
129.1534,P26.99,T27.00,I27.00,M27.00,R27.00,L27.00
129.1797,27.75
129.1845,P26.99,T27.00,I27.00,M27.00,R27.00,L27.00
129.2335,27.60
129.2556,P26.99,T27.00,I27.00,M27.00,R27.00,L27.00
129.2994,27.63
129.3184,P26.99,T27.00,I27.00,M27.00,R27.00,L27.00
129.3355,27.73
129.346,P26.99,T27.00,I27.00,M27.00,R27.00,L27.00
129.3975,27.75
129.4166,P26.99,T27.00,I27.00,M27.00,R27.00,L27.00
129.4424,27.60
129.4653,P26.99,T27.00,I27.00,M27.00,R27.00,L27.00
129.5065,27.75
129.5258,P26.99,T27.00,I27.00,M27.00,R27.00,L27.00
129.5491,27.75
129.5654,P26.99,T27.00,I27.00,M27.00,R27.00,L27.00
129.6033,27.78
129.6252,P26.99,T27.00,I27.00,M27.00,R27.00,L27.00
129.663,27.68
129.6886,P26.99,T27.00,I27.00,M27.00,R27.00,L27.00
129.7292,27.52
129.749,P26.99,T27.00,I27.00,M27.00,R27.00,L27.00
129.7623,27.73
129.7755,P26.99,T27.00,I27.00,M27.00,R27.00,L27.00
129.8147,27.68
129.8336,P26.99,T27.00,I27.00,M27.00,R27.00,L27.00
129.8764,27.50
129.898,P26.99,T27.00,I27.00,M27.00,R27.00,L27.00
129.9276,27.75
129.9481,P26.99,T27.00,I27.00,M27.00,R27.00,L27.00
130.001,27.60
130.0352,P26.99,T27.00,I27.00,M27.00,R27.00,L27.00
130.048,27.47
130.0607,P26.99,T27.00,I27.00,M27.00,R27.00,L27.00
130.0918,27.42
130.1009,P26.99,T27.00,I27.00,M27.00,R27.00,L27.00
130.1528,27.68
130.1732,P26.99,T27.00,I27.00,M27.00,R27.00,L27.00
130.2001,27.60
130.2197,P26.99,T27.00,I27.00,M27.00,R27.00,L27.00
130.2612,27.50
130.2955,P26.99,T27.00,I27.00,M27.00,R27.00,L27.00
130.3168,27.42
130.3246,P26.99,T27.00,I27.00,M27.00,R27.00,L27.00
130.3845,27.57
130.4175,P26.99,T27.00,I27.00,M27.00,R27.00,L27.00
130.4301,27.47
130.444,P26.99,T27.00,I27.00,M27.00,R27.00,L27.00
130.4578,27.73
130.4896,P26.99,T27.00,I27.00,M27.00,R27.00,L27.00
130.5207,27.37
130.5449,P26.99,T27.00,I27.00,M27.00,R27.00,L27.00
130.5998,27.47
130.6186,P26.99,T27.00,I27.00,M27.00,R27.00,L27.00
130.6327,27.45
130.6457,P26.99,T27.00,I27.00,M27.00,R27.00,L27.00
130.6947,27.50
130.7132,P26.99,T27.00,I27.00,M27.00,R27.00,L27.00
130.7268,27.29
130.7428,P26.99,T27.00,I27.00,M27.00,R27.00,L27.00
130.787,27.39
130.8053,P26.99,T27.00,I27.00,M27.00,R27.00,L27.00
130.8371,27.50
130.842,P26.99,T27.00,I27.00,M27.00,R27.00,L27.00
130.889,27.37
130.9084,P26.99,T27.00,I27.00,M27.00,R27.00,L27.00
130.9493,27.45
130.9729,P26.99,T27.00,I27.00,M27.00,R27.00,L27.00
131.0163,27.50
131.0356,P26.99,T27.00,I27.00,M27.00,R27.00,L27.00
131.0487,27.60
131.0621,P26.99,T27.00,I27.00,M27.00,R27.00,L27.00
131.1012,27.39
131.1203,P26.99,T27.00,I27.00,M27.00,R27.00,L27.00
131.1628,27.39
131.1863,P26.99,T27.00,I27.00,M27.00,R27.00,L27.00
131.2752,27.39
131.3256,P26.99,T27.00,I27.00,M27.00,R27.00,L27.00
131.3635,27.42
131.3918,P26.99,T27.00,I27.00,M27.00,R27.00,L27.00
131.4028,27.29
131.4164,P26.99,T27.00,I27.00,M27.00,R27.00,L27.00
131.4212,27.37
131.4297,P26.99,T27.00,I27.00,M27.00,R27.00,L27.00
131.4348,27.37
131.4406,P26.99,T27.00,I27.00,M27.00,R27.00,L27.00
131.4798,27.37
131.4846,P26.99,T27.00,I27.00,M27.00,R27.00,L27.00
131.5411,27.06
131.5738,P26.99,T27.00,I27.00,M27.00,R27.00,L27.00
131.5928,27.37
131.5997,P26.99,T27.00,I27.00,M27.00,R27.00,L27.00
131.6693,27.27
131.7247,P26.99,T27.00,I27.00,M27.00,R27.00,L27.00
131.7583,27.32
131.7703,P26.99,T27.00,I27.00,M27.00,R27.00,L27.00
131.906,27.37
