Timestamp,Temperature, TemperatureDelta, MappedTemperature
0,32,0,51.00105
0.01999999,32.0326,0.03259723,59.87931
0.03999998,32.0651,0.03250638,59.83635
0.05999998,32.09752,0.03241578,59.79369
0.07999997,32.12984,0.03232544,59.75131
0.09999996,32.16208,0.03223534,59.70922
0.12,32.19423,0.0321455,59.66743
0.14,32.22628,0.03205591,59.62592
0.1599999,32.25825,0.03196657,59.58469
0.1799999,32.29012,0.03187748,59.54374
0.1999999,32.32191,0.03178863,59.50306
0.2199999,32.35361,0.03170003,59.46265
0.2399999,32.38522,0.03161169,59.42252
0.2599999,32.41675,0.03152359,59.38266
0.2799999,32.44818,0.03143572,59.34306
0.2999999,32.47953,0.03134811,59.30373
0.3199999,32.5108,0.03126074,59.26465
0.3399999,32.54197,0.03117361,59.22584
0.3599999,32.57306,0.03108673,59.18728
0.3799999,32.60405,0.03100009,59.14897
0.3999999,32.63497,0.0309137,59.11092
0.4199998,32.66579,0.03082754,59.07312
0.4399998,32.69654,0.03074162,59.03555
0.4599998,32.72719,0.03065594,58.99824
0.4799998,32.75776,0.0305705,58.96117
0.4999998,32.78825,0.0304853,58.92434
0.5199998,32.81865,0.03040033,58.88774
0.5399998,32.84896,0.03031561,58.85138
0.5599998,32.8792,0.03023111,58.81525
0.5799998,32.90934,0.03014686,58.77936
0.5999998,32.93941,0.03006284,58.7437
0.6199998,32.96939,0.02997905,58.70826
0.6399997,32.99928,0.0298955,58.67305
0.6599998,33.02909,0.02981218,58.63806
0.6799998,33.05882,0.02972909,58.60329
0.6999997,33.08847,0.02964623,58.56874
0.7199997,33.11803,0.02956361,58.53441
0.7399997,33.14751,0.02948121,58.5003
0.7599998,33.17691,0.02939905,58.46639
0.7799997,33.20623,0.02931711,58.4327
0.7999997,33.23547,0.0292354,58.39922
0.8199997,33.26462,0.02915392,58.36595
0.8399997,33.29369,0.02907267,58.33288
0.8599997,33.32269,0.02899164,58.30002
0.8799997,33.3516,0.02891084,58.26736
0.8999997,33.38043,0.02883026,58.2349
0.9199997,33.40918,0.02874991,58.20264
0.9399996,33.43785,0.02866978,58.17058
0.9599997,33.46644,0.02858988,58.13871
0.9799997,33.49495,0.02851019,58.10704
0.9999996,33.52338,0.02843073,58.07556
1.02,33.55173,0.0283515,58.04427
1.04,33.58001,0.02827248,58.01317
1.06,33.6082,0.02819369,57.98226
1.08,33.63631,0.02811511,57.95153
1.1,33.66435,0.02803675,57.92099
1.12,33.69231,0.02795861,57.89063
1.14,33.72019,0.02788069,57.86046
1.16,33.74799,0.02780298,57.83046
1.18,33.77572,0.02772549,57.80064
1.2,33.80337,0.02764822,57.771
1.22,33.83094,0.02757117,57.74154
1.24,33.85843,0.02749432,57.71225
1.26,33.88585,0.0274177,57.68313
1.279999,33.91319,0.02734128,57.65418
1.3,33.94045,0.02726508,57.6254
1.32,33.96764,0.02718909,57.59679
1.34,33.99475,0.02711331,57.56835
1.36,34.02179,0.02703775,57.54007
1.38,34.04876,0.02696239,57.51196
1.399999,34.07564,0.02688724,57.48401
1.419999,34.10246,0.02681231,57.45622
1.439999,34.12919,0.02673758,57.4286
1.459999,34.15586,0.02666306,57.40113
1.479999,34.18245,0.02658875,57.37382
1.5,34.20896,0.02651464,57.34667
1.52,34.2354,0.02644075,57.31967
1.539999,34.26177,0.02636705,57.29283
1.559999,34.28806,0.02629357,57.26614
1.579999,34.31428,0.02622028,57.2396
1.599999,34.34043,0.02614721,57.21321
1.619999,34.3665,0.02607433,57.18697
1.639999,34.3925,0.02600167,57.16088
1.659999,34.41843,0.0259292,57.13494
1.679999,34.44429,0.02585693,57.10915
1.699999,34.47007,0.02578487,57.0835
1.719999,34.49578,0.025713,57.05799
1.739999,34.52143,0.02564134,57.03262
1.759999,34.547,0.02556987,57.0074
1.779999,34.57249,0.02549861,56.98232
1.799999,34.59792,0.02542755,56.95737
1.819999,34.62328,0.02535668,56.93256
1.839999,34.64857,0.02528601,56.9079
1.859999,34.67378,0.02521553,56.88336
1.879999,34.69893,0.02514525,56.85897
1.899999,34.724,0.02507517,56.83471
1.919999,34.74901,0.02500528,56.81058
1.939999,34.77394,0.02493559,56.78658
1.959999,34.79881,0.02486609,56.76271
1.979999,34.8236,0.02479679,56.73898
1.999999,34.84833,0.02472768,56.71537
2.019999,34.87299,0.02465877,56.69189
2.039999,34.89758,0.02459004,56.66854
2.059999,34.9221,0.02452151,56.64532
2.079999,34.94655,0.02445316,56.62222
2.099999,34.97094,0.02438501,56.59924
2.119999,34.99525,0.02431705,56.57639
2.139999,35.0195,0.02424928,56.55367
2.159999,35.04369,0.02418169,56.53106
2.179999,35.0678,0.0241143,56.50857
2.199999,35.09185,0.02404709,56.48621
2.219999,35.11583,0.02398007,56.46396
2.239999,35.13974,0.02391323,56.44183
2.259999,35.16359,0.02384659,56.41982
2.279999,35.18737,0.02378012,56.39793
2.299999,35.21108,0.02371384,56.37614
2.319999,35.23473,0.02364775,56.35448
2.339999,35.25831,0.02358185,56.33294
2.359999,35.28183,0.02351612,56.3115
2.379999,35.30527,0.02345058,56.29018
2.399999,35.32866,0.02338522,56.26896
2.419999,35.35198,0.02332005,56.24786
2.439999,35.37523,0.02325505,56.22687
2.459999,35.39842,0.02319024,56.20599
2.479999,35.42155,0.02312561,56.18522
2.499999,35.44461,0.02306116,56.16455
2.519999,35.4676,0.02299688,56.144
2.539999,35.49054,0.02293279,56.12354
2.559999,35.5134,0.02286887,56.1032
2.579999,35.53621,0.02280514,56.08295
2.599999,35.55895,0.02274158,56.06282
2.619999,35.58163,0.02267819,56.04278
2.639999,35.60424,0.02261499,56.02285
2.659999,35.6268,0.02255196,56.00302
2.679999,35.64928,0.0224891,55.98329
2.699999,35.67171,0.02242642,55.96367
2.719999,35.69408,0.02236392,55.94414
2.739999,35.71638,0.02230159,55.92471
2.759999,35.73862,0.02223944,55.90538
2.779999,35.7608,0.02217745,55.88615
2.799999,35.78291,0.02211564,55.86701
2.819999,35.80496,0.022054,55.84797
2.839999,35.82695,0.02199253,55.82903
2.859999,35.84888,0.02193124,55.81018
2.879999,35.87075,0.02187012,55.79142
2.899999,35.89256,0.02180916,55.77277
2.919999,35.91431,0.02174838,55.7542
2.939999,35.936,0.02168776,55.73573
2.959999,35.95762,0.02162732,55.71734
2.979999,35.97919,0.02156704,55.69905
2.999999,36.0007,0.02150694,55.68085
3.019999,36.02214,0.021447,55.66274
3.039999,36.04353,0.02138722,55.64472
3.059999,36.06486,0.02132761,55.62679
3.079999,36.08613,0.02126817,55.60895
3.099999,36.10734,0.0212089,55.59119
3.119999,36.12849,0.02114979,55.57353
3.139999,36.14958,0.02109084,55.55595
3.159999,36.17061,0.02103206,55.53845
3.179999,36.19158,0.02097344,55.52105
3.199999,36.2125,0.02091499,55.50372
3.219999,36.23335,0.0208567,55.48648
3.239999,36.25415,0.02079857,55.46933
3.259999,36.27489,0.0207406,55.45226
3.279999,36.29557,0.0206828,55.43526
3.299999,36.3162,0.02062516,55.41836
3.319999,36.33677,0.02056767,55.40154
3.339999,36.35728,0.02051035,55.38479
3.359999,36.37774,0.02045318,55.36813
3.379999,36.39813,0.02039617,55.35154
3.399999,36.41847,0.02033933,55.33504
3.419999,36.43876,0.02028264,55.31861
3.439999,36.45898,0.02022611,55.30226
3.459999,36.47915,0.02016974,55.286
3.479999,36.49926,0.02011352,55.26981
3.499999,36.51932,0.02005747,55.25369
3.519999,36.53932,0.02000156,55.23766
3.539999,36.55927,0.01994582,55.22169
3.559999,36.57916,0.01989023,55.20581
3.579999,36.599,0.01983479,55.19
3.599999,36.61877,0.01977951,55.17427
3.619999,36.6385,0.01972439,55.15861
3.639999,36.65817,0.01966942,55.14302
3.659999,36.67778,0.0196146,55.12751
3.679999,36.69735,0.01955993,55.11207
3.699999,36.71685,0.01950541,55.0967
3.719999,36.7363,0.01945105,55.0814
3.739999,36.7557,0.01939684,55.06618
3.759999,36.77504,0.01934278,55.05103
3.779999,36.79433,0.01928887,55.03594
3.799999,36.81356,0.01923511,55.02093
3.819999,36.83274,0.0191815,55.00599
3.839999,36.85187,0.01912804,54.99111
3.859999,36.87094,0.01907473,54.97631
3.879999,36.88997,0.01902157,54.96157
3.899999,36.90893,0.01896856,54.94691
3.919999,36.92785,0.01891569,54.93231
3.939999,36.94671,0.01886297,54.91778
3.959999,36.96552,0.0188104,54.90331
3.979999,36.98428,0.01875797,54.88891
3.999999,37.00299,0.0187057,54.87458
4.019999,37.02164,0.01865356,54.86031
4.039999,37.04024,0.01860157,54.84611
4.059999,37.05879,0.01854973,54.83197
4.079998,37.07729,0.01849803,54.8179
4.099998,37.09574,0.01844647,54.80389
4.119998,37.11413,0.01839506,54.78994
4.139998,37.13248,0.01834379,54.77606
4.159998,37.15077,0.01829267,54.76225
4.179998,37.16901,0.01824168,54.74849
4.199998,37.1872,0.01819084,54.73479
4.219998,37.20534,0.01814014,54.72116
4.239998,37.22343,0.01808959,54.70759
4.259998,37.24147,0.01803917,54.69408
4.279998,37.25946,0.0179889,54.68063
4.299998,37.2774,0.01793876,54.66724
4.319998,37.29529,0.01788876,54.65392
4.339998,37.31313,0.01783891,54.64065
4.359998,37.33091,0.01778919,54.62744
4.379999,37.34865,0.01773961,54.61429
4.399999,37.36634,0.01769017,54.6012
4.419999,37.38398,0.01764087,54.58817
4.439999,37.40157,0.0175917,54.5752
4.459999,37.41912,0.01754267,54.56227
4.479999,37.43661,0.01749378,54.54942
4.499999,37.45406,0.01744502,54.53661
4.519999,37.47145,0.01739641,54.52386
4.539999,37.4888,0.01734792,54.51118
4.559999,37.5061,0.01729957,54.49854
4.579998,37.52335,0.01725135,54.48596
4.599998,37.54055,0.01720328,54.47344
4.619998,37.55771,0.01715533,54.46098
4.639998,37.57482,0.01710751,54.44856
4.659998,37.59188,0.01705983,54.4362
4.679998,37.60889,0.01701229,54.4239
4.699998,37.62585,0.01696487,54.41164
4.719998,37.64277,0.01691759,54.39945
4.739998,37.65964,0.01687044,54.38731
4.759998,37.67646,0.01682342,54.37521
4.779998,37.69324,0.01677653,54.36317
4.799998,37.70997,0.01672977,54.35119
4.819998,37.72665,0.01668315,54.33925
4.839998,37.74329,0.01663665,54.32737
4.859998,37.75988,0.01659028,54.31554
4.879998,37.77642,0.01654405,54.30376
4.899998,37.79292,0.01649794,54.29203
4.919998,37.80938,0.01645195,54.28035
4.939998,37.82578,0.0164061,54.26872
4.959998,37.84214,0.01636038,54.25714
4.979998,37.85846,0.01631478,54.24562
4.999998,37.87473,0.01626931,54.23414
5.019998,37.89095,0.01622397,54.22271
5.039998,37.90713,0.01617875,54.21133
5.059998,37.92326,0.01613366,54.2
5.079998,37.93935,0.01608869,54.18871
5.099998,37.9554,0.01604385,54.17747
5.119998,37.9714,0.01599914,54.16629
5.139998,37.98735,0.01595455,54.15515
5.159998,38.00326,0.01591008,54.14405
5.179998,38.01913,0.01586574,54.13301
5.199998,38.03495,0.01582152,54.12201
5.219998,38.05073,0.01577742,54.11106
5.239998,38.06646,0.01573345,54.10015
5.259998,38.08215,0.0156896,54.08929
5.279998,38.09779,0.01564587,54.07848
5.299998,38.1134,0.01560227,54.06771
5.319998,38.12896,0.01555878,54.05698
5.339998,38.14447,0.01551542,54.04631
5.359998,38.15994,0.01547218,54.03568
5.379998,38.17537,0.01542905,54.02509
5.399998,38.19076,0.01538605,54.01454
5.419998,38.2061,0.01534317,54.00404
5.439998,38.2214,0.01530041,53.99358
5.459998,38.23666,0.01525777,53.98317
5.479998,38.25188,0.01521525,53.9728
5.499998,38.26705,0.01517284,53.96247
5.519998,38.28218,0.01513055,53.95219
5.539998,38.29726,0.01508838,53.94195
5.559998,38.31231,0.01504633,53.93176
5.579998,38.32731,0.0150044,53.9216
5.599998,38.34227,0.01496258,53.91148
5.619998,38.35719,0.01492088,53.90141
5.639998,38.37207,0.01487929,53.89138
5.659998,38.38691,0.01483782,53.88139
5.679998,38.40171,0.01479647,53.87144
5.699998,38.41647,0.01475523,53.86154
5.719998,38.43118,0.01471411,53.85167
5.739998,38.44585,0.0146731,53.84185
5.759998,38.46048,0.01463221,53.83206
5.779998,38.47507,0.01459142,53.82232
5.799998,38.48962,0.01455076,53.81261
5.819998,38.50414,0.01451021,53.80295
5.839998,38.5186,0.01446976,53.79332
5.859998,38.53304,0.01442944,53.78373
5.879998,38.54742,0.01438922,53.77419
5.899998,38.56178,0.01434912,53.76468
5.919998,38.57608,0.01430912,53.75521
5.939998,38.59035,0.01426924,53.74577
5.959998,38.60458,0.01422947,53.73638
5.979998,38.61877,0.01418981,53.72703
5.999998,38.63292,0.01415026,53.71771
6.019998,38.64703,0.01411083,53.70843
6.039998,38.66111,0.0140715,53.69919
6.059998,38.67514,0.01403228,53.68998
6.079998,38.68913,0.01399317,53.68082
6.099998,38.70308,0.01395417,53.67168
6.119998,38.717,0.01391528,53.66259
6.139998,38.73088,0.0138765,53.65353
6.159998,38.74472,0.01383782,53.64451
6.179998,38.75851,0.01379925,53.63553
6.199998,38.77227,0.0137608,53.62658
6.219998,38.786,0.01372244,53.61766
6.239998,38.79968,0.0136842,53.60879
6.259998,38.81332,0.01364606,53.59995
6.279998,38.82693,0.01360803,53.59114
6.299998,38.8405,0.01357011,53.58237
6.319998,38.85403,0.01353229,53.57363
6.339998,38.86753,0.01349457,53.56493
6.359998,38.88099,0.01345696,53.55626
6.379998,38.89441,0.01341945,53.54763
6.399998,38.90779,0.01338205,53.53903
6.419998,38.92113,0.01334476,53.53047
6.439998,38.93444,0.01330757,53.52194
6.459998,38.94771,0.01327048,53.51344
6.479998,38.96094,0.01323349,53.50498
6.499998,38.97414,0.01319661,53.49655
6.519998,38.9873,0.01315983,53.48815
6.539998,39.00042,0.01312315,53.47979
6.559998,39.01351,0.01308658,53.47146
6.579998,39.02656,0.01305011,53.46316
6.599998,39.03957,0.01301374,53.4549
6.619998,39.05255,0.01297747,53.44666
6.639997,39.06549,0.0129413,53.43846
6.659997,39.07839,0.01290523,53.43029
6.679997,39.09126,0.01286926,53.42216
6.699997,39.1041,0.01283339,53.41405
6.719997,39.11689,0.01279763,53.40598
6.739997,39.12965,0.01276196,53.39794
6.759997,39.14238,0.01272639,53.38993
6.779998,39.15507,0.01269092,53.38195
6.799998,39.16773,0.01265555,53.374
6.819998,39.18035,0.01262028,53.36609
6.839998,39.19293,0.01258511,53.3582
6.859998,39.20548,0.01255003,53.35034
6.879998,39.218,0.01251505,53.34252
6.899998,39.23048,0.01248017,53.33472
6.919998,39.24292,0.01244538,53.32696
6.939998,39.25533,0.0124107,53.31922
6.959998,39.26771,0.01237611,53.31152
6.979998,39.28005,0.01234162,53.30384
6.999998,39.29235,0.01230722,53.2962
7.019998,39.30463,0.01227292,53.28858
7.039998,39.31686,0.01223872,53.281
7.059998,39.32907,0.01220461,53.27344
7.079998,39.34124,0.01217059,53.26591
7.099998,39.35337,0.01213668,53.25841
7.119998,39.36548,0.01210285,53.25094
7.139997,39.37755,0.01206912,53.2435
7.159997,39.38958,0.01203548,53.23608
7.179997,39.40158,0.01200194,53.2287
7.199997,39.41355,0.01196849,53.22134
7.219997,39.42549,0.01193513,53.21401
7.239997,39.43739,0.01190186,53.20671
7.259997,39.44926,0.01186869,53.19944
7.279997,39.46109,0.01183561,53.19219
7.299997,39.4729,0.01180263,53.18497
7.319997,39.48466,0.01176973,53.17778
7.339997,39.4964,0.01173693,53.17062
7.359997,39.50811,0.01170422,53.16348
7.379997,39.51978,0.0116716,53.15637
7.399997,39.53142,0.01163907,53.14929
7.419997,39.54303,0.01160663,53.14223
7.439997,39.5546,0.01157428,53.13521
7.459997,39.56614,0.01154202,53.1282
7.479997,39.57765,0.01150985,53.12123
7.499997,39.58913,0.01147778,53.11428
7.519997,39.60057,0.01144578,53.10735
7.539997,39.61199,0.01141389,53.10046
7.559998,39.62337,0.01138208,53.09359
7.579998,39.63472,0.01135035,53.08674
7.599998,39.64604,0.01131872,53.07992
7.619998,39.65733,0.01128717,53.07313
7.639997,39.66858,0.01125571,53.06636
7.659997,39.67981,0.01122434,53.05962
7.679997,39.691,0.01119306,53.05289
7.699997,39.70216,0.01116186,53.0462
7.719997,39.71329,0.01113076,53.03954
7.739997,39.72439,0.01109973,53.03289
7.759997,39.73546,0.0110688,53.02627
7.779997,39.7465,0.01103795,53.01968
7.799997,39.75751,0.01100718,53.01311
7.819997,39.76848,0.01097651,53.00657
7.839997,39.77943,0.01094592,53.00005
7.859997,39.79034,0.01091541,52.99355
7.879997,39.80122,0.01088499,52.98708
7.899997,39.81208,0.01085465,52.98063
7.919997,39.8229,0.0108244,52.97421
7.939997,39.8337,0.01079423,52.9678
7.959997,39.84446,0.01076415,52.96143
7.979997,39.8552,0.01073415,52.95507
7.999997,39.8659,0.01070423,52.94874
8.019998,39.87658,0.0106744,52.94244
8.039997,39.88722,0.01064465,52.93615
8.059998,39.89783,0.01061498,52.92989
8.079997,39.90842,0.01058539,52.92366
8.099998,39.91898,0.01055589,52.91744
8.119997,39.9295,0.01052647,52.91125
8.139997,39.94,0.01049714,52.90508
8.159997,39.95047,0.01046788,52.89893
8.179997,39.9609,0.0104387,52.89281
8.199997,39.97131,0.01040961,52.88671
8.219997,39.98169,0.0103806,52.88063
8.239997,39.99205,0.01035167,52.87458
8.259997,40.00237,0.01032282,52.86855
8.279997,40.01266,0.01029405,52.86253
8.299997,40.02293,0.01026535,52.85654
8.319997,40.03317,0.01023675,52.85057
8.339997,40.04338,0.01020822,52.84463
8.359997,40.05356,0.01017976,52.8387
8.379997,40.06371,0.01015139,52.8328
8.399997,40.07383,0.0101231,52.82692
8.419997,40.08393,0.01009489,52.82105
8.439997,40.09399,0.01006675,52.81522
8.459997,40.10403,0.0100387,52.80939
8.479997,40.11404,0.01001072,52.8036
8.499997,40.12403,0.009982817,52.79782
8.519997,40.13398,0.009954994,52.79207
8.539997,40.14391,0.009927248,52.78633
8.559997,40.15381,0.00989958,52.78062
8.579997,40.16368,0.009871989,52.77493
8.599997,40.17353,0.009844475,52.76926
8.619997,40.18334,0.009817038,52.7636
8.639997,40.19313,0.009789678,52.75797
8.659997,40.20289,0.009762394,52.75236
8.679996,40.21263,0.009735186,52.74677
8.699997,40.22234,0.009708053,52.7412
8.719996,40.23202,0.009680997,52.73565
8.739997,40.24167,0.009654015,52.73012
8.759997,40.2513,0.009627108,52.72461
8.779997,40.2609,0.009600276,52.71912
8.799997,40.27048,0.00957352,52.71365
8.819997,40.28003,0.009546838,52.70819
8.839997,40.28955,0.009520229,52.70276
8.859997,40.29904,0.009493696,52.69735
8.879997,40.30851,0.009467235,52.69195
8.899997,40.31795,0.009440849,52.68658
8.919997,40.32737,0.009414537,52.68122
8.939997,40.33675,0.009388297,52.67588
8.959997,40.34612,0.009362131,52.67057
8.979997,40.35545,0.009336038,52.66527
8.999997,40.36476,0.009310018,52.65999
9.019997,40.37405,0.00928407,52.65473
9.039997,40.3833,0.009258194,52.64949
9.059997,40.39254,0.009232392,52.64426
9.079997,40.40174,0.00920666,52.63906
9.099997,40.41092,0.009181002,52.63387
9.119997,40.42008,0.009155414,52.6287
9.139997,40.42921,0.009129897,52.62355
9.159997,40.43831,0.009104451,52.61842
9.179996,40.44739,0.009079077,52.61331
9.199997,40.45644,0.009053774,52.60822
9.219996,40.46547,0.00902854,52.60314
9.239997,40.47448,0.009003377,52.59808
9.259996,40.48346,0.008978283,52.59304
9.279997,40.49241,0.00895326,52.58801
9.299996,40.50134,0.008928305,52.58301
9.319997,40.51024,0.008903421,52.57802
9.339996,40.51912,0.008878607,52.57305
9.359997,40.52797,0.008853863,52.56809
9.379996,40.5368,0.008829188,52.56316
9.399997,40.54561,0.008804579,52.55824
9.419996,40.55439,0.008780041,52.55334
9.439997,40.56314,0.008755569,52.54845
9.459996,40.57188,0.008731168,52.54359
9.479997,40.58058,0.008706834,52.53874
9.499996,40.58926,0.008682568,52.53391
9.519997,40.59792,0.008658369,52.52909
9.539996,40.60656,0.008634236,52.52429
9.559997,40.61517,0.008610173,52.51951
9.579997,40.62375,0.008586176,52.51474
9.599997,40.63232,0.008562246,52.50999
9.619997,40.64085,0.008538382,52.50526
9.639997,40.64937,0.008514586,52.50054
9.659997,40.65786,0.008490855,52.49584
9.679996,40.66633,0.008467191,52.49116
9.699997,40.67477,0.008443591,52.48649
9.719996,40.68319,0.00842006,52.48184
9.739997,40.69159,0.008396594,52.47721
9.759996,40.69996,0.008373192,52.47259
9.779997,40.70831,0.008349854,52.46799
9.799996,40.71664,0.008326584,52.4634
9.819997,40.72494,0.008303376,52.45883
9.839996,40.73322,0.008280233,52.45427
9.859997,40.74148,0.008257154,52.44973
9.879996,40.74972,0.008234141,52.44521
9.899997,40.75793,0.008211191,52.4407
9.919996,40.76612,0.008188305,52.43621
9.939997,40.77429,0.008165484,52.43173
9.959996,40.78243,0.008142725,52.42727
9.979997,40.79055,0.008120029,52.42282
9.999996,40.79865,0.008097398,52.4184
10.02,40.80673,0.008074828,52.41398
10.04,40.81478,0.008052323,52.40958
10.06,40.82281,0.00802988,52.40519
10.08,40.83082,0.008007501,52.40083
10.1,40.8388,0.007985184,52.39647
10.12,40.84676,0.007962929,52.39213
10.14,40.85471,0.007940737,52.3878
10.16,40.86263,0.007918605,52.38349
10.18,40.87052,0.007896535,52.3792
10.2,40.8784,0.007874527,52.37492
10.22,40.88625,0.007852581,52.37065
10.24,40.89408,0.007830694,52.3664
10.26,40.90189,0.007808869,52.36216
10.28,40.90968,0.007787106,52.35794
10.3,40.91744,0.007765404,52.35373
10.32,40.92519,0.00774376,52.34954
10.34,40.93291,0.007722178,52.34536
10.36,40.94061,0.007700656,52.34119
10.38,40.94829,0.007679194,52.33704
10.4,40.95594,0.007657791,52.33291
10.42,40.96358,0.007636449,52.32878
10.44,40.9712,0.007615165,52.32468
10.46,40.97879,0.007593941,52.32058
10.48,40.98636,0.007572777,52.3165
10.5,40.99392,0.00755167,52.31243
10.52,41.00145,0.007530622,52.30838
10.54,41.00896,0.007509635,52.30434
10.56,41.01645,0.007488705,52.30032
10.58,41.02391,0.007467834,52.2963
10.6,41.03136,0.00744702,52.2923
10.62,41.03879,0.007426265,52.28832
10.64,41.04619,0.007405567,52.28435
10.66,41.05358,0.007384927,52.28039
10.68,41.06094,0.007364345,52.27645
10.7,41.06829,0.007343818,52.27251
10.72,41.07561,0.00732335,52.2686
10.74,41.08291,0.007302938,52.26469
10.76,41.09019,0.007282585,52.2608
10.78,41.09746,0.007262289,52.25692
10.8,41.1047,0.007242048,52.25306
10.82,41.11192,0.007221865,52.24921
10.84,41.11912,0.007201737,52.24537
10.86,41.1263,0.007181666,52.24154
10.88,41.13346,0.007161649,52.23772
10.9,41.14061,0.007141689,52.23392
10.92,41.14773,0.007121785,52.23014
10.94,41.15483,0.007101936,52.22636
10.96,41.16191,0.007082143,52.2226
10.98,41.16898,0.007062404,52.21885
11,41.17602,0.007042723,52.21511
11.02,41.18304,0.007023094,52.21139
11.04,41.19004,0.00700352,52.20767
11.06,41.19703,0.006984001,52.20397
11.08,41.20399,0.006964535,52.20029
11.1,41.21094,0.006945123,52.19661
11.12,41.21787,0.006925767,52.19295
11.14,41.22477,0.006906464,52.1893
11.16,41.23166,0.006887216,52.18566
11.18,41.23853,0.006868022,52.18203
11.2,41.24537,0.006848882,52.17842
11.22,41.2522,0.006829794,52.17481
11.24,41.25901,0.00681076,52.17123
11.26,41.2658,0.006791778,52.16765
11.28,41.27257,0.00677285,52.16408
11.3,41.27933,0.006753974,52.16053
11.32,41.28606,0.00673515,52.15698
11.34,41.29278,0.006716379,52.15345
11.36,41.29948,0.006697659,52.14993
11.38,41.30616,0.006678992,52.14642
11.4,41.31282,0.006660376,52.14293
11.42,41.31946,0.006641814,52.13944
11.44,41.32608,0.006623302,52.13597
11.46,41.33269,0.006604844,52.13251
11.48,41.33928,0.006586437,52.12906
11.5,41.34584,0.006568079,52.12562
11.52,41.35239,0.006549772,52.12219
11.54,41.35892,0.006531517,52.11878
11.56,41.36544,0.006513312,52.11537
11.58,41.37193,0.00649516,52.11198
11.6,41.37841,0.006477056,52.1086
11.62,41.38487,0.006459003,52.10523
11.64,41.39131,0.006441002,52.10187
11.66,41.39773,0.006423052,52.09852
11.68,41.40414,0.00640515,52.09518
11.7,41.41052,0.006387298,52.09186
11.72,41.41689,0.006369496,52.08854
11.74,41.42324,0.006351743,52.08524
11.76,41.42958,0.00633404,52.08194
11.78,41.43589,0.006316388,52.07866
11.8,41.44219,0.006298784,52.07539
11.82,41.44847,0.006281229,52.07212
11.84,41.45474,0.006263721,52.06887
11.86,41.46098,0.006246263,52.06564
11.88,41.46721,0.006228854,52.0624
11.9,41.47342,0.006211493,52.05919
11.92,41.47962,0.006194181,52.05598
11.94,41.48579,0.006176916,52.05278
11.96,41.49195,0.006159701,52.04959
11.98,41.4981,0.006142534,52.04641
12,41.50422,0.006125414,52.04325
12.02,41.51033,0.006108342,52.04009
12.04,41.51642,0.006091319,52.03695
12.06,41.5225,0.006074342,52.03381
12.08,41.52855,0.006057412,52.03069
12.1,41.53459,0.00604053,52.02757
12.12,41.54062,0.006023695,52.02446
12.14,41.54662,0.006006906,52.02137
12.16,41.55261,0.005990165,52.01829
12.18,41.55859,0.005973471,52.01521
12.2,41.56454,0.005956823,52.01215
12.22,41.57048,0.005940221,52.00909
12.24,41.57641,0.005923666,52.00605
12.26,41.58232,0.005907157,52.00301
12.28,41.58821,0.005890692,51.99998
12.3,41.59408,0.005874274,51.99697
12.32,41.59994,0.005857902,51.99397
12.34,41.60578,0.005841576,51.99097
12.36,41.61161,0.005825295,51.98798
12.38,41.61742,0.00580906,51.98501
12.4,41.62321,0.00579287,51.98204
12.42,41.62899,0.005776724,51.97908
12.44,41.63475,0.005760625,51.97614
12.46,41.64049,0.005744569,51.9732
12.48,41.64622,0.00572856,51.97027
12.5,41.65194,0.005712593,51.96735
12.52,41.65763,0.005696672,51.96444
12.54,41.66331,0.005680795,51.96154
12.56,41.66898,0.005664963,51.95865
12.58,41.67463,0.005649174,51.95577
12.6,41.68026,0.005633429,51.9529
12.62,41.68588,0.005617728,51.95004
12.64,41.69148,0.005602072,51.94718
12.66,41.69707,0.005586457,51.94434
12.68,41.70264,0.005570888,51.94151
12.7,41.70819,0.005555362,51.93868
12.72,41.71373,0.005539879,51.93586
12.74,41.71925,0.005524439,51.93305
12.76,41.72476,0.005509042,51.93026
12.78,41.73026,0.005493689,51.92747
12.8,41.73573,0.005478377,51.92468
12.82,41.7412,0.005463108,51.92191
12.84,41.74664,0.005447883,51.91915
12.86,41.75208,0.0054327,51.9164
12.88,41.75749,0.005417558,51.91365
12.9,41.76289,0.005402459,51.91092
12.92,41.76828,0.005387402,51.90819
12.94,41.77365,0.005372387,51.90547
12.96,41.77901,0.005357414,51.90276
12.98,41.78435,0.005342483,51.90005
13,41.78968,0.005327594,51.89736
13.02,41.79499,0.005312745,51.89468
13.04,41.80029,0.005297938,51.89201
13.06,41.80557,0.005283172,51.88934
13.08,41.81084,0.005268448,51.88668
13.1,41.81609,0.005253764,51.88403
13.12,41.82133,0.005239122,51.88139
13.14,41.82656,0.00522452,51.87875
13.16,41.83177,0.005209958,51.87613
13.18,41.83696,0.005195437,51.87351
13.2,41.84214,0.005180958,51.87091
13.22,41.84731,0.005166519,51.86831
13.24,41.85246,0.00515212,51.86572
13.26,41.8576,0.005137759,51.86313
13.27999,41.86272,0.005123439,51.86056
13.3,41.86783,0.005109159,51.85799
13.31999,41.87293,0.005094919,51.85543
13.34,41.87801,0.005080718,51.85288
13.35999,41.88308,0.005066557,51.85034
13.38,41.88813,0.005052436,51.84781
13.39999,41.89317,0.005038355,51.84528
13.42,41.89819,0.005024313,51.84276
13.43999,41.9032,0.005010311,51.84025
13.46,41.9082,0.004996347,51.83775
13.47999,41.91318,0.004982423,51.83526
13.5,41.91814,0.004968535,51.83277
13.51999,41.9231,0.004954689,51.83029
13.54,41.92804,0.004940879,51.82782
13.56,41.93297,0.004927109,51.82536
13.58,41.93788,0.004913376,51.8229
13.6,41.94278,0.004899683,51.82046
13.62,41.94767,0.004886028,51.81802
13.64,41.95254,0.00487241,51.81559
13.66,41.9574,0.004858831,51.81316
13.68,41.96224,0.004845288,51.81075
13.7,41.96708,0.004831783,51.80834
13.72,41.97189,0.004818315,51.80594
13.74,41.9767,0.004804885,51.80354
13.76,41.98149,0.004791493,51.80116
13.77999,41.98627,0.004778138,51.79878
13.8,41.99104,0.00476482,51.79641
13.81999,41.99579,0.00475154,51.79404
13.84,42.00053,0.004738297,51.79169
13.85999,42.00525,0.00472509,51.78934
13.88,42.00996,0.00471192,51.787
13.89999,42.01466,0.004698789,51.78467
13.92,42.01935,0.004685692,51.78234
13.93999,42.02402,0.004672633,51.78002
13.96,42.02868,0.00465961,51.77771
13.97999,42.03333,0.004646624,51.77541
14,42.03796,0.004633674,51.77311
14.01999,42.04258,0.004620758,51.77082
14.04,42.04719,0.00460788,51.76854
14.05999,42.05178,0.004595038,51.76626
14.08,42.05637,0.00458223,51.76399
14.09999,42.06094,0.004569459,51.76173
14.12,42.06549,0.004556724,51.75948
14.13999,42.07004,0.004544024,51.75723
14.16,42.07457,0.004531361,51.75499
14.17999,42.07909,0.004518732,51.75275
14.2,42.0836,0.004506138,51.75053
14.21999,42.08809,0.004493579,51.74831
14.24,42.09257,0.004481054,51.7461
14.25999,42.09704,0.004468564,51.7439
14.27999,42.10149,0.004456111,51.7417
14.29999,42.10594,0.004443693,51.73951
14.31999,42.11037,0.004431308,51.73732
14.34,42.11479,0.004418957,51.73515
14.35999,42.11919,0.004406641,51.73297
14.38,42.12359,0.00439436,51.73081
14.39999,42.12797,0.004382111,51.72865
14.42,42.13234,0.004369898,51.7265
14.43999,42.1367,0.004357717,51.72436
14.46,42.14104,0.004345573,51.72222
14.47999,42.14538,0.004333462,51.72009
14.5,42.1497,0.004321383,51.71796
14.51999,42.15401,0.00430934,51.71585
14.54,42.15831,0.004297329,51.71374
14.55999,42.16259,0.004285352,51.71163
14.58,42.16687,0.004273409,51.70954
14.59999,42.17113,0.004261499,51.70744
14.62,42.17538,0.004249622,51.70536
14.63999,42.17962,0.004237777,51.70329
14.66,42.18384,0.004225966,51.70121
14.67999,42.18806,0.004214188,51.69915
14.7,42.19226,0.004202442,51.69709
14.71999,42.19645,0.00419073,51.69504
14.74,42.20063,0.004179048,51.69299
14.75999,42.2048,0.0041674,51.69095
14.77999,42.20895,0.004155786,51.68892
14.79999,42.2131,0.004144205,51.68689
14.81999,42.21723,0.004132655,51.68487
14.83999,42.22135,0.004121138,51.68286
14.85999,42.22546,0.004109652,51.68085
14.87999,42.22955,0.0040982,51.67885
14.89999,42.23364,0.004086778,51.67685
14.91999,42.23771,0.004075389,51.67487
14.93999,42.24178,0.004064031,51.67288
14.95999,42.24583,0.004052705,51.67091
14.97999,42.24987,0.004041411,51.66893
14.99999,42.25389,0.004030148,51.66697
15.01999,42.25792,0.004018916,51.66501
15.03999,42.26192,0.004007714,51.66306
15.05999,42.26592,0.003996543,51.66111
15.07999,42.26991,0.003985405,51.65917
15.09999,42.27388,0.003974297,51.65723
15.12,42.27785,0.003963221,51.6553
15.13999,42.2818,0.003952176,51.65339
15.16,42.28574,0.003941162,51.65147
15.17999,42.28967,0.003930177,51.64956
15.2,42.29359,0.003919224,51.64765
15.21999,42.2975,0.003908301,51.64575
15.24,42.3014,0.003897408,51.64386
15.25999,42.30528,0.003886546,51.64198
15.27999,42.30916,0.003875713,51.64009
15.29999,42.31302,0.003864911,51.63821
15.31999,42.31688,0.00385414,51.63634
15.33999,42.32072,0.003843399,51.63448
15.35999,42.32455,0.003832686,51.63262
15.37999,42.32838,0.003822003,51.63077
15.39999,42.33219,0.003811351,51.62892
15.41999,42.33599,0.003800729,51.62708
15.43999,42.33978,0.003790137,51.62525
15.45999,42.34356,0.003779573,51.62342
15.47999,42.34733,0.003769038,51.62159
15.49999,42.35109,0.003758534,51.61977
15.51999,42.35484,0.00374806,51.61796
15.53999,42.35857,0.003737613,51.61615
15.55999,42.3623,0.003727195,51.61435
15.57999,42.36602,0.003716806,51.61256
15.59999,42.36972,0.003706449,51.61076
15.61999,42.37342,0.003696118,51.60898
15.63999,42.37711,0.003685818,51.6072
15.65999,42.38078,0.003675546,51.60542
15.67999,42.38445,0.003665302,51.60365
15.69999,42.3881,0.003655087,51.60189
15.71999,42.39175,0.0036449,51.60014
15.73999,42.39538,0.003634742,51.59838
15.75999,42.39901,0.003624611,51.59663
15.77999,42.40262,0.003614509,51.59489
15.79999,42.40623,0.003604435,51.59315
15.81999,42.40982,0.003594389,51.59142
15.83999,42.41341,0.003584371,51.5897
15.85999,42.41698,0.003574382,51.58797
15.87999,42.42054,0.003564419,51.58626
15.89999,42.4241,0.003554486,51.58455
15.91999,42.42764,0.003544578,51.58285
15.93999,42.43118,0.0035347,51.58115
15.95999,42.4347,0.003524847,51.57945
15.97999,42.43822,0.003515023,51.57776
15.99999,42.44172,0.003505227,51.57608
16.01999,42.44522,0.003495459,51.5744
16.04,42.4487,0.003485717,51.57272
16.05999,42.45218,0.003476001,51.57105
16.07999,42.45565,0.003466313,51.56939
16.09999,42.4591,0.003456653,51.56773
16.12,42.46255,0.003447019,51.56608
16.13999,42.46599,0.003437411,51.56443
16.15999,42.46942,0.003427831,51.56279
16.17999,42.47284,0.003418277,51.56115
16.2,42.47625,0.003408749,51.55951
16.21999,42.47964,0.003399247,51.55788
16.23999,42.48304,0.003389773,51.55626
16.25999,42.48642,0.003380324,51.55464
16.27999,42.48979,0.003370903,51.55303
16.29999,42.49315,0.003361508,51.55142
16.31999,42.4965,0.003352139,51.54981
16.33999,42.49984,0.003342797,51.54822
16.35999,42.50318,0.003333481,51.54662
16.37999,42.5065,0.00332419,51.54503
16.39999,42.50982,0.003314926,51.54345
16.41999,42.51312,0.003305688,51.54187
16.43999,42.51642,0.003296473,51.54029
16.45999,42.51971,0.003287286,51.53872
16.47999,42.52298,0.003278125,51.53716
16.49999,42.52625,0.003268989,51.53559
16.51999,42.52951,0.003259878,51.53404
16.53999,42.53276,0.003250792,51.53249
16.55999,42.53601,0.003241732,51.53094
16.57999,42.53924,0.003232697,51.5294
16.59999,42.54246,0.003223687,51.52786
16.61999,42.54568,0.003214703,51.52633
16.63999,42.54888,0.003205743,51.5248
16.65999,42.55208,0.003196808,51.52328
16.67999,42.55527,0.003187899,51.52176
16.69999,42.55844,0.003179013,51.52025
16.71999,42.56161,0.003170153,51.51874
16.73999,42.56478,0.003161317,51.51723
16.75999,42.56793,0.003152507,51.51573
16.77999,42.57107,0.003143722,51.51424
16.79999,42.57421,0.003134961,51.51274
16.81999,42.57734,0.003126224,51.51126
16.83999,42.58045,0.00311751,51.50977
16.85999,42.58356,0.003108822,51.5083
16.87999,42.58666,0.003100158,51.50682
16.89999,42.58975,0.003091518,51.50536
16.91999,42.59283,0.003082903,51.50389
16.93999,42.59591,0.00307431,51.50243
16.95999,42.59898,0.003065741,51.50098
16.97999,42.60203,0.003057196,51.49952
16.99999,42.60508,0.003048676,51.49808
17.01999,42.60812,0.00304018,51.49664
17.03999,42.61115,0.003031706,51.4952
17.05999,42.61418,0.003023256,51.49376
17.07999,42.61719,0.003014829,51.49233
17.09999,42.6202,0.003006427,51.49091
17.11999,42.6232,0.002998048,51.48949
17.13999,42.62619,0.002989693,51.48807
17.15999,42.62917,0.002981359,51.48666
17.17999,42.63214,0.00297305,51.48525
17.19999,42.63511,0.002964764,51.48385
17.21999,42.63806,0.002956502,51.48244
17.23999,42.64101,0.002948262,51.48105
17.25999,42.64395,0.002940045,51.47966
17.27999,42.64688,0.00293185,51.47827
17.29999,42.64981,0.002923678,51.47689
17.31999,42.65272,0.00291553,51.47551
17.33999,42.65563,0.002907405,51.47414
17.35999,42.65853,0.002899302,51.47277
17.37999,42.66142,0.002891221,51.4714
17.39999,42.6643,0.002883162,51.47004
17.41999,42.66718,0.002875127,51.46868
17.43999,42.67005,0.002867114,51.46733
17.45999,42.67291,0.002859123,51.46598
17.47999,42.67576,0.002851154,51.46463
17.49999,42.6786,0.002843208,51.46329
17.51999,42.68143,0.002835285,51.46195
17.53999,42.68426,0.002827383,51.46062
17.55999,42.68708,0.002819503,51.45929
17.57999,42.68989,0.002811646,51.45796
17.59999,42.6927,0.00280381,51.45664
17.61999,42.69549,0.002795996,51.45532
17.63999,42.69828,0.002788204,51.45401
17.65999,42.70106,0.002780432,51.4527
17.67999,42.70383,0.002772682,51.45139
17.69999,42.7066,0.002764954,51.45009
17.71999,42.70936,0.002757248,51.44879
17.73999,42.71211,0.002749563,51.4475
17.75999,42.71485,0.002741899,51.44621
17.77999,42.71759,0.002734257,51.44492
17.79999,42.72031,0.002726635,51.44364
17.81999,42.72303,0.002719035,51.44236
17.83999,42.72575,0.002711457,51.44109
17.85999,42.72845,0.002703899,51.43981
17.87999,42.73115,0.002696363,51.43855
17.89999,42.73384,0.002688848,51.43728
17.91999,42.73652,0.002681354,51.43602
17.93999,42.73919,0.00267388,51.43476
17.95999,42.74186,0.002666428,51.43351
17.97999,42.74452,0.002658997,51.43227
17.99999,42.74717,0.002651585,51.43102
18.01999,42.74981,0.002644195,51.42978
18.03999,42.75245,0.002636826,51.42854
18.05999,42.75508,0.002629477,51.42731
18.07999,42.7577,0.002622149,51.42608
18.09999,42.76031,0.002614842,51.42485
18.11999,42.76292,0.002607555,51.42363
18.13999,42.76552,0.002600286,51.42241
18.15999,42.76812,0.002593039,51.4212
18.17999,42.7707,0.002585812,51.41998
18.19999,42.77328,0.002578605,51.41877
18.21999,42.77585,0.002571419,51.41757
18.23999,42.77842,0.002564252,51.41637
18.25999,42.78097,0.002557106,51.41517
18.27999,42.78352,0.00254998,51.41398
18.29999,42.78606,0.002542873,51.41279
18.31999,42.7886,0.002535786,51.4116
18.33999,42.79113,0.002528718,51.41042
18.35999,42.79365,0.00252167,51.40923
18.37999,42.79617,0.002514643,51.40806
18.39999,42.79867,0.002507635,51.40689
18.41999,42.80117,0.002500646,51.40572
18.43999,42.80367,0.002493675,51.40455
18.45999,42.80616,0.002486725,51.40339
18.47999,42.80864,0.002479794,51.40223
18.49999,42.81111,0.002472884,51.40108
18.51999,42.81357,0.002465991,51.39993
18.53999,42.81603,0.002459119,51.39877
18.55999,42.81849,0.002452265,51.39763
18.57999,42.82093,0.00244543,51.39649
18.59999,42.82337,0.002438615,51.39535
18.61999,42.8258,0.002431819,51.39421
18.63999,42.82822,0.002425042,51.39308
18.65999,42.83064,0.002418283,51.39195
18.67999,42.83305,0.002411543,51.39083
18.69999,42.83546,0.002404823,51.38971
18.71999,42.83786,0.002398121,51.38859
18.73999,42.84025,0.002391437,51.38747
18.75999,42.84263,0.002384772,51.38636
18.77999,42.84501,0.002378126,51.38525
18.79999,42.84738,0.002371499,51.38415
18.81999,42.84975,0.002364889,51.38305
18.83999,42.8521,0.002358298,51.38195
18.85999,42.85445,0.002351726,51.38086
18.87999,42.8568,0.002345172,51.37976
18.89999,42.85914,0.002338635,51.37868
18.91999,42.86147,0.002332117,51.37759
18.93999,42.8638,0.002325618,51.37651
18.95999,42.86612,0.002319135,51.37543
18.97999,42.86843,0.002312671,51.37435
18.99999,42.87074,0.002306225,51.37328
19.01999,42.87304,0.002299797,51.37221
19.03999,42.87533,0.002293388,51.37114
19.05999,42.87762,0.002286997,51.37008
19.07999,42.8799,0.002280622,51.36902
19.09999,42.88217,0.002274266,51.36797
19.11999,42.88444,0.002267928,51.36691
19.13999,42.8867,0.002261606,51.36586
19.15999,42.88896,0.002255303,51.36481
19.17999,42.89121,0.002249018,51.36377
19.19999,42.89345,0.002242749,51.36272
19.21999,42.89569,0.002236499,51.36169
19.23999,42.89792,0.002230267,51.36065
19.25999,42.90014,0.002224049,51.35962
19.27999,42.90236,0.00221785,51.35859
19.29999,42.90457,0.002211669,51.35757
19.31999,42.90678,0.002205505,51.35654
19.33999,42.90898,0.002199359,51.35552
19.35999,42.91117,0.002193227,51.3545
19.37999,42.91336,0.002187114,51.35349
19.39999,42.91554,0.002181019,51.35248
19.41999,42.91771,0.00217494,51.35147
19.43999,42.91988,0.002168879,51.35046
19.45999,42.92205,0.002162833,51.34946
19.47999,42.9242,0.002156806,51.34846
19.49999,42.92635,0.002150795,51.34747
19.51999,42.9285,0.002144801,51.34647
19.53999,42.93064,0.002138823,51.34548
19.55999,42.93277,0.002132861,51.3445
19.57999,42.9349,0.002126917,51.34351
19.59999,42.93702,0.002120988,51.34253
19.61999,42.93913,0.002115076,51.34155
19.63999,42.94124,0.002109182,51.34058
19.65999,42.94334,0.002103303,51.3396
19.67999,42.94544,0.002097442,51.33863
19.69999,42.94753,0.002091596,51.33767
19.71999,42.94962,0.002085766,51.3367
19.73999,42.9517,0.002079953,51.33574
19.75999,42.95377,0.002074156,51.33478
19.77999,42.95584,0.002068374,51.33382
19.79999,42.9579,0.00206261,51.33287
19.81999,42.95996,0.002056861,51.33192
19.83999,42.96201,0.002051128,51.33097
19.85999,42.96406,0.002045411,51.33003
19.87999,42.9661,0.002039711,51.32909
19.89999,42.96813,0.002034026,51.32815
19.91999,42.97016,0.002028357,51.32721
19.93999,42.97218,0.002022703,51.32628
19.95999,42.9742,0.002017065,51.32535
19.97999,42.97621,0.002011444,51.32442
19.99999,42.97822,0.002005839,51.32349
20.01999,42.98022,0.002000249,51.32257
20.03999,42.98221,0.001994675,51.32165
20.05999,42.9842,0.001989116,51.32073
20.07999,42.98618,0.001983574,51.31982
20.09999,42.98816,0.001978046,51.31891
20.11999,42.99014,0.001972532,51.318
20.13999,42.9921,0.001967035,51.31709
20.15999,42.99406,0.001961553,51.31618
20.17999,42.99602,0.001956087,51.31528
20.19999,42.99797,0.001950634,51.31438
20.21999,42.99992,0.001945198,51.31349
20.23999,43.00186,0.001939776,51.3126
20.25999,43.00379,0.001934368,51.31171
20.27999,43.00572,0.001928977,51.31082
20.29999,43.00764,0.001923601,51.30993
20.31999,43.00956,0.00191824,51.30905
20.33999,43.01147,0.001912892,51.30817
20.35999,43.01338,0.001907562,51.30729
20.37999,43.01529,0.001902246,51.30642
20.39999,43.01718,0.001896943,51.30554
20.41999,43.01907,0.001891656,51.30467
20.43999,43.02096,0.001886384,51.30381
20.45999,43.02284,0.001881125,51.30294
20.47999,43.02472,0.001875882,51.30208
20.49999,43.02659,0.001870654,51.30122
20.51999,43.02845,0.001865441,51.30036
20.53999,43.03032,0.001860242,51.29951
20.55999,43.03217,0.001855056,51.29865
20.57999,43.03402,0.001849886,51.2978
20.59999,43.03587,0.001844731,51.29696
20.61999,43.0377,0.001839589,51.29611
20.63999,43.03954,0.001834463,51.29527
20.65999,43.04137,0.00182935,51.29443
20.67999,43.04319,0.00182425,51.29359
20.69999,43.04501,0.001819167,51.29276
20.71999,43.04683,0.001814096,51.29192
20.73999,43.04864,0.00180904,51.29109
20.75999,43.05044,0.001803998,51.29026
20.77999,43.05224,0.001798969,51.28944
20.79999,43.05404,0.001793955,51.28862
20.81999,43.05582,0.001788955,51.2878
20.83999,43.05761,0.001783969,51.28698
20.85999,43.05939,0.001778997,51.28616
20.87999,43.06116,0.001774039,51.28535
20.89999,43.06293,0.001769094,51.28454
20.91999,43.06469,0.001764162,51.28373
20.93999,43.06645,0.001759247,51.28292
20.95999,43.06821,0.001754344,51.28212
20.97999,43.06996,0.001749455,51.28131
20.99999,43.0717,0.001744578,51.28052
21.01999,43.07344,0.001739715,51.27972
21.03999,43.07518,0.001734867,51.27892
21.05999,43.07691,0.001730032,51.27813
21.07999,43.07863,0.00172521,51.27734
21.09999,43.08035,0.001720403,51.27655
21.11999,43.08207,0.001715608,51.27577
21.13999,43.08378,0.001710826,51.27499
21.15999,43.08548,0.001706059,51.2742
21.17999,43.08718,0.001701304,51.27343
21.19999,43.08888,0.001696563,51.27265
21.21999,43.09058,0.001691834,51.27187
21.23999,43.09226,0.001687118,51.2711
21.25999,43.09394,0.001682416,51.27033
21.27999,43.09562,0.001677727,51.26957
21.29999,43.0973,0.001673052,51.2688
21.31999,43.09896,0.001668388,51.26804
21.33999,43.10063,0.00166374,51.26728
21.35999,43.10229,0.001659103,51.26652
21.37999,43.10394,0.001654478,51.26576
21.39999,43.10559,0.001649866,51.26501
21.41999,43.10724,0.001645267,51.26426
21.43999,43.10888,0.001640683,51.26351
21.45999,43.11052,0.001636111,51.26276
21.47999,43.11215,0.00163155,51.26202
21.49999,43.11378,0.001627002,51.26127
21.51999,43.1154,0.001622467,51.26053
21.53999,43.11702,0.001617947,51.25979
21.55999,43.11863,0.001613437,51.25906
21.57999,43.12024,0.001608941,51.25832
21.59999,43.12185,0.001604457,51.25759
21.61999,43.12344,0.001599984,51.25686
21.63999,43.12504,0.001595526,51.25613
21.65999,43.12663,0.00159108,51.25541
21.67999,43.12822,0.001586646,51.25468
21.69999,43.1298,0.001582224,51.25396
21.71999,43.13138,0.001577813,51.25324
21.73999,43.13295,0.001573415,51.25252
21.75999,43.13452,0.00156903,51.25181
21.77999,43.13608,0.001564658,51.25109
21.79999,43.13764,0.001560297,51.25038
21.81999,43.1392,0.001555948,51.24967
21.83999,43.14075,0.00155161,51.24896
21.85999,43.1423,0.001547286,51.24826
21.87999,43.14384,0.001542972,51.24756
21.89999,43.14538,0.001538673,51.24686
21.91999,43.14691,0.001534385,51.24615
21.93999,43.14844,0.001530109,51.24546
21.95999,43.14997,0.001525845,51.24477
21.97999,43.15149,0.001521591,51.24407
21.99999,43.15301,0.001517351,51.24338
22.01999,43.15452,0.001513121,51.24269
22.03999,43.15603,0.001508902,51.242
22.05999,43.15754,0.001504696,51.24132
22.07999,43.15903,0.001500503,51.24063
22.09999,43.16053,0.001496321,51.23995
22.11999,43.16202,0.001492152,51.23927
22.13999,43.16351,0.001487993,51.2386
22.15999,43.16499,0.001483846,51.23792
22.17999,43.16647,0.00147971,51.23725
22.19999,43.16795,0.001475586,51.23658
22.21999,43.16942,0.001471473,51.23591
22.23999,43.17089,0.001467372,51.23524
22.25999,43.17236,0.001463281,51.23458
22.27999,43.17382,0.001459201,51.23391
22.29999,43.17527,0.001455134,51.23325
22.31999,43.17672,0.00145108,51.23259
22.33999,43.17817,0.001447037,51.23193
22.35999,43.17961,0.001443005,51.23128
22.37999,43.18105,0.001438984,51.23063
22.39999,43.18248,0.001434973,51.22997
22.41999,43.18391,0.001430974,51.22932
22.43999,43.18534,0.001426986,51.22868
22.45999,43.18676,0.001423008,51.22803
22.47999,43.18818,0.001419042,51.22738
22.49999,43.18959,0.001415087,51.22674
22.51999,43.19101,0.001411142,51.2261
22.53999,43.19241,0.001407209,51.22546
22.55999,43.19382,0.001403286,51.22482
22.57999,43.19522,0.001399375,51.22419
22.59999,43.19661,0.001395474,51.22356
22.61999,43.19801,0.001391585,51.22292
22.63999,43.19939,0.001387706,51.22229
22.65999,43.20078,0.001383839,51.22166
22.67999,43.20216,0.001379982,51.22104
22.69999,43.20354,0.001376136,51.22041
22.71999,43.20491,0.0013723,51.21979
22.73999,43.20628,0.001368474,51.21917
22.75999,43.20765,0.00136466,51.21855
22.77999,43.20901,0.001360856,51.21793
22.79999,43.21037,0.001357064,51.21732
22.81999,43.21172,0.00135328,51.21671
22.83999,43.21307,0.001349507,51.21609
22.85999,43.21442,0.001345746,51.21548
22.87999,43.21576,0.001341995,51.21487
22.89999,43.2171,0.001338254,51.21427
22.91999,43.21843,0.001334524,51.21366
22.93999,43.21976,0.001330804,51.21306
22.95999,43.22109,0.001327095,51.21246
22.97999,43.22242,0.001323396,51.21186
22.99999,43.22374,0.001319708,51.21126
23.01999,43.22505,0.00131603,51.21066
23.03999,43.22636,0.001312362,51.21007
23.05999,43.22767,0.001308705,51.20948
23.07999,43.22898,0.001305057,51.20889
23.09999,43.23028,0.001301419,51.2083
23.11999,43.23158,0.001297793,51.20771
23.13999,43.23287,0.001294176,51.20712
23.15999,43.23416,0.00129057,51.20654
23.17999,43.23544,0.001286973,51.20596
23.19999,43.23672,0.001283387,51.20538
23.21999,43.238,0.00127981,51.2048
23.23999,43.23928,0.001276244,51.20422
23.25999,43.24055,0.001272686,51.20364
23.27999,43.24183,0.001269138,51.20307
23.29999,43.24309,0.0012656,51.2025
23.31999,43.24435,0.001262072,51.20193
23.33999,43.24561,0.001258554,51.20135
23.35999,43.24687,0.001255046,51.20079
23.37999,43.24812,0.001251548,51.20023
23.39999,43.24937,0.001248061,51.19966
23.41999,43.25061,0.001244583,51.1991
23.43999,43.25185,0.001241114,51.19854
23.45999,43.25309,0.001237656,51.19798
23.47999,43.25432,0.001234207,51.19742
23.49999,43.25555,0.001230766,51.19686
23.51999,43.25678,0.001227335,51.19631
23.53999,43.25801,0.001223914,51.19576
23.55999,43.25923,0.001220501,51.19521
23.57999,43.26044,0.0012171,51.19465
23.59999,43.26166,0.001213708,51.19411
23.61999,43.26287,0.001210325,51.19356
23.63999,43.26407,0.001206953,51.19302
23.65999,43.26528,0.00120359,51.19247
23.67999,43.26648,0.001200234,51.19193
23.69999,43.26768,0.001196888,51.19139
23.71999,43.26887,0.001193552,51.19085
23.73999,43.27006,0.001190226,51.19031
23.75999,43.27125,0.001186909,51.18977
23.77999,43.27243,0.001183601,51.18924
23.79999,43.27361,0.001180302,51.18871
23.81999,43.27479,0.001177014,51.18818
23.83999,43.27596,0.001173734,51.18764
23.85999,43.27713,0.001170462,51.18712
23.87999,43.2783,0.0011672,51.18659
23.89999,43.27946,0.001163946,51.18607
23.91999,43.28062,0.001160703,51.18555
23.93999,43.28178,0.001157468,51.18502
23.95999,43.28294,0.001154242,51.1845
23.97999,43.28409,0.001151023,51.18398
23.99999,43.28524,0.001147814,51.18346
24.01999,43.28638,0.001144616,51.18295
24.03999,43.28752,0.001141427,51.18243
24.05999,43.28866,0.001138247,51.18192
24.07999,43.28979,0.001135076,51.18141
24.09999,43.29093,0.001131912,51.1809
24.11999,43.29206,0.001128758,51.18039
24.13999,43.29318,0.001125612,51.17989
24.15999,43.2943,0.001122476,51.17937
24.17999,43.29542,0.001119347,51.17887
24.19999,43.29654,0.001116228,51.17837
24.21999,43.29765,0.001113115,51.17787
24.23999,43.29876,0.001110012,51.17737
24.25999,43.29987,0.001106918,51.17687
24.27999,43.30097,0.001103833,51.17637
24.29999,43.30207,0.001100757,51.17588
24.31999,43.30317,0.001097689,51.17538
24.33999,43.30427,0.00109463,51.17489
24.35999,43.30536,0.001091579,51.1744
24.37999,43.30645,0.001088536,51.17391
24.39999,43.30753,0.001085503,51.17342
24.41999,43.30862,0.001082476,51.17293
24.43999,43.3097,0.001079459,51.17245
24.45999,43.31077,0.001076451,51.17196
24.47999,43.31184,0.001073452,51.17148
24.49999,43.31292,0.00107046,51.171
24.51999,43.31398,0.001067476,51.17052
24.53999,43.31505,0.001064501,51.17004
24.55999,43.31611,0.001061535,51.16956
24.57999,43.31717,0.001058576,51.16908
24.59999,43.31822,0.001055626,51.16861
24.61999,43.31927,0.001052684,51.16814
24.63999,43.32032,0.001049751,51.16766
24.65999,43.32137,0.001046825,51.16719
24.67999,43.32241,0.001043908,51.16673
24.69999,43.32346,0.001040999,51.16625
24.71999,43.32449,0.001038097,51.16579
24.73999,43.32553,0.001035204,51.16532
24.75999,43.32656,0.00103232,51.16486
24.77999,43.32759,0.001029442,51.1644
24.79999,43.32862,0.001026572,51.16393
24.81999,43.32964,0.001023712,51.16348
24.83999,43.33066,0.00102086,51.16302
24.85999,43.33168,0.001018014,51.16256
24.87999,43.3327,0.001015176,51.1621
24.89999,43.33371,0.001012347,51.16164
24.91999,43.33472,0.001009526,51.16119
24.93999,43.33572,0.001006711,51.16074
24.95999,43.33673,0.001003906,51.16029
24.97999,43.33773,0.001001108,51.15984
24.99999,43.33873,0.0009983197,51.15939
25.01999,43.33972,0.0009955365,51.15894
25.03999,43.34071,0.0009927625,51.1585
25.05999,43.34171,0.0009899957,51.15805
25.07999,43.34269,0.0009872363,51.15761
25.09999,43.34368,0.0009844841,51.15717
25.11999,43.34466,0.0009817411,51.15673
25.13999,43.34564,0.0009790055,51.15629
25.15999,43.34661,0.000976277,51.15585
25.17999,43.34759,0.000973556,51.15541
25.19999,43.34856,0.0009708423,51.15498
25.21999,43.34953,0.0009681359,51.15454
25.23999,43.35049,0.0009654368,51.15411
25.25999,43.35146,0.0009627469,51.15368
25.27999,43.35242,0.0009600642,51.15325
25.29999,43.35337,0.0009573871,51.15282
25.31999,43.35433,0.0009547191,51.15239
25.33999,43.35528,0.0009520584,51.15196
25.35999,43.35623,0.000949405,51.15154
25.37999,43.35718,0.0009467589,51.15111
25.39999,43.35812,0.0009441202,51.15069
25.41999,43.35906,0.0009414906,51.15027
25.43999,43.36,0.0009388665,51.14985
25.45999,43.36094,0.0009362496,51.14943
25.47999,43.36187,0.0009336401,51.14901
25.49999,43.3628,0.0009310379,51.14859
25.51999,43.36373,0.0009284431,51.14817
25.53999,43.36465,0.0009258555,51.14776
25.55999,43.36558,0.0009232753,51.14734
25.57999,43.3665,0.0009207024,51.14693
25.59999,43.36742,0.0009181368,51.14652
25.61999,43.36833,0.0009155768,51.14611
25.63999,43.36924,0.0009130258,51.1457
25.65999,43.37016,0.000910482,51.14529
25.67999,43.37106,0.0009079439,51.14489
25.69999,43.37197,0.0009054131,51.14448
25.71999,43.37287,0.0009028895,51.14407
25.73999,43.37377,0.0009003733,51.14367
25.75999,43.37467,0.0008978644,51.14327
25.77999,43.37556,0.0008953628,51.14287
25.79999,43.37646,0.0008928666,51.14247
25.81999,43.37735,0.0008903779,51.14207
25.83999,43.37823,0.0008878963,51.14167
25.85999,43.37912,0.0008854222,51.14127
25.87999,43.38,0.0008829553,51.14088
25.89999,43.38088,0.0008804957,51.14049
25.91999,43.38176,0.0008780417,51.14009
25.93999,43.38264,0.000875595,51.1397
25.95999,43.38351,0.0008731537,51.13931
25.97999,43.38438,0.0008707197,51.13892
25.99999,43.38525,0.0008682932,51.13853
26.01999,43.38612,0.000865872,51.13815
26.03999,43.38698,0.0008634581,51.13776
26.05999,43.38784,0.0008610517,51.13737
26.07999,43.3887,0.0008586507,51.13699
26.09999,43.38955,0.000856257,51.1366
26.11999,43.39041,0.0008538705,51.13622
26.13999,43.39126,0.0008514896,51.13584
26.15999,43.39211,0.000849116,51.13546
26.17999,43.39296,0.0008467479,51.13508
26.19999,43.3938,0.0008443872,51.1347
26.21999,43.39464,0.0008420337,51.13433
26.23999,43.39548,0.0008396857,51.13395
26.25999,43.39632,0.000837345,51.13358
26.27999,43.39716,0.0008350098,51.1332
26.29999,43.39799,0.0008326819,51.13283
26.31999,43.39882,0.0008303614,51.13246
26.33999,43.39965,0.0008280462,51.13209
26.35999,43.40047,0.0008257385,51.13172
26.37999,43.40129,0.0008234381,51.13135
26.39999,43.40211,0.000821143,51.13099
26.41999,43.40294,0.0008188555,51.13062
26.43999,43.40375,0.0008165733,51.13026
26.45999,43.40456,0.0008142984,51.12989
26.47999,43.40538,0.0008120291,51.12952
26.49999,43.40619,0.0008097652,51.12917
26.51999,43.40699,0.0008075087,51.12881
26.53999,43.4078,0.0008052576,51.12844
26.55999,43.4086,0.0008030138,51.12809
26.57999,43.4094,0.0008007755,51.12773
26.59999,43.4102,0.0007985428,51.12737
26.61999,43.411,0.0007963173,51.12701
26.63999,43.41179,0.0007940973,51.12666
26.65999,43.41259,0.0007918846,51.1263
26.67999,43.41338,0.0007896774,51.12595
26.69999,43.41416,0.0007874757,51.1256
26.71999,43.41495,0.0007852814,51.12525
26.73999,43.41573,0.0007830924,51.1249
26.75999,43.41651,0.0007809108,51.12455
26.77999,43.41729,0.0007787347,51.12421
26.79999,43.41807,0.0007765641,51.12386
26.81999,43.41884,0.000774399,51.12351
26.83999,43.41961,0.0007722412,51.12317
26.85999,43.42038,0.0007700889,51.12283
26.87999,43.42115,0.0007679421,51.12248
26.89999,43.42192,0.0007658025,51.12214
26.91999,43.42268,0.0007636685,51.1218
26.93999,43.42344,0.0007615399,51.12146
26.95999,43.4242,0.0007594168,51.12112
26.97999,43.42496,0.0007573011,51.12078
26.99999,43.42572,0.000755189,51.12045
27.01999,43.42647,0.0007530842,51.12011
27.03999,43.42722,0.0007509867,51.11977
27.05999,43.42797,0.0007488929,51.11944
27.07999,43.42871,0.0007468064,51.11911
27.09999,43.42946,0.0007447254,51.11877
27.11999,43.4302,0.0007426499,51.11844
27.13999,43.43094,0.0007405799,51.11811
27.15999,43.43168,0.0007385153,51.11778
27.17999,43.43242,0.0007364562,51.11745
27.19999,43.43316,0.0007344045,51.11713
27.21999,43.43389,0.0007323564,51.1168
27.23999,43.43462,0.0007303156,51.11647
27.25999,43.43534,0.0007282803,51.11615
27.27999,43.43607,0.0007262505,51.11583
27.29999,43.43679,0.0007242262,51.1155
27.31999,43.43752,0.0007222074,51.11518
27.33999,43.43824,0.0007201958,51.11486
27.35999,43.43895,0.0007181879,51.11454
27.37999,43.43967,0.0007161874,51.11422
27.39999,43.44038,0.0007141905,51.1139
27.41999,43.4411,0.0007122009,51.11359
27.43999,43.44181,0.000710215,51.11327
27.45999,43.44252,0.0007082364,51.11295
27.47999,43.44322,0.0007062615,51.11264
27.49999,43.44393,0.0007042938,51.11232
27.51999,43.44463,0.0007023299,51.11201
27.53999,43.44533,0.0007003732,51.1117
27.55999,43.44603,0.0006984202,51.11139
27.57999,43.44673,0.0006964745,51.11108
27.59999,43.44742,0.0006945325,51.11076
27.61999,43.44812,0.0006925978,51.11046
27.63999,43.44881,0.0006906667,51.11015
27.65999,43.4495,0.0006887411,51.10984
27.67999,43.45018,0.000686821,51.10954
27.69999,43.45087,0.0006849064,51.10923
27.71999,43.45155,0.0006829973,51.10892
27.73999,43.45224,0.0006810937,51.10862
27.75999,43.45292,0.0006791937,51.10832
27.77999,43.45359,0.0006773011,51.10802
27.79999,43.45427,0.0006754121,51.10772
27.81999,43.45494,0.0006735304,51.10742
27.83999,43.45562,0.0006716524,51.10712
27.85999,43.45629,0.0006697798,51.10682
27.87999,43.45695,0.0006679128,51.10652
27.89999,43.45762,0.0006660512,51.10623
27.91999,43.45829,0.0006641932,51.10593
27.93999,43.45895,0.0006623426,51.10564
27.95999,43.45961,0.0006604957,51.10534
27.97999,43.46027,0.0006586543,51.10505
27.99999,43.46093,0.0006568183,51.10476
28.01999,43.46158,0.0006549878,51.10447
28.03999,43.46223,0.000653161,51.10417
28.05999,43.46289,0.0006513415,51.10388
28.07999,43.46354,0.0006495256,51.1036
28.09999,43.46418,0.0006477152,51.10331
28.11999,43.46483,0.0006459103,51.10302
28.13999,43.46547,0.000644111,51.10273
28.15999,43.46611,0.0006423152,51.10245
28.17999,43.46675,0.000640525,51.10216
28.19999,43.46739,0.0006387402,51.10188
28.21999,43.46803,0.0006369609,51.10159
28.23999,43.46867,0.0006351853,51.10131
28.25999,43.4693,0.0006334133,51.10103
28.27999,43.46993,0.0006316487,51.10075
28.29999,43.47056,0.0006298877,51.10047
28.31999,43.47119,0.0006281322,51.10019
28.33999,43.47182,0.0006263803,51.09991
28.35999,43.47244,0.0006246358,51.09963
28.37999,43.47306,0.0006228949,51.09936
28.39999,43.47369,0.0006211595,51.09908
28.41999,43.4743,0.0006194278,51.0988
28.43999,43.47492,0.0006177015,51.09853
28.45999,43.47554,0.000615979,51.09826
28.47999,43.47615,0.0006142636,51.09798
28.49999,43.47676,0.000612552,51.09771
28.51999,43.47738,0.0006108441,51.09744
28.53999,43.47799,0.0006091416,51.09717
28.55999,43.47859,0.0006074428,51.0969
28.57999,43.4792,0.0006057494,51.09663
28.59999,43.4798,0.0006040616,51.09636
28.61999,43.4804,0.0006023793,51.09609
28.63999,43.481,0.0006007006,51.09583
28.65999,43.4816,0.0005990273,51.09556
28.67999,43.4822,0.0005973577,51.09529
28.69999,43.4828,0.0005956918,51.09503
28.71999,43.48339,0.0005940314,51.09476
28.73999,43.48398,0.0005923747,51.0945
28.75999,43.48457,0.0005907234,51.09424
28.77999,43.48516,0.0005890776,51.09398
28.79999,43.48575,0.0005874372,51.09372
28.81999,43.48634,0.0005858006,51.09346
28.83999,43.48692,0.0005841676,51.0932
28.85999,43.4875,0.0005825401,51.09294
28.87999,43.48808,0.0005809163,51.09268
28.89999,43.48866,0.000579298,51.09242
28.91999,43.48924,0.0005776832,51.09217
28.93999,43.48981,0.000576074,51.09191
28.95999,43.49039,0.0005744685,51.09166
28.97999,43.49096,0.0005728665,51.0914
28.99999,43.49154,0.0005712701,51.09115
29.01999,43.4921,0.0005696774,51.0909
29.03999,43.49267,0.0005680901,51.09064
29.05999,43.49324,0.0005665065,51.09039
29.07999,43.4938,0.0005649265,51.09014
29.09999,43.49437,0.0005633521,51.08989
29.11999,43.49493,0.0005617812,51.08964
29.13999,43.49549,0.0005602159,51.08939
29.15999,43.49605,0.0005586543,51.08914
29.17999,43.4966,0.000557098,51.0889
29.19999,43.49716,0.0005555455,51.08865
29.21999,43.49771,0.0005539967,51.0884
29.23999,43.49827,0.0005524533,51.08816
29.25999,43.49882,0.0005509136,51.08791
29.27999,43.49937,0.0005493793,51.08767
29.29999,43.49992,0.0005478487,51.08743
29.31999,43.50046,0.0005463218,51.08718
29.33999,43.50101,0.0005448003,51.08694
29.35999,43.50155,0.0005432807,51.0867
29.37999,43.50209,0.0005417666,51.08646
29.39999,43.50263,0.0005402561,51.08622
29.41999,43.50317,0.0005387493,51.08598
29.43999,43.50371,0.000537248,51.08574
29.45999,43.50424,0.0005357503,51.0855
29.47999,43.50478,0.0005342581,51.08527
29.49999,43.50531,0.0005327696,51.08503
29.51999,43.50584,0.0005312847,51.0848
29.53999,43.50637,0.0005298054,51.08456
29.55999,43.5069,0.0005283278,51.08433
29.57999,43.50742,0.0005268558,51.08409
29.59999,43.50795,0.0005253874,51.08386
29.61999,43.50847,0.0005239226,51.08363
29.63999,43.509,0.0005224633,51.0834
29.65999,43.50952,0.0005210077,51.08316
29.67999,43.51004,0.0005195558,51.08294
29.69999,43.51056,0.0005181074,51.0827
29.71999,43.51107,0.0005166628,51.08247
29.73999,43.51159,0.0005152237,51.08224
29.75999,43.5121,0.0005137882,51.08202
29.77999,43.51261,0.0005123563,51.08179
29.79999,43.51312,0.0005109282,51.08157
29.81999,43.51363,0.0005095036,51.08134
29.83999,43.51414,0.0005080828,51.08112
29.85999,43.51465,0.0005066674,51.08089
29.87999,43.51515,0.0005052557,51.08067
29.89999,43.51566,0.0005038476,51.08044
29.91999,43.51616,0.0005024432,51.08022
29.93999,43.51666,0.0005010425,51.08
29.95999,43.51716,0.0004996472,51.07978
29.97999,43.51766,0.0004982537,51.07956
29.99999,43.51815,0.000496864,51.07933
30.01999,43.51865,0.0004954797,51.07912
30.03999,43.51915,0.000494099,51.0789
30.05999,43.51964,0.0004927202,51.07868
30.07999,43.52013,0.0004913469,51.07846
30.09999,43.52062,0.0004899773,51.07824
30.11999,43.52111,0.0004886131,51.07803
30.13999,43.5216,0.0004872507,51.07781
30.15999,43.52208,0.0004858921,51.07759
30.17999,43.52256,0.0004845388,51.07738
30.19999,43.52305,0.0004831893,51.07716
30.21999,43.52353,0.0004818416,51.07695
30.23999,43.52401,0.0004804993,51.07674
30.25999,43.52449,0.0004791607,51.07653
30.27999,43.52497,0.000477824,51.07632
30.29999,43.52544,0.0004764927,51.0761
30.31999,43.52592,0.0004751651,51.07589
30.33999,43.52639,0.0004738394,51.07568
30.35999,43.52687,0.0004725191,51.07548
30.37999,43.52734,0.0004712025,51.07526
30.39999,43.52781,0.0004698876,51.07506
30.41999,43.52828,0.0004685783,51.07485
30.43999,43.52874,0.0004672726,51.07465
30.45999,43.52921,0.0004659707,51.07444
30.47999,43.52967,0.0004646723,51.07423
30.49999,43.53014,0.0004633777,51.07403
30.51999,43.5306,0.0004620866,51.07382
30.53999,43.53106,0.0004607993,51.07362
30.55999,43.53152,0.0004595137,51.07341
30.57999,43.53197,0.0004582336,51.07321
30.59999,43.53243,0.0004569572,51.07301
30.61999,43.53289,0.0004556826,51.07281
30.63999,43.53334,0.0004544136,51.07261
30.65999,43.53379,0.0004531482,51.0724
30.67999,43.53424,0.0004518846,51.0722
30.69999,43.53469,0.0004506264,51.07201
30.71999,43.53514,0.0004493702,51.07181
30.73999,43.53559,0.0004481175,51.07161
30.75999,43.53604,0.0004468685,51.07141
30.77999,43.53648,0.0004456232,51.07121
30.79999,43.53693,0.0004443816,51.07101
30.81999,43.53737,0.0004431435,51.07082
30.83999,43.53781,0.0004419092,51.07063
30.85999,43.53825,0.0004406767,51.07043
30.87999,43.53869,0.0004394478,51.07024
30.89999,43.53913,0.0004382227,51.07004
30.91999,43.53957,0.0004370011,51.06985
30.93999,43.54,0.0004357832,51.06966
30.95999,43.54044,0.000434569,51.06947
30.97999,43.54087,0.0004333584,51.06927
30.99999,43.54131,0.0004321497,51.06908
31.01999,43.54174,0.0004309464,51.06889
31.03999,43.54217,0.000429745,51.0687
31.05999,43.54259,0.0004285472,51.06851
31.07999,43.54302,0.0004273531,51.06832
31.09999,43.54345,0.0004261627,51.06813
31.11999,43.54387,0.000424974,51.06794
31.13999,43.5443,0.0004237909,51.06776
31.15999,43.54472,0.0004226096,51.06757
31.17999,43.54514,0.0004214319,51.06738
31.19999,43.54556,0.0004202579,51.0672
31.21999,43.54598,0.0004190876,51.06701
31.23999,43.5464,0.0004179191,51.06683
31.25999,43.54681,0.0004167542,51.06664
31.27999,43.54723,0.0004155931,51.06646
31.29999,43.54765,0.0004144355,51.06628
31.31999,43.54806,0.0004132798,51.06609
31.33999,43.54847,0.0004121277,51.06591
31.35999,43.54888,0.0004109794,51.06573
31.37999,43.54929,0.0004098327,51.06555
31.39999,43.5497,0.0004086917,51.06537
31.41999,43.55011,0.0004075524,51.06519
31.43999,43.55051,0.0004064169,51.06501
31.45999,43.55092,0.0004052831,51.06483
31.47999,43.55132,0.0004041548,51.06465
31.49999,43.55173,0.0004030284,51.06447
31.51999,43.55213,0.0004019037,51.06429
31.53999,43.55253,0.0004007846,51.06412
31.55999,43.55293,0.0003996673,51.06394
31.57999,43.55333,0.0003985536,51.06376
31.59999,43.55372,0.0003974436,51.06359
31.61999,43.55412,0.0003963355,51.06341
31.63999,43.55452,0.0003952309,51.06324
31.65999,43.55491,0.0003941283,51.06306
31.67999,43.5553,0.0003930311,51.06289
31.69999,43.55569,0.0003919357,51.06271
31.71999,43.55608,0.0003908422,51.06255
31.73999,43.55647,0.0003897541,51.06237
31.75999,43.55686,0.0003886679,51.0622
31.77999,43.55725,0.0003875854,51.06203
31.79999,43.55764,0.0003865046,51.06186
31.81999,43.55802,0.0003854276,51.06169
31.83999,43.55841,0.0003843541,51.06152
31.85999,43.55879,0.0003832825,51.06135
31.87999,43.55917,0.0003822146,51.06118
31.89999,43.55955,0.0003811503,51.06101
31.91999,43.55993,0.0003800879,51.06084
31.93999,43.56031,0.0003790272,51.06068
31.95999,43.56069,0.0003779721,51.06051
31.97999,43.56107,0.0003769188,51.06034
31.99999,43.56144,0.0003758673,51.06017
32.01999,43.56182,0.0003748195,51.06001
32.03999,43.56219,0.0003737753,51.05984
32.05999,43.56256,0.000372733,51.05968
32.07999,43.56293,0.0003716943,51.05952
32.09999,43.5633,0.0003706593,51.05935
32.11999,43.56367,0.0003696261,51.05919
32.13999,43.56404,0.0003685966,51.05903
32.15999,43.56441,0.0003675689,51.05886
32.17999,43.56478,0.0003665448,51.0587
32.19999,43.56514,0.0003655226,51.05854
32.21999,43.56551,0.0003645041,51.05838
32.23999,43.56587,0.0003634873,51.05822
32.25999,43.56623,0.0003624743,51.05806
32.27999,43.5666,0.0003614649,51.0579
32.29999,43.56696,0.0003604573,51.05774
32.31999,43.56731,0.0003594533,51.05758
32.33999,43.56767,0.0003584512,51.05742
32.35999,43.56803,0.0003574528,51.05727
32.37999,43.56839,0.0003564561,51.05711
32.39999,43.56874,0.0003554632,51.05695
32.41999,43.5691,0.0003544721,51.05679
32.43999,43.56945,0.0003534846,51.05664
32.45999,43.5698,0.0003524989,51.05648
32.47999,43.57015,0.0003515169,51.05633
32.49999,43.5705,0.0003505368,51.05617
32.51999,43.57085,0.0003495603,51.05602
32.53999,43.5712,0.0003485856,51.05586
32.55999,43.57155,0.0003476146,51.05571
32.57999,43.5719,0.0003466454,51.05556
32.59999,43.57224,0.0003456799,51.0554
32.61999,43.57259,0.0003447162,51.05525
32.63999,43.57293,0.0003437561,51.0551
32.65999,43.57327,0.0003427979,51.05495
32.67999,43.57362,0.0003418415,51.0548
32.69999,43.57396,0.0003408888,51.05465
32.71999,43.5743,0.0003399398,51.0545
32.73999,43.57463,0.0003389925,51.05435
32.75999,43.57497,0.0003380471,51.0542
32.77999,43.57531,0.0003371035,51.05405
32.79999,43.57565,0.0003361654,51.0539
32.81999,43.57598,0.0003352291,51.05376
32.83999,43.57632,0.0003342947,51.0536
32.85999,43.57665,0.0003333621,51.05346
32.87999,43.57698,0.0003324331,51.05331
32.89999,43.57731,0.000331506,51.05317
32.91999,43.57764,0.0003305825,51.05302
32.93999,43.57797,0.0003296609,51.05288
32.95999,43.5783,0.0003287429,51.05273
32.97999,43.57863,0.0003278267,51.05259
32.99999,43.57896,0.0003269124,51.05244
33.01999,43.57928,0.0003259999,51.0523
33.03999,43.57961,0.0003250929,51.05215
33.05999,43.57993,0.0003241877,51.05201
33.07999,43.58025,0.0003232844,51.05187
33.09999,43.58058,0.0003223828,51.05173
33.11999,43.5809,0.0003214831,51.05158
33.13999,43.58122,0.0003205871,51.05144
33.15999,43.58154,0.0003196929,51.0513
33.17999,43.58186,0.0003188023,51.05116
33.19999,43.58218,0.0003179136,51.05102
33.21999,43.58249,0.0003170285,51.05088
33.23999,43.58281,0.0003161453,51.05074
33.25999,43.58313,0.0003152639,51.0506
33.27999,43.58344,0.0003143843,51.05046
33.29999,43.58375,0.0003135084,51.05032
33.31999,43.58406,0.0003126342,51.05019
33.33999,43.58438,0.000311762,51.05005
33.35999,43.58469,0.0003108934,51.04991
33.37999,43.585,0.0003100284,51.04977
33.39999,43.5853,0.0003091653,51.04964
33.41999,43.58561,0.000308304,51.0495
33.43999,43.58592,0.0003074445,51.04937
33.45999,43.58623,0.0003065869,51.04923
33.47999,43.58653,0.0003057329,51.0491
33.49999,43.58684,0.0003048807,51.04897
33.51999,43.58714,0.0003040304,51.04883
33.53999,43.58744,0.0003031819,51.04869
33.55999,43.58775,0.0003023371,51.04856
33.57999,43.58805,0.0003014941,51.04843
33.59999,43.58835,0.0003006547,51.04829
33.61999,43.58865,0.0002998172,51.04816
33.63999,43.58895,0.0002989815,51.04803
33.65999,43.58924,0.0002981495,51.0479
33.67999,43.58954,0.0002973193,51.04777
33.69999,43.58984,0.0002964909,51.04764
33.71999,43.59014,0.0002956643,51.04751
33.73999,43.59043,0.0002948396,51.04738
33.75999,43.59072,0.0002940185,51.04725
33.77999,43.59102,0.0002931993,51.04712
33.79999,43.59131,0.0002923819,51.04699
33.81999,43.5916,0.0002915663,51.04686
33.83999,43.59189,0.0002907544,51.04673
33.85999,43.59218,0.0002899443,51.04661
33.87999,43.59247,0.000289136,51.04648
33.89999,43.59276,0.0002883296,51.04635
33.91999,43.59305,0.000287525,51.04623
33.93999,43.59333,0.000286724,51.0461
33.95999,43.59362,0.0002859249,51.04597
33.97999,43.59391,0.0002851276,51.04585
33.99999,43.59419,0.0002843321,51.04572
34.01999,43.59447,0.0002835385,51.0456
34.03999,43.59476,0.0002827485,51.04547
34.05999,43.59504,0.0002819604,51.04535
34.07999,43.59532,0.0002811741,51.04522
34.09999,43.5956,0.0002803896,51.0451
34.11999,43.59588,0.0002796069,51.04498
34.13999,43.59616,0.0002788279,51.04485
34.15999,43.59644,0.0002780507,51.04473
34.17999,43.59672,0.0002772754,51.04461
34.19999,43.59699,0.0002765019,51.04449
34.21999,43.59727,0.000275732,51.04436
34.23999,43.59754,0.0002749639,51.04424
34.25999,43.59782,0.0002741977,51.04412
34.27999,43.59809,0.0002734334,51.044
34.29999,43.59836,0.0002726708,51.04388
34.31999,43.59863,0.0002719119,51.04376
34.33999,43.5989,0.0002711549,51.04364
34.35999,43.59917,0.0002703996,51.04353
34.37999,43.59945,0.0002696462,51.0434
34.39999,43.59971,0.0002688947,51.04329
34.41999,43.59998,0.0002681467,51.04317
34.43999,43.60025,0.0002674006,51.04305
34.45999,43.60051,0.0002666564,51.04293
34.47999,43.60078,0.0002659121,51.04282
34.49999,43.60105,0.0002651697,51.0427
34.51999,43.60131,0.0002644291,51.04258
34.53999,43.60157,0.0002636921,51.04247
34.55999,43.60184,0.000262957,51.04235
34.57999,43.6021,0.0002622237,51.04224
34.59999,43.60236,0.0002614922,51.04212
34.61999,43.60262,0.0002607626,51.04201
34.63999,43.60288,0.0002600366,51.04189
34.65999,43.60314,0.0002593125,51.04178
34.67999,43.6034,0.0002585902,51.04166
34.69999,43.60366,0.0002578697,51.04155
34.71999,43.60392,0.000257151,51.04144
34.73999,43.60417,0.0002564342,51.04132
34.75999,43.60443,0.0002557192,51.04121
34.77999,43.60468,0.000255006,51.0411
34.79999,43.60494,0.0002542947,51.04099
34.81999,43.60519,0.0002535851,51.04087
34.83999,43.60544,0.0002528793,51.04076
34.85999,43.60569,0.0002521752,51.04065
34.87999,43.60595,0.000251473,51.04054
34.89999,43.6062,0.0002507727,51.04043
34.91999,43.60645,0.0002500741,51.04032
34.93999,43.6067,0.0002493756,51.04021
34.95999,43.60695,0.0002486807,51.0401
34.97999,43.60719,0.0002479876,51.03999
34.99999,43.60744,0.0002472964,51.03988
35.01999,43.60769,0.000246607,51.03977
35.03999,43.60793,0.0002459194,51.03967
35.05999,43.60818,0.0002452355,51.03956
35.07999,43.60842,0.0002445534,51.03945
35.09999,43.60867,0.0002438713,51.03934
35.11999,43.60891,0.0002431911,51.03924
35.13999,43.60915,0.0002425126,51.03913
35.15999,43.60939,0.000241836,51.03902
35.17999,43.60963,0.0002411631,51.03892
35.19999,43.60987,0.000240492,51.03881
35.21999,43.61012,0.0002398227,51.0387
35.23999,43.61036,0.0002391534,51.0386
35.25999,43.6106,0.0002384859,51.03849
35.27999,43.61083,0.0002378203,51.03839
35.29999,43.61107,0.0002371583,51.03828
35.31999,43.61131,0.0002364982,51.03818
35.33999,43.61154,0.0002358398,51.03808
35.35999,43.61178,0.0002351815,51.03798
35.37999,43.61201,0.0002345251,51.03787
35.39999,43.61224,0.0002338722,51.03777
35.41999,43.61248,0.0002332212,51.03767
35.43999,43.61271,0.0002325721,51.03756
35.45999,43.61294,0.0002319247,51.03746
35.47999,43.61317,0.0002312774,51.03736
35.49999,43.6134,0.0002306318,51.03726
35.51999,43.61363,0.00022999,51.03716
35.53999,43.61386,0.00022935,51.03706
35.55999,43.61409,0.0002287118,51.03696
35.57999,43.61432,0.0002280736,51.03686
35.59999,43.61455,0.0002274372,51.03675
35.61999,43.61477,0.0002268026,51.03666
35.63999,43.615,0.0002261718,51.03656
35.65999,43.61522,0.0002255427,51.03646
35.67999,43.61545,0.0002249136,51.03636
35.69999,43.61567,0.0002242864,51.03626
35.71999,43.6159,0.000223661,51.03616
35.73999,43.61612,0.0002230375,51.03606
35.75999,43.61634,0.0002224175,51.03596
35.77999,43.61656,0.0002217976,51.03587
35.79999,43.61678,0.0002211795,51.03577
35.81999,43.617,0.0002205633,51.03568
35.83999,43.61723,0.0002199489,51.03558
35.85999,43.61744,0.0002193344,51.03548
35.87999,43.61766,0.0002187237,51.03539
35.89999,43.61788,0.0002181147,51.03529
35.91999,43.6181,0.0002175076,51.03519
35.93999,43.61831,0.0002169023,51.0351
35.95999,43.61853,0.000216297,51.035
35.97999,43.61875,0.0002156936,51.0349
35.99999,43.61896,0.0002150919,51.03481
36.01999,43.61917,0.000214494,51.03472
36.03999,43.61939,0.000213896,51.03462
36.05999,43.6196,0.0002132998,51.03453
36.07999,43.61982,0.0002127055,51.03444
36.09999,43.62003,0.0002121131,51.03434
36.11999,43.62024,0.0002115206,51.03425
36.13999,43.62045,0.0002109317,51.03416
36.15999,43.62066,0.0002103447,51.03407
36.17999,43.62087,0.0002097596,51.03397
36.19999,43.62108,0.0002091744,51.03388
36.21999,43.62129,0.0002085911,51.03379
36.23999,43.6215,0.0002080096,51.0337
36.25999,43.6217,0.000207428,51.0336
36.27999,43.62191,0.0002068502,51.03352
36.29999,43.62212,0.0002062742,51.03342
36.31999,43.62232,0.0002057,51.03333
36.33999,43.62253,0.0002051258,51.03324
36.35999,43.62273,0.0002045534,51.03315
36.37999,43.62294,0.0002039829,51.03306
36.39999,43.62314,0.000203416,51.03297
36.41999,43.62334,0.0002028491,51.03288
36.43999,43.62354,0.000202284,51.03279
36.45999,43.62374,0.0002017208,51.03271
36.47999,43.62395,0.0002011576,51.03262
36.49999,43.62415,0.0002005962,51.03253
36.51999,43.62435,0.0002000366,51.03244
36.53999,43.62455,0.0001994807,51.03236
36.55999,43.62474,0.0001989248,51.03226
36.57999,43.62494,0.0001983707,51.03218
36.59999,43.62514,0.0001978185,51.03209
36.61999,43.62534,0.0001972662,51.03201
36.63999,43.62554,0.0001967158,51.03192
36.65999,43.62573,0.0001961672,51.03183
36.67999,43.62593,0.0001956204,51.03175
36.69999,43.62612,0.0001950755,51.03166
36.71999,43.62632,0.0001945324,51.03157
36.73999,43.62651,0.0001939911,51.03149
36.75999,43.62671,0.0001934498,51.0314
36.77999,43.6269,0.0001929103,51.03132
36.79999,43.62709,0.0001923727,51.03123
36.81999,43.62728,0.0001918369,51.03115
36.83999,43.62747,0.000191303,51.03107
36.85999,43.62766,0.0001907708,51.03098
36.87999,43.62785,0.0001902387,51.0309
36.89999,43.62804,0.0001897084,51.03082
36.91999,43.62823,0.0001891799,51.03073
36.93999,43.62842,0.0001886514,51.03065
36.95999,43.62861,0.0001881266,51.03057
36.97999,43.6288,0.0001876036,51.03049
36.99999,43.62898,0.0001870806,51.0304
37.01999,43.62917,0.0001865594,51.03032
37.03999,43.62936,0.0001860401,51.03024
37.05999,43.62954,0.0001855208,51.03016
37.07999,43.62973,0.0001850032,51.03008
37.09999,43.62991,0.0001844894,51.02999
37.11999,43.63009,0.0001839755,51.02991
37.13999,43.63028,0.0001834635,51.02983
37.15999,43.63046,0.0001829515,51.02975
37.17999,43.63064,0.0001824413,51.02967
37.19999,43.63083,0.0001819329,51.02959
37.21999,43.63101,0.0001814246,51.02951
37.23999,43.63119,0.000180918,51.02943
37.25999,43.63137,0.0001804152,51.02935
37.27999,43.63155,0.0001799123,51.02927
37.29999,43.63173,0.0001794112,51.0292
37.31999,43.6319,0.000178912,51.02912
37.33998,43.63208,0.0001784128,51.02904
37.35999,43.63226,0.0001779154,51.02896
37.37999,43.63244,0.000177418,51.02888
37.39999,43.63262,0.0001769224,51.0288
37.41999,43.63279,0.0001764305,51.02872
37.43999,43.63297,0.0001759386,51.02865
37.45999,43.63314,0.0001754485,51.02857
37.47999,43.63332,0.0001749603,51.0285
37.49999,43.6335,0.000174472,51.02842
37.51999,43.63367,0.0001739856,51.02834
37.53999,43.63384,0.0001734992,51.02827
37.55999,43.63401,0.0001730164,51.02819
37.57999,43.63419,0.0001725355,51.02811
37.59999,43.63436,0.0001720545,51.02804
37.61999,43.63453,0.0001715754,51.02796
37.63999,43.6347,0.0001710963,51.02789
37.65999,43.63487,0.000170619,51.02781
37.67999,43.63504,0.0001701436,51.02774
37.69999,43.63521,0.0001696681,51.02766
37.71999,43.63538,0.0001691963,51.02759
37.73999,43.63555,0.0001687246,51.02752
37.75999,43.63572,0.0001682546,51.02744
37.77999,43.63588,0.0001677864,51.02737
37.79999,43.63605,0.0001673183,51.02729
37.81999,43.63622,0.000166852,51.02722
37.83998,43.63639,0.0001663857,51.02715
37.85999,43.63655,0.0001659212,51.02708
37.87999,43.63671,0.0001654604,51.027
37.89999,43.63688,0.0001649996,51.02693
37.91999,43.63704,0.0001645406,51.02686
37.93999,43.63721,0.0001640816,51.02679
37.95999,43.63737,0.0001636244,51.02671
37.97999,43.63754,0.0001631691,51.02664
37.99998,43.6377,0.0001627138,51.02657
38.01999,43.63786,0.0001622603,51.0265
38.03999,43.63802,0.0001618067,51.02643
38.05999,43.63818,0.0001613569,51.02636
38.07999,43.63834,0.000160907,51.02629
38.09999,43.6385,0.000160459,51.02621
38.11999,43.63866,0.0001600128,51.02615
38.13999,43.63882,0.0001595667,51.02608
38.15998,43.63898,0.0001591223,51.02601
38.17999,43.63914,0.0001586779,51.02594
38.19999,43.6393,0.0001582354,51.02587
38.21999,43.63946,0.0001577947,51.02579
38.23999,43.63961,0.0001573558,51.02573
38.25999,43.63977,0.0001569169,51.02566
38.27999,43.63993,0.0001564799,51.02559
38.29999,43.64008,0.0001560447,51.02552
38.31999,43.64024,0.0001556094,51.02545
38.33998,43.6404,0.0001551761,51.02538
38.35999,43.64055,0.0001547427,51.02532
38.37999,43.64071,0.0001543111,51.02525
38.39999,43.64086,0.0001538814,51.02518
38.41999,43.64101,0.0001534535,51.02512
38.43999,43.64116,0.0001530255,51.02505
38.45999,43.64132,0.0001525995,51.02498
38.47999,43.64147,0.0001521734,51.02491
38.49998,43.64162,0.0001517491,51.02485
38.51999,43.64177,0.0001513249,51.02478
38.53999,43.64193,0.0001509025,51.02471
38.55999,43.64207,0.0001504819,51.02465
38.57999,43.64222,0.0001500631,51.02458
38.59999,43.64237,0.0001496462,51.02452
38.61999,43.64252,0.0001492293,51.02445
38.63999,43.64267,0.0001488142,51.02438
38.65998,43.64282,0.000148399,51.02432
38.67999,43.64297,0.0001479858,51.02425
38.69999,43.64312,0.0001475725,51.02419
38.71999,43.64326,0.000147161,51.02412
38.73999,43.64341,0.0001467496,51.02406
38.75999,43.64355,0.0001463418,51.02399
38.77999,43.6437,0.000145934,51.02393
38.79999,43.64384,0.0001455281,51.02387
38.81998,43.64399,0.0001451221,51.0238
38.83998,43.64413,0.000144718,51.02374
38.85999,43.64428,0.0001443138,51.02368
38.87999,43.64442,0.0001439115,51.02361
38.89999,43.64457,0.0001435092,51.02355
38.91999,43.64471,0.0001431087,51.02349
38.93999,43.64486,0.0001427083,51.02343
38.95999,43.645,0.0001423114,51.02336
38.97998,43.64514,0.0001419146,51.0233
38.99998,43.64528,0.0001415196,51.02324
39.01999,43.64542,0.0001411246,51.02318
39.03999,43.64556,0.0001407315,51.02312
39.05999,43.6457,0.0001403383,51.02306
39.07999,43.64584,0.000139947,51.02299
39.09999,43.64598,0.0001395557,51.02293
39.11999,43.64612,0.0001391662,51.02287
39.13999,43.64626,0.0001387785,51.02281
39.15998,43.6464,0.0001383926,51.02275
39.17999,43.64653,0.0001380068,51.02269
39.19999,43.64667,0.0001376228,51.02263
39.21999,43.64681,0.0001372388,51.02257
39.23999,43.64695,0.0001368566,51.02251
39.25999,43.64708,0.0001364744,51.02245
39.27999,43.64722,0.000136094,51.02238
39.29999,43.64736,0.0001357137,51.02233
39.31998,43.64749,0.0001353351,51.02227
39.33998,43.64762,0.0001349584,51.02221
39.35999,43.64776,0.0001345836,51.02215
39.37999,43.64789,0.0001342087,51.02209
39.39999,43.64803,0.0001338356,51.02203
39.41999,43.64816,0.0001334626,51.02197
39.43999,43.64829,0.0001330914,51.02192
39.45999,43.64843,0.0001327201,51.02186
39.47998,43.64856,0.0001323508,51.0218
39.49998,43.64869,0.0001319814,51.02174
39.51999,43.64883,0.000131612,51.02168
39.53999,43.64896,0.0001312444,51.02163
39.55999,43.64909,0.0001308787,51.02157
39.57999,43.64922,0.0001305148,51.02151
39.59999,43.64935,0.0001301509,51.02145
39.61999,43.64948,0.0001297888,51.0214
39.63998,43.6496,0.0001294268,51.02134
39.65998,43.64973,0.0001290665,51.02128
39.67999,43.64986,0.0001287062,51.02122
39.69999,43.64999,0.0001283478,51.02117
39.71999,43.65012,0.0001279894,51.02111
39.73999,43.65025,0.000127631,51.02106
39.75999,43.65038,0.0001272762,51.021
39.77999,43.6505,0.0001269215,51.02095
39.79999,43.65063,0.0001265686,51.02089
39.81998,43.65075,0.0001262156,51.02084
39.83998,43.65088,0.0001258645,51.02078
39.85999,43.651,0.0001255134,51.02073
39.87999,43.65113,0.0001251642,51.02067
39.89999,43.65126,0.0001248149,51.02061
39.91999,43.65138,0.0001244656,51.02056
39.93999,43.65151,0.0001241182,51.02051
39.95999,43.65163,0.0001237707,51.02045
39.97998,43.65175,0.0001234269,51.0204
39.99998,43.65187,0.0001230831,51.02034
40.01999,43.652,0.0001227412,51.02029
40.03999,43.65212,0.0001223992,51.02023
40.05999,43.65224,0.0001220591,51.02018
40.07999,43.65236,0.000121719,51.02013
40.09999,43.65248,0.0001213788,51.02007
40.11999,43.65261,0.0001210405,51.02002
40.13998,43.65273,0.0001207022,51.01997
40.15998,43.65285,0.0001203658,51.01992
40.17999,43.65297,0.0001200293,51.01986
40.19999,43.65309,0.0001196965,51.01981
40.21999,43.65321,0.0001193637,51.01976
40.23999,43.65332,0.0001190308,51.01971
40.25999,43.65344,0.0001186999,51.01965
40.27999,43.65356,0.0001183689,51.0196
40.29998,43.65368,0.0001180397,51.01955
40.31998,43.6538,0.0001177106,51.0195
40.33998,43.65392,0.0001173814,51.01945
40.35999,43.65403,0.0001170541,51.01939
40.37999,43.65415,0.0001167267,51.01934
40.39999,43.65427,0.0001164012,51.01929
40.41999,43.65438,0.0001160757,51.01924
40.43999,43.6545,0.0001157539,51.01919
40.45998,43.65461,0.000115432,51.01914
40.47998,43.65473,0.0001151102,51.01909
40.49998,43.65484,0.0001147902,51.01904
40.51999,43.65496,0.0001144702,51.01899
40.53999,43.65507,0.000114152,51.01894
40.55999,43.65519,0.0001138338,51.01889
40.57999,43.6553,0.0001135156,51.01884
40.59999,43.65541,0.0001131993,51.01879
40.61999,43.65553,0.0001128829,51.01874
40.63998,43.65564,0.0001125684,51.01869
40.65998,43.65575,0.0001122538,51.01864
40.67999,43.65586,0.0001119411,51.01859
40.69999,43.65598,0.0001116303,51.01855
40.71999,43.65609,0.0001113194,51.01849
40.73999,43.6562,0.0001110104,51.01845
40.75999,43.65631,0.0001107013,51.0184
40.77999,43.65642,0.0001103923,51.01835
40.79998,43.65653,0.0001100851,51.0183
40.81998,43.65664,0.0001097778,51.01825
40.83998,43.65675,0.0001094706,51.0182
40.85999,43.65686,0.0001091653,51.01816
40.87999,43.65697,0.0001088599,51.01811
40.89999,43.65708,0.0001085563,51.01806
40.91999,43.65718,0.0001082546,51.01801
40.93999,43.65729,0.0001079529,51.01797
40.95998,43.6574,0.000107653,51.01792
40.97998,43.65751,0.0001073531,51.01788
40.99998,43.65761,0.000107055,51.01783
41.01999,43.65772,0.0001067569,51.01778
41.03999,43.65783,0.0001064588,51.01773
41.05999,43.65793,0.0001061626,51.01768
41.07999,43.65804,0.0001058663,51.01764
41.09999,43.65815,0.0001055701,51.01759
41.11998,43.65825,0.0001052757,51.01755
41.13998,43.65836,0.0001049813,51.0175
41.15998,43.65846,0.0001046887,51.01746
41.17999,43.65857,0.0001043979,51.01741
41.19999,43.65867,0.0001041072,51.01736
41.21999,43.65877,0.0001038183,51.01732
41.23999,43.65887,0.0001035293,51.01727
41.25999,43.65898,0.0001032404,51.01723
41.27998,43.65908,0.0001029533,51.01718
41.29998,43.65918,0.0001026662,51.01714
41.31998,43.65929,0.0001023791,51.01709
41.33998,43.65939,0.0001020938,51.01705
41.35999,43.65949,0.0001018086,51.017
41.37999,43.6596,0.0001015251,51.01696
41.39999,43.6597,0.0001012417,51.01691
41.41999,43.6598,0.0001009582,51.01687
41.43999,43.6599,0.0001006785,51.01682
41.45998,43.66,0.0001003987,51.01678
41.47998,43.6601,0.0001001189,51.01674
41.49998,43.66019,9.984093E-05,51.01669
41.51999,43.66029,9.956297E-05,51.01665
41.53999,43.66039,9.928502E-05,51.01661
41.55999,43.66049,9.90089E-05,51.01656
41.57999,43.66059,9.873277E-05,51.01652
41.59999,43.66069,9.845664E-05,51.01648
41.61998,43.66079,9.818234E-05,51.01643
41.63998,43.66089,9.790804E-05,51.01639
41.65998,43.66099,9.763374E-05,51.01635
41.67999,43.66109,9.736128E-05,51.0163
41.69999,43.66118,9.708881E-05,51.01626
41.71999,43.66128,9.681816E-05,51.01622
41.73999,43.66137,9.654935E-05,51.01618
41.75999,43.66147,9.628054E-05,51.01614
41.77998,43.66156,9.601172E-05,51.01609
41.79998,43.66166,9.574474E-05,51.01605
41.81998,43.66175,9.547776E-05,51.01601
41.83998,43.66185,9.521261E-05,51.01597
41.85999,43.66195,9.494745E-05,51.01593
41.87999,43.66204,9.468229E-05,51.01588
41.89999,43.66214,9.441897E-05,51.01584
41.91999,43.66223,9.415564E-05,51.0158
41.93998,43.66233,9.389232E-05,51.01576
41.95998,43.66242,9.363081E-05,51.01572
41.97998,43.66251,9.336932E-05,51.01568
41.99998,43.66261,9.310965E-05,51.01564
42.01999,43.6627,9.284998E-05,51.01559
42.03999,43.66279,9.259214E-05,51.01556
42.05999,43.66288,9.23343E-05,51.01552
42.07999,43.66297,9.207646E-05,51.01548
42.09998,43.66306,9.182045E-05,51.01543
42.11998,43.66315,9.156444E-05,51.0154
42.13998,43.66325,9.130842E-05,51.01535
42.15998,43.66334,9.105424E-05,51.01532
42.17999,43.66343,9.080006E-05,51.01527
42.19999,43.66352,9.054588E-05,51.01524
42.21999,43.66361,9.029352E-05,51.0152
42.23999,43.6637,9.004117E-05,51.01516
42.25999,43.6638,8.978881E-05,51.01511
42.27998,43.66388,8.953829E-05,51.01508
42.29998,43.66397,8.928959E-05,51.01504
42.31998,43.66406,8.904089E-05,51.015
42.33998,43.66415,8.879403E-05,51.01496
42.35999,43.66423,8.854716E-05,51.01492
42.37999,43.66432,8.830029E-05,51.01488
42.39999,43.66441,8.805525E-05,51.01485
42.41999,43.6645,8.781021E-05,51.01481
42.43998,43.66459,8.756517E-05,51.01477
42.45998,43.66467,8.732013E-05,51.01473
42.47998,43.66476,8.707691E-05,51.01469
42.49998,43.66485,8.683371E-05,51.01465
42.51999,43.66494,8.659049E-05,51.01461
42.53999,43.66502,8.634911E-05,51.01458
42.55999,43.66511,8.610773E-05,51.01454
42.57999,43.6652,8.586635E-05,51.0145
42.59998,43.66528,8.562679E-05,51.01447
42.61998,43.66537,8.538907E-05,51.01443
42.63998,43.66545,8.515134E-05,51.01439
42.65998,43.66553,8.491545E-05,51.01435
42.67999,43.66562,8.467955E-05,51.01431
42.69999,43.6657,8.444365E-05,51.01428
42.71999,43.66579,8.420776E-05,51.01424
42.73999,43.66587,8.397369E-05,51.01421
42.75998,43.66595,8.373962E-05,51.01417
42.77998,43.66604,8.350555E-05,51.01413
42.79998,43.66612,8.327331E-05,51.01409
42.81998,43.66621,8.304107E-05,51.01406
42.83998,43.66629,8.280884E-05,51.01402
42.85999,43.66637,8.25766E-05,51.01398
42.87999,43.66646,8.234618E-05,51.01395
42.89999,43.66654,8.211577E-05,51.01391
42.91998,43.66662,8.188536E-05,51.01388
42.93998,43.6667,8.165861E-05,51.01384
42.95998,43.66678,8.143186E-05,51.01381
42.97998,43.66686,8.12051E-05,51.01377
42.99998,43.66694,8.098018E-05,51.01373
43.01999,43.66702,8.075526E-05,51.0137
43.03999,43.6671,8.053033E-05,51.01366
43.05999,43.66718,8.030541E-05,51.01363
43.07999,43.66726,8.00823E-05,51.0136
43.09998,43.66734,7.985921E-05,51.01356
43.11998,43.66742,7.963612E-05,51.01352
43.13998,43.6675,7.941485E-05,51.01349
43.15998,43.66758,7.919358E-05,51.01345
43.17999,43.66766,7.897232E-05,51.01342
43.19999,43.66774,7.875104E-05,51.01338
43.21999,43.66782,7.853161E-05,51.01335
43.23999,43.6679,7.831217E-05,51.01331
43.25998,43.66798,7.809274E-05,51.01328
43.27998,43.66806,7.787512E-05,51.01324
43.29998,43.66813,7.765934E-05,51.01321
43.31998,43.66821,7.744355E-05,51.01318
43.33998,43.66829,7.722778E-05,51.01315
43.35999,43.66836,7.701382E-05,51.01311
43.37999,43.66844,7.679987E-05,51.01308
43.39999,43.66851,7.658591E-05,51.01305
43.41998,43.66859,7.637197E-05,51.01301
43.43998,43.66867,7.615984E-05,51.01298
43.45998,43.66874,7.594772E-05,51.01295
43.47998,43.66882,7.57356E-05,51.01291
43.49998,43.6689,7.552347E-05,51.01288
43.51999,43.66897,7.531318E-05,51.01285
43.53999,43.66905,7.510288E-05,51.01281
43.55999,43.66912,7.489258E-05,51.01278
43.57998,43.6692,7.468229E-05,51.01275
43.59998,43.66928,7.447382E-05,51.01271
43.61998,43.66935,7.426536E-05,51.01268
43.63998,43.66942,7.405871E-05,51.01265
43.65998,43.66949,7.385391E-05,51.01262
43.67999,43.66957,7.36491E-05,51.01258
43.69999,43.66964,7.344429E-05,51.01255
43.71999,43.66971,7.323948E-05,51.01252
43.73998,43.66978,7.30365E-05,51.01249
43.75998,43.66986,7.283352E-05,51.01246
43.77998,43.66993,7.263054E-05,51.01242
43.79998,43.67,7.242756E-05,51.01239
43.81998,43.67007,7.222641E-05,51.01236
43.83998,43.67015,7.202525E-05,51.01233
43.85999,43.67022,7.18241E-05,51.0123
43.87999,43.67029,7.162295E-05,51.01227
43.89999,43.67036,7.142363E-05,51.01224
43.91998,43.67044,7.122431E-05,51.01221
43.93998,43.67051,7.102497E-05,51.01217
43.95998,43.67058,7.082566E-05,51.01214
43.97998,43.67065,7.062816E-05,51.01211
43.99998,43.67072,7.043067E-05,51.01208
44.01999,43.67079,7.0235E-05,51.01205
44.03999,43.67086,7.003934E-05,51.01202
44.05999,43.67093,6.98455E-05,51.01199
44.07998,43.671,6.965166E-05,51.01196
44.09998,43.67107,6.945782E-05,51.01192
44.11998,43.67113,6.926398E-05,51.01189
44.13998,43.6712,6.907198E-05,51.01187
44.15998,43.67127,6.887996E-05,51.01184
44.17999,43.67134,6.868796E-05,51.01181
44.19999,43.67141,6.849595E-05,51.01178
44.21999,43.67148,6.830577E-05,51.01175
44.23998,43.67155,6.811559E-05,51.01172
44.25998,43.67162,6.792541E-05,51.01169
44.27998,43.67168,6.773523E-05,51.01166
44.29998,43.67175,6.754688E-05,51.01163
44.31998,43.67182,6.735852E-05,51.0116
44.33998,43.67189,6.717017E-05,51.01157
44.35999,43.67196,6.698183E-05,51.01154
44.37999,43.67203,6.679347E-05,51.01151
44.39998,43.67209,6.660695E-05,51.01148
44.41998,43.67216,6.642225E-05,51.01145
44.43998,43.67222,6.623756E-05,51.01142
44.45998,43.67229,6.605287E-05,51.01139
44.47998,43.67235,6.587E-05,51.01136
44.49998,43.67242,6.568713E-05,51.01134
44.51999,43.67248,6.550427E-05,51.01131
44.53999,43.67255,6.53214E-05,51.01128
44.55999,43.67261,6.514036E-05,51.01125
44.57998,43.67268,6.495933E-05,51.01122
44.59998,43.67274,6.477829E-05,51.01119
44.61998,43.67281,6.459725E-05,51.01117
44.63998,43.67287,6.441622E-05,51.01114
44.65998,43.67294,6.423701E-05,51.01111
44.67999,43.673,6.40578E-05,51.01108
44.69999,43.67307,6.387859E-05,51.01105
44.71999,43.67313,6.369939E-05,51.01102
44.73998,43.67319,6.352201E-05,51.01099
44.75998,43.67326,6.334463E-05,51.01097
44.77998,43.67332,6.316724E-05,51.01094
44.79998,43.67339,6.298986E-05,51.01091
44.81998,43.67345,6.281432E-05,51.01089
44.83998,43.67351,6.26406E-05,51.01086
44.85999,43.67357,6.246688E-05,51.01083
44.87999,43.67363,6.229315E-05,51.0108
44.89998,43.67369,6.211943E-05,51.01078
44.91998,43.67376,6.194753E-05,51.01075
44.93998,43.67382,6.177564E-05,51.01072
44.95998,43.67388,6.160374E-05,51.0107
44.97998,43.67394,6.143185E-05,51.01067
44.99998,43.674,6.125996E-05,51.01064
45.01999,43.67406,6.108989E-05,51.01061
45.03999,43.67412,6.091983E-05,51.01059
45.05998,43.67418,6.074976E-05,51.01056
45.07998,43.67424,6.05797E-05,51.01054
45.09998,43.6743,6.041146E-05,51.01051
45.11998,43.67437,6.024322E-05,51.01048
45.13998,43.67443,6.007499E-05,51.01046
45.15998,43.67449,5.990675E-05,51.01043
45.17999,43.67455,5.973852E-05,51.0104
45.19999,43.67461,5.957211E-05,51.01038
45.21998,43.67467,5.94057E-05,51.01035
45.23998,43.67473,5.923929E-05,51.01032
45.25998,43.67479,5.907289E-05,51.0103
45.27998,43.67485,5.890831E-05,51.01027
45.29998,43.6749,5.874555E-05,51.01025
45.31998,43.67496,5.858281E-05,51.01022
45.33998,43.67502,5.842006E-05,51.0102
45.35999,43.67508,5.82573E-05,51.01017
45.37999,43.67513,5.809456E-05,51.01015
45.39998,43.67519,5.793363E-05,51.01012
45.41998,43.67525,5.777271E-05,51.01009
45.43998,43.6753,5.761179E-05,51.01007
45.45998,43.67536,5.745087E-05,51.01004
45.47998,43.67542,5.728994E-05,51.01002
45.49998,43.67548,5.713086E-05,51.00999
45.51999,43.67553,5.697176E-05,51.00997
45.53999,43.67559,5.681267E-05,51.00994
45.55998,43.67565,5.665357E-05,51.00992
45.57998,43.6757,5.649631E-05,51.0099
45.59998,43.67576,5.633905E-05,51.00987
45.61998,43.67582,5.618178E-05,51.00985
45.63998,43.67588,5.602452E-05,51.00982
45.65998,43.67593,5.586725E-05,51.0098
45.67999,43.67599,5.570999E-05,51.00977
45.69999,43.67605,5.555456E-05,51.00975
45.71998,43.67611,5.539912E-05,51.00972
45.73998,43.67616,5.524368E-05,51.0097
45.75998,43.67621,5.509007E-05,51.00967
45.77998,43.67627,5.493647E-05,51.00965
45.79998,43.67632,5.478469E-05,51.00963
45.81998,43.67637,5.463291E-05,51.00961
45.83998,43.67643,5.448113E-05,51.00958
45.85999,43.67648,5.432935E-05,51.00956
45.87998,43.67653,5.417758E-05,51.00953
45.89998,43.67659,5.402763E-05,51.00951
45.91998,43.67664,5.387768E-05,51.00948
45.93998,43.67669,5.372773E-05,51.00946
45.95998,43.67675,5.357778E-05,51.00944
45.97998,43.6768,5.342782E-05,51.00941
45.99998,43.67685,5.327971E-05,51.00939
46.01999,43.67691,5.313159E-05,51.00937
46.03998,43.67696,5.298346E-05,51.00935
46.05998,43.67701,5.283534E-05,51.00932
46.07998,43.67707,5.268722E-05,51.0093
46.09998,43.67712,5.254093E-05,51.00928
46.11998,43.67717,5.239464E-05,51.00925
46.13998,43.67723,5.224835E-05,51.00923
46.15998,43.67728,5.210205E-05,51.0092
46.17999,43.67733,5.195576E-05,51.00918
46.19999,43.67739,5.180947E-05,51.00916
46.21998,43.67744,5.1665E-05,51.00914
46.23998,43.67749,5.152054E-05,51.00912
46.25998,43.67754,5.137608E-05,51.00909
46.27998,43.67759,5.123344E-05,51.00907
46.29998,43.67764,5.109081E-05,51.00905
46.31998,43.67769,5.095E-05,51.00903
46.33998,43.67774,5.080919E-05,51.009
46.35999,43.67779,5.066839E-05,51.00898
46.37998,43.67784,5.052758E-05,51.00896
46.39998,43.67789,5.038677E-05,51.00894
46.41998,43.67794,5.024597E-05,51.00891
46.43998,43.67799,5.010699E-05,51.0089
46.45998,43.67804,4.996801E-05,51.00887
46.47998,43.67809,4.982903E-05,51.00885
46.49998,43.67814,4.969005E-05,51.00883
46.51999,43.67819,4.955108E-05,51.0088
46.53998,43.67824,4.94121E-05,51.00878
46.55998,43.67829,4.927495E-05,51.00876
46.57998,43.67834,4.91378E-05,51.00874
46.59998,43.67839,4.900065E-05,51.00872
46.61998,43.67844,4.88635E-05,51.0087
46.63998,43.67849,4.872635E-05,51.00867
46.65998,43.67854,4.859103E-05,51.00866
46.67999,43.67859,4.845571E-05,51.00864
46.69998,43.67863,4.832039E-05,51.00861
46.71998,43.67868,4.818507E-05,51.00859
46.73998,43.67873,4.804975E-05,51.00857
46.75998,43.67878,4.791443E-05,51.00855
46.77998,43.67883,4.778094E-05,51.00853
46.79998,43.67888,4.764745E-05,51.00851
46.81998,43.67892,4.751578E-05,51.00849
46.83998,43.67897,4.738412E-05,51.00847
46.85998,43.67902,4.725246E-05,51.00845
46.87998,43.67906,4.712079E-05,51.00842
46.89998,43.67911,4.699096E-05,51.0084
46.91998,43.67915,4.686113E-05,51.00838
46.93998,43.6792,4.673129E-05,51.00836
46.95998,43.67924,4.660145E-05,51.00834
46.97998,43.67929,4.647162E-05,51.00832
46.99998,43.67934,4.634179E-05,51.0083
47.01999,43.67938,4.621378E-05,51.00829
47.03998,43.67943,4.608577E-05,51.00826
47.05998,43.67947,4.595777E-05,51.00824
47.07998,43.67952,4.582976E-05,51.00822
47.09998,43.67957,4.570176E-05,51.0082
47.11998,43.67961,4.557375E-05,51.00818
47.13998,43.67966,4.544574E-05,51.00816
47.15998,43.6797,4.531957E-05,51.00814
47.17999,43.67975,4.519339E-05,51.00813
47.19998,43.67979,4.506721E-05,51.0081
47.21998,43.67984,4.494104E-05,51.00808
47.23998,43.67989,4.481486E-05,51.00806
47.25998,43.67993,4.468868E-05,51.00804
47.27998,43.67998,4.456433E-05,51.00803
47.29998,43.68002,4.443998E-05,51.008
47.31998,43.68007,4.431564E-05,51.00799
47.33998,43.68011,4.419129E-05,51.00797
47.35998,43.68016,4.406694E-05,51.00795
47.37998,43.68021,4.394259E-05,51.00793
47.39998,43.68025,4.382007E-05,51.00791
47.41998,43.68029,4.369938E-05,51.00789
47.43998,43.68033,4.357869E-05,51.00787
47.45998,43.68037,4.3458E-05,51.00785
47.47998,43.68042,4.33373E-05,51.00783
47.49998,43.68046,4.321662E-05,51.00781
47.51998,43.6805,4.309592E-05,51.00779
47.53998,43.68054,4.297706E-05,51.00777
47.55998,43.68058,4.28582E-05,51.00776
47.57998,43.68063,4.273934E-05,51.00774
47.59998,43.68067,4.262047E-05,51.00772
47.61998,43.68071,4.250161E-05,51.0077
47.63998,43.68075,4.238275E-05,51.00768
47.65998,43.68079,4.226571E-05,51.00766
47.67998,43.68084,4.214868E-05,51.00764
47.69998,43.68088,4.203165E-05,51.00763
47.71998,43.68092,4.191461E-05,51.00761
47.73998,43.68096,4.179758E-05,51.00759
47.75998,43.681,4.168055E-05,51.00757
47.77998,43.68105,4.156351E-05,51.00755
47.79998,43.68109,4.144831E-05,51.00754
47.81998,43.68113,4.13331E-05,51.00752
47.83998,43.68117,4.121789E-05,51.0075
47.85998,43.68121,4.110269E-05,51.00748
47.87998,43.68126,4.098748E-05,51.00746
47.89998,43.6813,4.087228E-05,51.00745
47.91998,43.68134,4.075707E-05,51.00743
47.93998,43.68138,4.06437E-05,51.00741
47.95998,43.68142,4.053032E-05,51.00739
47.97998,43.68147,4.041694E-05,51.00737
47.99998,43.68151,4.030357E-05,51.00735
48.01998,43.68155,4.019019E-05,51.00734
48.03998,43.68159,4.007681E-05,51.00732
48.05998,43.68163,3.996344E-05,51.0073
48.07998,43.68167,3.985372E-05,51.00729
48.09998,43.68171,3.9744E-05,51.00727
48.11998,43.68174,3.963428E-05,51.00725
48.13998,43.68178,3.952456E-05,51.00723
48.15998,43.68182,3.941484E-05,51.00722
48.17998,43.68186,3.930512E-05,51.0072
48.19998,43.6819,3.91954E-05,51.00718
48.21998,43.68193,3.908751E-05,51.00716
48.23998,43.68197,3.897962E-05,51.00715
48.25998,43.68201,3.887173E-05,51.00713
48.27998,43.68205,3.876384E-05,51.00711
48.29998,43.68209,3.865595E-05,51.0071
48.31998,43.68213,3.854806E-05,51.00708
48.33998,43.68216,3.844017E-05,51.00706
48.35998,43.6822,3.833228E-05,51.00705
48.37998,43.68224,3.822622E-05,51.00703
48.39998,43.68228,3.812015E-05,51.00702
48.41998,43.68232,3.801409E-05,51.007
48.43998,43.68235,3.790803E-05,51.00698
48.45998,43.68239,3.780196E-05,51.00697
48.47998,43.68243,3.76959E-05,51.00695
48.49998,43.68247,3.758984E-05,51.00693
48.51998,43.68251,3.748561E-05,51.00691
48.53998,43.68254,3.738137E-05,51.0069
48.55998,43.68258,3.727714E-05,51.00688
48.57998,43.68262,3.717291E-05,51.00687
48.59998,43.68266,3.706868E-05,51.00685
48.61998,43.6827,3.696444E-05,51.00684
48.63998,43.68274,3.686021E-05,51.00682
48.65998,43.68277,3.675598E-05,51.0068
48.67998,43.68281,3.665357E-05,51.00678
48.69998,43.68285,3.655117E-05,51.00677
48.71998,43.68289,3.644876E-05,51.00675
48.73998,43.68293,3.634636E-05,51.00674
48.75998,43.68296,3.624395E-05,51.00672
48.77998,43.683,3.614154E-05,51.00671
48.79998,43.68303,3.604097E-05,51.00669
48.81998,43.68307,3.594222E-05,51.00668
48.83998,43.6831,3.584348E-05,51.00666
48.85998,43.68314,3.574473E-05,51.00664
48.87998,43.68317,3.564598E-05,51.00663
48.89998,43.6832,3.554723E-05,51.00661
48.91998,43.68324,3.544849E-05,51.0066
48.93998,43.68327,3.534974E-05,51.00658
48.95998,43.68331,3.525099E-05,51.00657
48.97998,43.68334,3.515407E-05,51.00655
48.99998,43.68338,3.505715E-05,51.00653
49.01998,43.68341,3.496023E-05,51.00652
49.03998,43.68344,3.486332E-05,51.0065
49.05998,43.68348,3.47664E-05,51.00649
49.07998,43.68351,3.466948E-05,51.00647
49.09998,43.68355,3.457256E-05,51.00646
49.11998,43.68358,3.447564E-05,51.00644
49.13998,43.68362,3.437873E-05,51.00643
49.15998,43.68365,3.428363E-05,51.00641
49.17998,43.68369,3.418854E-05,51.0064
49.19998,43.68372,3.409345E-05,51.00639
49.21998,43.68375,3.399836E-05,51.00637
49.23998,43.68379,3.390327E-05,51.00636
49.25998,43.68382,3.380818E-05,51.00634
49.27998,43.68386,3.371309E-05,51.00632
49.29998,43.68389,3.3618E-05,51.00631
49.31998,43.68393,3.352474E-05,51.00629
49.33998,43.68396,3.343148E-05,51.00628
49.35998,43.68399,3.333822E-05,51.00626
49.37998,43.68403,3.324496E-05,51.00625
49.39998,43.68406,3.31517E-05,51.00623
49.41998,43.6841,3.305843E-05,51.00622
49.43998,43.68413,3.296517E-05,51.00621
49.45998,43.68417,3.287191E-05,51.00619
49.47998,43.6842,3.278048E-05,51.00618
49.49998,43.68423,3.268904E-05,51.00616
49.51998,43.68427,3.259761E-05,51.00615
49.53998,43.6843,3.250618E-05,51.00613
49.55998,43.68433,3.241475E-05,51.00612
49.57998,43.68436,3.232514E-05,51.0061
49.59998,43.68439,3.223554E-05,51.00609
49.61998,43.68443,3.214593E-05,51.00608
49.63998,43.68446,3.205633E-05,51.00607
49.65998,43.68449,3.196856E-05,51.00605
49.67998,43.68452,3.188078E-05,51.00603
49.69998,43.68455,3.179301E-05,51.00602
49.71998,43.68458,3.170523E-05,51.00601
49.73998,43.68461,3.161746E-05,51.006
49.75998,43.68464,3.152968E-05,51.00598
49.77998,43.68467,3.14419E-05,51.00597
49.79998,43.6847,3.135412E-05,51.00595
49.81998,43.68473,3.126635E-05,51.00594
49.83998,43.68476,3.11804E-05,51.00593
49.85998,43.68479,3.109446E-05,51.00591
49.87998,43.68482,3.100851E-05,51.0059
49.89998,43.68485,3.092257E-05,51.00589
49.91998,43.68488,3.083662E-05,51.00587
49.93998,43.68491,3.075067E-05,51.00586
49.95998,43.68494,3.066472E-05,51.00584
49.97998,43.68497,3.057878E-05,51.00583
49.99998,43.68501,3.049283E-05,51.00582
50.01998,43.68504,3.040871E-05,51.00581
50.03998,43.68507,3.032459E-05,51.00579
50.05998,43.6851,3.024048E-05,51.00578
50.07998,43.68513,3.015636E-05,51.00577
50.09998,43.68516,3.007224E-05,51.00575
50.11998,43.68519,2.998812E-05,51.00574
50.13998,43.68522,2.9904E-05,51.00573
50.15998,43.68525,2.981988E-05,51.00571
50.17998,43.68528,2.973577E-05,51.0057
50.19998,43.68531,2.965165E-05,51.00569
50.21998,43.68534,2.956936E-05,51.00568
50.23998,43.68537,2.948707E-05,51.00566
50.25998,43.6854,2.940478E-05,51.00565
50.27998,43.68543,2.932249E-05,51.00564
50.29998,43.68546,2.92402E-05,51.00562
50.31998,43.68549,2.915791E-05,51.00561
50.33998,43.68552,2.907562E-05,51.0056
50.35998,43.68555,2.899333E-05,51.00558
50.37998,43.68559,2.891104E-05,51.00557
50.39998,43.68562,2.883058E-05,51.00556
50.41998,43.68565,2.875012E-05,51.00555
50.43998,43.68568,2.866966E-05,51.00553
50.45998,43.6857,2.85892E-05,51.00552
50.47998,43.68573,2.851057E-05,51.00551
50.49998,43.68576,2.843194E-05,51.0055
50.51998,43.68578,2.83533E-05,51.00549
50.53998,43.68581,2.827467E-05,51.00547
50.55998,43.68584,2.819604E-05,51.00546
50.57998,43.68586,2.811741E-05,51.00545
50.59998,43.68589,2.80406E-05,51.00544
50.61998,43.68592,2.79638E-05,51.00542
50.63998,43.68594,2.788699E-05,51.00541
50.65998,43.68597,2.781019E-05,51.0054
50.67998,43.686,2.773339E-05,51.00539
50.69998,43.68602,2.765659E-05,51.00537
50.71998,43.68605,2.757978E-05,51.00536
50.73998,43.68608,2.750298E-05,51.00535
50.75998,43.6861,2.742618E-05,51.00534
50.77998,43.68613,2.734937E-05,51.00533
50.79998,43.68616,2.727257E-05,51.00531
50.81998,43.68618,2.719759E-05,51.0053
50.83998,43.68621,2.712262E-05,51.00529
50.85998,43.68624,2.704764E-05,51.00528
50.87998,43.68626,2.697267E-05,51.00527
50.89998,43.68629,2.689769E-05,51.00526
50.91998,43.68632,2.682272E-05,51.00525
50.93998,43.68634,2.674774E-05,51.00523
50.95998,43.68637,2.667277E-05,51.00522
50.97998,43.6864,2.659779E-05,51.00521
50.99998,43.68642,2.652282E-05,51.0052
51.01998,43.68645,2.644967E-05,51.00519
51.03998,43.68648,2.637653E-05,51.00517
51.05998,43.6865,2.630338E-05,51.00517
51.07998,43.68653,2.623023E-05,51.00515
51.09998,43.68656,2.615709E-05,51.00514
51.11998,43.68658,2.608394E-05,51.00513
51.13998,43.68661,2.60108E-05,51.00512
51.15998,43.68664,2.593765E-05,51.0051
51.17998,43.68666,2.58645E-05,51.0051
51.19998,43.68669,2.579136E-05,51.00508
51.21998,43.68672,2.571821E-05,51.00507
51.23998,43.68674,2.564689E-05,51.00506
51.25998,43.68677,2.557557E-05,51.00505
51.27998,43.6868,2.550426E-05,51.00504
51.29998,43.68682,2.543294E-05,51.00503
51.31998,43.68685,2.536162E-05,51.00502
51.33998,43.68688,2.52903E-05,51.005
51.35998,43.6869,2.521899E-05,51.00499
51.37998,43.68693,2.514767E-05,51.00498
51.39998,43.68696,2.507635E-05,51.00497
51.41998,43.68699,2.500504E-05,51.00496
51.43998,43.68701,2.493372E-05,51.00495
51.45998,43.68704,2.486423E-05,51.00494
51.47998,43.68706,2.479474E-05,51.00493
51.49998,43.68708,2.472708E-05,51.00491
51.51998,43.68711,2.465942E-05,51.00491
51.53998,43.68713,2.459176E-05,51.00489
51.55998,43.68715,2.45241E-05,51.00488
51.57998,43.68718,2.445644E-05,51.00488
51.59998,43.6872,2.438878E-05,51.00486
51.61998,43.68722,2.432112E-05,51.00485
51.63998,43.68724,2.425346E-05,51.00484
51.65998,43.68727,2.41858E-05,51.00483
51.67998,43.68729,2.411814E-05,51.00482
51.69998,43.68731,2.405231E-05,51.00481
51.71998,43.68734,2.398647E-05,51.0048
51.73998,43.68736,2.392064E-05,51.00479
51.75998,43.68738,2.385481E-05,51.00478
51.77998,43.6874,2.378898E-05,51.00477
51.79998,43.68743,2.372315E-05,51.00476
51.81998,43.68745,2.365732E-05,51.00475
51.83998,43.68747,2.359148E-05,51.00474
51.85998,43.6875,2.352565E-05,51.00473
51.87998,43.68752,2.345982E-05,51.00471
51.89998,43.68754,2.339399E-05,51.00471
51.91998,43.68756,2.332816E-05,51.0047
51.93998,43.68759,2.326415E-05,51.00468
51.95998,43.68761,2.320015E-05,51.00468
51.97998,43.68763,2.313615E-05,51.00467
51.99998,43.68766,2.307215E-05,51.00465
52.01998,43.68768,2.300814E-05,51.00465
52.03998,43.6877,2.294414E-05,51.00464
52.05998,43.68773,2.288014E-05,51.00463
52.07998,43.68775,2.281614E-05,51.00462
52.09998,43.68777,2.275213E-05,51.00461
52.11998,43.68779,2.268813E-05,51.0046
52.13998,43.68782,2.262413E-05,51.00459
52.15998,43.68784,2.256012E-05,51.00458
52.17998,43.68786,2.249795E-05,51.00457
52.19998,43.68789,2.243577E-05,51.00455
52.21998,43.68791,2.23736E-05,51.00455
52.23998,43.68793,2.231143E-05,51.00454
52.25998,43.68795,2.224925E-05,51.00453
52.27998,43.68798,2.218708E-05,51.00452
52.29998,43.688,2.21249E-05,51.00451
52.31998,43.68802,2.206273E-05,51.0045
52.33998,43.68805,2.200055E-05,51.00449
52.35998,43.68807,2.193838E-05,51.00448
52.37998,43.68809,2.187621E-05,51.00447
52.39998,43.68811,2.181403E-05,51.00446
52.41998,43.68814,2.175186E-05,51.00445
52.43998,43.68816,2.169151E-05,51.00444
52.45998,43.68818,2.163117E-05,51.00443
52.47998,43.68821,2.157082E-05,51.00442
52.49998,43.68823,2.151048E-05,51.00441
52.51998,43.68825,2.145013E-05,51.0044
52.53998,43.68827,2.138978E-05,51.00439
52.55998,43.6883,2.132944E-05,51.00438
52.57998,43.68832,2.126909E-05,51.00437
52.59998,43.68834,2.120875E-05,51.00436
52.61998,43.68837,2.11484E-05,51.00436
52.63998,43.68839,2.108806E-05,51.00435
52.65998,43.68841,2.102771E-05,51.00434
52.67998,43.68843,2.096736E-05,51.00433
52.69998,43.68845,2.091067E-05,51.00432
52.71998,43.68847,2.085399E-05,51.00431
52.73998,43.68849,2.07973E-05,51.0043
52.75998,43.68851,2.074061E-05,51.00429
52.77998,43.68853,2.068392E-05,51.00428
52.79998,43.68855,2.062723E-05,51.00427
52.81998,43.68856,2.057055E-05,51.00426
52.83998,43.68858,2.051386E-05,51.00426
52.85998,43.6886,2.045717E-05,51.00425
52.87998,43.68862,2.040048E-05,51.00424
52.89998,43.68864,2.034379E-05,51.00423
52.91998,43.68866,2.028711E-05,51.00422
52.93998,43.68868,2.023042E-05,51.00421
52.95998,43.6887,2.017373E-05,51.0042
52.97998,43.68872,2.011887E-05,51.0042
52.99998,43.68874,2.006401E-05,51.00418
53.01998,43.68876,2.000915E-05,51.00418
53.03998,43.68877,1.995429E-05,51.00417
53.05998,43.68879,1.989943E-05,51.00416
53.07998,43.68881,1.984457E-05,51.00415
53.09998,43.68883,1.978971E-05,51.00414
53.11998,43.68885,1.973485E-05,51.00414
53.13998,43.68887,1.967999E-05,51.00413
53.15998,43.68889,1.962513E-05,51.00412
53.17998,43.68891,1.957027E-05,51.00411
53.19998,43.68893,1.951541E-05,51.0041
53.21998,43.68895,1.946055E-05,51.00409
53.23998,43.68896,1.940569E-05,51.00408
53.25998,43.68898,1.935266E-05,51.00407
53.27998,43.689,1.929963E-05,51.00407
53.29998,43.68902,1.92466E-05,51.00406
53.31998,43.68904,1.919357E-05,51.00405
53.33998,43.68906,1.914054E-05,51.00404
53.35998,43.68908,1.908751E-05,51.00403
53.37998,43.6891,1.903447E-05,51.00402
53.39998,43.68912,1.898144E-05,51.00402
53.41998,43.68914,1.892841E-05,51.00401
53.43998,43.68916,1.887538E-05,51.004
53.45998,43.68917,1.882235E-05,51.00399
53.47998,43.68919,1.876932E-05,51.00398
53.49998,43.68921,1.871629E-05,51.00397
53.51998,43.68923,1.866326E-05,51.00397
53.53998,43.68925,1.861023E-05,51.00396
53.55998,43.68927,1.855902E-05,51.00395
53.57998,43.68929,1.850782E-05,51.00394
53.59998,43.68931,1.845662E-05,51.00393
53.61998,43.68933,1.840542E-05,51.00393
53.63998,43.68935,1.835421E-05,51.00392
53.65998,43.68937,1.830301E-05,51.00391
53.67998,43.68938,1.825181E-05,51.0039
53.69998,43.6894,1.820061E-05,51.00389
53.71998,43.68942,1.814941E-05,51.00388
53.73998,43.68944,1.80982E-05,51.00388
53.75998,43.68946,1.8047E-05,51.00387
53.77998,43.68948,1.79958E-05,51.00386
53.79998,43.6895,1.79446E-05,51.00385
53.81998,43.68952,1.789339E-05,51.00385
53.83998,43.68954,1.784219E-05,51.00384
53.85998,43.68956,1.779099E-05,51.00383
53.87998,43.68958,1.774162E-05,51.00382
53.89998,43.68959,1.769224E-05,51.00381
53.91998,43.68961,1.764287E-05,51.00381
53.93998,43.68963,1.759349E-05,51.0038
53.95998,43.68965,1.754412E-05,51.00379
53.97998,43.68967,1.749475E-05,51.00378
53.99998,43.68969,1.744537E-05,51.00378
54.01998,43.68971,1.7396E-05,51.00377
54.03998,43.68973,1.734663E-05,51.00376
54.05998,43.68975,1.729725E-05,51.00375
54.07998,43.68977,1.724788E-05,51.00375
54.09998,43.68979,1.71985E-05,51.00374
54.11998,43.6898,1.714913E-05,51.00373
54.13998,43.68982,1.710159E-05,51.00372
54.15998,43.68983,1.705404E-05,51.00372
54.17998,43.68985,1.70065E-05,51.00371
54.19998,43.68986,1.696078E-05,51.0037
54.21998,43.68988,1.691506E-05,51.00369
54.23998,43.68989,1.686935E-05,51.00368
54.25998,43.68991,1.682363E-05,51.00368
54.27998,43.68992,1.677791E-05,51.00367
54.29998,43.68994,1.67322E-05,51.00366
54.31998,43.68995,1.668648E-05,51.00365
54.33998,43.68997,1.664076E-05,51.00365
54.35998,43.68998,1.659505E-05,51.00364
54.37998,43.69,1.654933E-05,51.00364
54.39998,43.69001,1.650362E-05,51.00363
54.41998,43.69003,1.64579E-05,51.00362
54.43998,43.69004,1.641218E-05,51.00362
54.45998,43.69006,1.636647E-05,51.00361
54.47998,43.69007,1.632075E-05,51.0036
54.49998,43.69009,1.627503E-05,51.00359
54.51998,43.69011,1.622932E-05,51.00359
54.53998,43.69012,1.618543E-05,51.00358
54.55998,43.69014,1.614154E-05,51.00357
54.57998,43.69015,1.609765E-05,51.00356
54.59998,43.69017,1.605377E-05,51.00356
54.61998,43.69018,1.600988E-05,51.00355
54.63998,43.6902,1.596599E-05,51.00354
54.65998,43.69021,1.59221E-05,51.00354
54.67998,43.69023,1.587821E-05,51.00353
54.69998,43.69024,1.583433E-05,51.00352
54.71998,43.69026,1.579044E-05,51.00352
54.73998,43.69027,1.574655E-05,51.00351
54.75998,43.69029,1.570266E-05,51.0035
54.77998,43.6903,1.565878E-05,51.00349
54.79998,43.69032,1.561489E-05,51.00349
54.81998,43.69033,1.5571E-05,51.00348
54.83998,43.69035,1.552711E-05,51.00348
54.85998,43.69036,1.548323E-05,51.00347
54.87998,43.69038,1.543934E-05,51.00346
54.89998,43.6904,1.539728E-05,51.00346
54.91998,43.69041,1.535522E-05,51.00345
54.93998,43.69043,1.531316E-05,51.00344
54.95998,43.69044,1.52711E-05,51.00343
54.97998,43.69046,1.522904E-05,51.00343
54.99998,43.69047,1.518698E-05,51.00342
55.01998,43.69049,1.514492E-05,51.00342
55.03998,43.6905,1.510287E-05,51.00341
55.05998,43.69052,1.506081E-05,51.0034
55.07998,43.69053,1.501875E-05,51.0034
55.09998,43.69055,1.497669E-05,51.00339
55.11998,43.69056,1.493463E-05,51.00338
55.13998,43.69058,1.489257E-05,51.00338
55.15998,43.69059,1.485051E-05,51.00337
55.17998,43.69061,1.480845E-05,51.00336
55.19998,43.69062,1.476639E-05,51.00336
55.21998,43.69064,1.472433E-05,51.00335
55.23998,43.69065,1.468227E-05,51.00334
55.25998,43.69067,1.464022E-05,51.00333
55.27998,43.69069,1.459999E-05,51.00333
55.29998,43.6907,1.455975E-05,51.00332
55.31998,43.69072,1.451952E-05,51.00332
55.33998,43.69073,1.447929E-05,51.00331
55.35998,43.69075,1.443906E-05,51.0033
55.37998,43.69076,1.439883E-05,51.0033
55.39998,43.69078,1.43586E-05,51.00329
55.41998,43.69079,1.431837E-05,51.00329
55.43998,43.69081,1.427814E-05,51.00328
55.45998,43.69082,1.423791E-05,51.00327
55.47998,43.69084,1.419768E-05,51.00327
55.49998,43.69085,1.415745E-05,51.00326
55.51998,43.69087,1.411722E-05,51.00325
55.53998,43.69088,1.407699E-05,51.00325
55.55998,43.6909,1.403676E-05,51.00324
55.57998,43.69091,1.399653E-05,51.00323
55.59998,43.69093,1.39563E-05,51.00323
55.61998,43.69094,1.391607E-05,51.00322
55.63998,43.69096,1.387584E-05,51.00322
55.65998,43.69098,1.383561E-05,51.00321
55.67998,43.69099,1.379721E-05,51.0032
55.69998,43.69101,1.37588E-05,51.0032
55.71998,43.69102,1.37204E-05,51.00319
55.73998,43.69104,1.3682E-05,51.00319
55.75998,43.69105,1.36436E-05,51.00318
55.77998,43.69107,1.36052E-05,51.00317
55.79998,43.69108,1.35668E-05,51.00317
55.81998,43.6911,1.352839E-05,51.00316
55.83998,43.69111,1.348999E-05,51.00316
55.85998,43.69113,1.345159E-05,51.00315
55.87998,43.69114,1.341319E-05,51.00314
55.89998,43.69116,1.337479E-05,51.00314
55.91998,43.69117,1.333638E-05,51.00313
55.93998,43.69118,1.329981E-05,51.00313
55.95998,43.69119,1.326324E-05,51.00312
55.97998,43.6912,1.322666E-05,51.00311
55.99998,43.69122,1.319009E-05,51.00311
56.01998,43.69123,1.315352E-05,51.00311
56.03998,43.69124,1.311695E-05,51.0031
56.05998,43.69125,1.308037E-05,51.00309
56.07998,43.69126,1.30438E-05,51.00309
56.09998,43.69127,1.300905E-05,51.00308
56.11998,43.69128,1.297431E-05,51.00307
56.13998,43.6913,1.293957E-05,51.00307
56.15998,43.69131,1.290482E-05,51.00307
56.17998,43.69132,1.287008E-05,51.00306
56.19998,43.69133,1.283533E-05,51.00305
56.21998,43.69134,1.280059E-05,51.00305
56.23998,43.69135,1.276584E-05,51.00304
56.25998,43.69136,1.27311E-05,51.00304
56.27998,43.69138,1.269636E-05,51.00303
56.29998,43.69139,1.266161E-05,51.00303
56.31998,43.6914,1.262687E-05,51.00302
56.33998,43.69141,1.259212E-05,51.00301
56.35998,43.69142,1.255738E-05,51.00301
56.37998,43.69143,1.252263E-05,51.00301
56.39998,43.69144,1.248789E-05,51.003
56.41998,43.69146,1.245314E-05,51.00299
56.43998,43.69147,1.24184E-05,51.00299
56.45998,43.69148,1.238365E-05,51.00298
56.47998,43.69149,1.234891E-05,51.00298
56.49998,43.6915,1.231417E-05,51.00297
56.51998,43.69151,1.227942E-05,51.00297
56.53998,43.69152,1.224651E-05,51.00296
56.55998,43.69154,1.221359E-05,51.00296
56.57998,43.69155,1.218067E-05,51.00295
56.59998,43.69156,1.214776E-05,51.00294
56.61998,43.69157,1.211484E-05,51.00294
56.63998,43.69158,1.208193E-05,51.00294
56.65998,43.69159,1.204901E-05,51.00293
56.67998,43.6916,1.201609E-05,51.00293
56.69998,43.69162,1.198318E-05,51.00292
56.71998,43.69163,1.195026E-05,51.00291
56.73998,43.69164,1.191735E-05,51.00291
56.75998,43.69165,1.188443E-05,51.00291
56.77998,43.69166,1.185152E-05,51.0029
56.79998,43.69167,1.18186E-05,51.00289
56.81998,43.69168,1.178568E-05,51.00289
56.83998,43.6917,1.175277E-05,51.00288
56.85998,43.69171,1.171985E-05,51.00288
56.87998,43.69172,1.168694E-05,51.00288
56.89998,43.69173,1.165402E-05,51.00287
56.91998,43.69174,1.16211E-05,51.00286
56.93998,43.69175,1.158819E-05,51.00286
56.95998,43.69176,1.155527E-05,51.00285
56.97998,43.69178,1.152236E-05,51.00285
56.99998,43.69179,1.148944E-05,51.00284
57.01998,43.6918,1.145836E-05,51.00284
57.03998,43.69181,1.142727E-05,51.00283
57.05998,43.69182,1.139618E-05,51.00283
57.07998,43.69183,1.136509E-05,51.00282
57.09998,43.69184,1.133401E-05,51.00282
57.11998,43.69186,1.130292E-05,51.00282
57.13998,43.69187,1.127183E-05,51.00281
57.15998,43.69188,1.124075E-05,51.0028
57.17998,43.69189,1.120966E-05,51.0028
57.19998,43.6919,1.117857E-05,51.00279
57.21998,43.69191,1.114748E-05,51.00279
57.23998,43.69193,1.11164E-05,51.00278
57.25998,43.69194,1.108531E-05,51.00278
57.27998,43.69195,1.105422E-05,51.00278
57.29998,43.69196,1.102313E-05,51.00277
57.31998,43.69197,1.099205E-05,51.00277
57.33998,43.69198,1.096096E-05,51.00276
57.35998,43.69199,1.092987E-05,51.00275
57.37998,43.69201,1.089879E-05,51.00275
57.39998,43.69202,1.08677E-05,51.00275
57.41998,43.69203,1.083661E-05,51.00274
57.43998,43.69204,1.080553E-05,51.00274
57.45998,43.69205,1.077444E-05,51.00273
57.47998,43.69206,1.074335E-05,51.00272
57.49998,43.69207,1.071226E-05,51.00272
57.51998,43.69209,1.068118E-05,51.00272
57.53998,43.6921,1.065192E-05,51.00271
57.55998,43.69211,1.062266E-05,51.00271
57.57998,43.69212,1.05934E-05,51.0027
57.59998,43.69213,1.056414E-05,51.0027
57.61998,43.69214,1.053488E-05,51.00269
57.63998,43.69215,1.050563E-05,51.00269
57.65998,43.69217,1.047637E-05,51.00269
57.67998,43.69218,1.044711E-05,51.00268
57.69998,43.69219,1.041785E-05,51.00267
57.71998,43.6922,1.038859E-05,51.00267
57.73998,43.69221,1.035933E-05,51.00267
57.75998,43.69222,1.033007E-05,51.00266
57.77998,43.69223,1.030082E-05,51.00266
57.79998,43.69225,1.027156E-05,51.00265
57.81998,43.69226,1.02423E-05,51.00265
57.83998,43.69227,1.021304E-05,51.00264
57.85998,43.69228,1.018378E-05,51.00264
57.87998,43.69229,1.015452E-05,51.00263
57.89998,43.6923,1.012527E-05,51.00263
57.91998,43.69231,1.009601E-05,51.00262
57.93998,43.69233,1.006675E-05,51.00262
57.95998,43.69234,1.003749E-05,51.00262
57.97998,43.69235,1.000823E-05,51.00261
57.99998,43.69236,9.978972E-06,51.00261
58.01998,43.69237,9.949715E-06,51.0026
58.03998,43.69238,9.920456E-06,51.0026
58.05998,43.69239,9.891197E-06,51.00259
58.07998,43.69241,9.863768E-06,51.00259
58.09998,43.69242,9.836338E-06,51.00259
58.11998,43.69243,9.808908E-06,51.00258
58.13998,43.69244,9.781478E-06,51.00257
58.15998,43.69245,9.754048E-06,51.00257
58.17998,43.69246,9.726618E-06,51.00257
58.19998,43.69247,9.699188E-06,51.00256
58.21998,43.69249,9.671759E-06,51.00256
58.23998,43.6925,9.644329E-06,51.00256
58.25998,43.69251,9.6169E-06,51.00255
58.27998,43.69252,9.589469E-06,51.00254
58.29998,43.69253,9.562039E-06,51.00254
58.31998,43.69254,9.534609E-06,51.00254
58.33998,43.69255,9.509008E-06,51.00253
58.35998,43.69255,9.483407E-06,51.00253
58.37998,43.69256,9.457806E-06,51.00253
58.39998,43.69257,9.432205E-06,51.00252
58.41998,43.69258,9.406604E-06,51.00252
58.43998,43.69258,9.381003E-06,51.00251
58.45998,43.69259,9.355402E-06,51.00251
58.47998,43.6926,9.3298E-06,51.0025
58.49998,43.69261,9.304199E-06,51.0025
58.51998,43.69262,9.278598E-06,51.00249
58.53998,43.69262,9.252996E-06,51.00249
58.55998,43.69263,9.227395E-06,51.00249
58.57998,43.69264,9.201794E-06,51.00249
58.59998,43.69265,9.176193E-06,51.00248
58.61998,43.69265,9.150592E-06,51.00248
58.63998,43.69266,9.12499E-06,51.00247
58.65998,43.69267,9.09939E-06,51.00247
58.67998,43.69268,9.075618E-06,51.00246
58.69998,43.69268,9.051844E-06,51.00246
58.71998,43.69269,9.028072E-06,51.00246
58.73998,43.6927,9.004299E-06,51.00245
58.75998,43.69271,8.980527E-06,51.00245
58.77998,43.69271,8.956754E-06,51.00245
58.79998,43.69272,8.932981E-06,51.00244
58.81998,43.69273,8.90921E-06,51.00244
58.83998,43.69274,8.885437E-06,51.00243
58.85998,43.69275,8.861664E-06,51.00243
58.87998,43.69275,8.837892E-06,51.00243
58.89998,43.69276,8.81412E-06,51.00243
58.91998,43.69277,8.790346E-06,51.00242
58.93998,43.69278,8.766574E-06,51.00242
58.95998,43.69278,8.742802E-06,51.00241
58.97998,43.69279,8.719029E-06,51.00241
58.99998,43.6928,8.695257E-06,51.0024
59.01998,43.69281,8.671484E-06,51.0024
59.03998,43.69281,8.647712E-06,51.0024
59.05998,43.69282,8.623939E-06,51.0024
59.07998,43.69283,8.600166E-06,51.00239
59.09998,43.69284,8.576394E-06,51.00239
59.11998,43.69284,8.552622E-06,51.00238
59.13998,43.69285,8.528849E-06,51.00238
59.15998,43.69286,8.505077E-06,51.00237
59.17998,43.69287,8.481305E-06,51.00237
59.19998,43.69287,8.457531E-06,51.00237
59.21998,43.69288,8.433759E-06,51.00237
59.23998,43.69289,8.409987E-06,51.00236
59.25998,43.6929,8.386214E-06,51.00236
59.27998,43.69291,8.362441E-06,51.00235
59.29998,43.69291,8.338669E-06,51.00235
59.31998,43.69292,8.314896E-06,51.00235
59.33998,43.69293,8.292953E-06,51.00234
59.35998,43.69294,8.271008E-06,51.00234
59.37998,43.69294,8.249064E-06,51.00233
59.39998,43.69295,8.227121E-06,51.00233
59.41998,43.69296,8.205177E-06,51.00233
59.43998,43.69297,8.183233E-06,51.00233
59.45998,43.69297,8.161289E-06,51.00232
59.47998,43.69298,8.139345E-06,51.00232
59.49998,43.69299,8.117401E-06,51.00232
59.51998,43.693,8.095458E-06,51.00231
59.53998,43.693,8.073514E-06,51.00231
59.55998,43.69301,8.05157E-06,51.0023
59.57998,43.69302,8.029626E-06,51.0023
59.59998,43.69303,8.007682E-06,51.0023
59.61998,43.69304,7.985738E-06,51.0023
59.63998,43.69304,7.963795E-06,51.00229
59.65998,43.69305,7.941851E-06,51.00229
59.67998,43.69306,7.919907E-06,51.00228
59.69998,43.69307,7.897963E-06,51.00228
59.71998,43.69307,7.876019E-06,51.00228
59.73998,43.69308,7.854075E-06,51.00227
59.75998,43.69309,7.832132E-06,51.00227
59.77998,43.6931,7.810188E-06,51.00227
59.79998,43.6931,7.788243E-06,51.00227
59.81998,43.69311,7.766299E-06,51.00226
59.83998,43.69312,7.744356E-06,51.00226
59.85998,43.69313,7.722412E-06,51.00225
59.87998,43.69313,7.700468E-06,51.00225
59.89998,43.69314,7.678525E-06,51.00225
59.91998,43.69315,7.65658E-06,51.00224
59.93998,43.69316,7.634637E-06,51.00224
59.95998,43.69316,7.612693E-06,51.00224
59.97998,43.69317,7.590749E-06,51.00223
59.99998,43.69318,7.568805E-06,51.00223
60.01998,43.69319,7.546862E-06,51.00223
60.03998,43.6932,7.524917E-06,51.00222
60.05998,43.6932,7.504801E-06,51.00222
60.07998,43.69321,7.484687E-06,51.00222
60.09998,43.69322,7.464571E-06,51.00221
60.11998,43.69323,7.444456E-06,51.00221
60.13998,43.69323,7.424342E-06,51.0022
60.15998,43.69324,7.404226E-06,51.0022
60.17998,43.69325,7.384111E-06,51.0022
60.19998,43.69326,7.363996E-06,51.0022
60.21998,43.69326,7.34388E-06,51.00219
60.23998,43.69327,7.323765E-06,51.00219
60.25998,43.69328,7.303649E-06,51.00219
60.27998,43.69329,7.283535E-06,51.00218
60.29998,43.69329,7.263419E-06,51.00218
60.31998,43.6933,7.243304E-06,51.00218
60.33998,43.69331,7.223189E-06,51.00217
60.35998,43.69332,7.203074E-06,51.00217
60.37998,43.69333,7.182959E-06,51.00217
60.39998,43.69333,7.162844E-06,51.00217
60.41998,43.69334,7.142728E-06,51.00216
60.43998,43.69335,7.122613E-06,51.00216
60.45998,43.69336,7.102497E-06,51.00216
60.47998,43.69336,7.082383E-06,51.00215
60.49998,43.69337,7.062267E-06,51.00215
60.51998,43.69338,7.042152E-06,51.00214
60.53998,43.69339,7.022037E-06,51.00214
60.55998,43.69339,7.001922E-06,51.00214
60.57998,43.6934,6.981807E-06,51.00214
60.59998,43.69341,6.961692E-06,51.00214
60.61998,43.69342,6.941576E-06,51.00213
60.63998,43.69342,6.921461E-06,51.00213
60.65998,43.69343,6.901345E-06,51.00212
60.67998,43.69344,6.881231E-06,51.00212
60.69998,43.69345,6.861115E-06,51.00212
60.71998,43.69345,6.841E-06,51.00211
60.73998,43.69346,6.820885E-06,51.00211
60.75998,43.69347,6.80077E-06,51.00211
60.77998,43.69348,6.780654E-06,51.00211
60.79998,43.69349,6.76054E-06,51.0021
60.81998,43.69349,6.740424E-06,51.0021
60.83998,43.6935,6.720309E-06,51.0021
60.85998,43.69351,6.702022E-06,51.00209
60.87998,43.69352,6.683736E-06,51.00209
60.89998,43.69352,6.665449E-06,51.00209
60.91998,43.69353,6.647163E-06,51.00208
60.93998,43.69354,6.628876E-06,51.00208
60.95998,43.69355,6.610589E-06,51.00208
60.97998,43.69355,6.592303E-06,51.00208
60.99998,43.69356,6.574016E-06,51.00208
61.01998,43.69357,6.55573E-06,51.00207
61.03998,43.69358,6.537443E-06,51.00207
61.05998,43.69358,6.519157E-06,51.00206
61.07998,43.69359,6.50087E-06,51.00206
61.09998,43.6936,6.482584E-06,51.00206
61.11998,43.69361,6.464297E-06,51.00206
61.13998,43.69361,6.446011E-06,51.00205
61.15998,43.69362,6.427724E-06,51.00205
61.17998,43.69363,6.409437E-06,51.00204
61.19998,43.69364,6.391151E-06,51.00204
61.21998,43.69365,6.372864E-06,51.00204
61.23998,43.69365,6.354578E-06,51.00204
61.25998,43.69366,6.336291E-06,51.00204
61.27998,43.69367,6.318005E-06,51.00203
61.29998,43.69368,6.299718E-06,51.00203
61.31998,43.69368,6.281432E-06,51.00203
61.33998,43.69369,6.263145E-06,51.00202
61.35998,43.6937,6.244858E-06,51.00202
61.37998,43.69371,6.226572E-06,51.00202
61.39998,43.69371,6.208285E-06,51.00201
61.41998,43.69372,6.189999E-06,51.00201
61.43998,43.69373,6.171712E-06,51.00201
61.45998,43.69374,6.153426E-06,51.00201
61.47998,43.69374,6.135139E-06,51.00201
61.49998,43.69375,6.116853E-06,51.002
61.51998,43.69376,6.098566E-06,51.002
61.53998,43.69377,6.080279E-06,51.002
61.55998,43.69378,6.061993E-06,51.00199
61.57998,43.69378,6.043706E-06,51.00199
61.59998,43.69379,6.02542E-06,51.00199
61.61998,43.6938,6.007133E-06,51.00198
61.63998,43.69381,5.988847E-06,51.00198
61.65998,43.69381,5.97056E-06,51.00198
61.67998,43.69382,5.952274E-06,51.00198
61.69998,43.69383,5.933987E-06,51.00197
61.71998,43.69384,5.917529E-06,51.00197
61.73998,43.69384,5.901071E-06,51.00197
61.75998,43.69385,5.884614E-06,51.00196
61.77998,43.69386,5.868155E-06,51.00196
61.79998,43.69387,5.851698E-06,51.00196
61.81998,43.69387,5.83524E-06,51.00196
61.83998,43.69388,5.818782E-06,51.00195
61.85998,43.69389,5.802324E-06,51.00195
61.87998,43.6939,5.785866E-06,51.00195
61.89998,43.6939,5.769408E-06,51.00195
61.91998,43.69391,5.75295E-06,51.00195
61.93998,43.69392,5.736492E-06,51.00194
61.95998,43.69392,5.720034E-06,51.00194
61.97998,43.69393,5.705405E-06,51.00194
61.99998,43.69393,5.690776E-06,51.00193
62.01998,43.69394,5.676146E-06,51.00193
62.03998,43.69394,5.661518E-06,51.00193
62.05998,43.69394,5.646888E-06,51.00193
62.07998,43.69395,5.632259E-06,51.00193
62.09998,43.69395,5.61763E-06,51.00192
62.11998,43.69395,5.603E-06,51.00192
62.13998,43.69396,5.588371E-06,51.00192
62.15998,43.69396,5.573742E-06,51.00191
62.17998,43.69397,5.559113E-06,51.00191
62.19998,43.69397,5.544483E-06,51.00191
62.21998,43.69397,5.529854E-06,51.00191
62.23998,43.69398,5.515225E-06,51.00191
62.25998,43.69398,5.500595E-06,51.00191
62.27998,43.69398,5.485967E-06,51.0019
62.29998,43.69399,5.471337E-06,51.0019
62.31998,43.69399,5.456708E-06,51.0019
62.33998,43.694,5.442079E-06,51.0019
62.35998,43.694,5.427449E-06,51.00189
62.37998,43.694,5.41282E-06,51.00189
62.39998,43.69401,5.398191E-06,51.00189
62.41998,43.69401,5.383562E-06,51.00188
62.43998,43.69402,5.368933E-06,51.00188
62.45998,43.69402,5.354303E-06,51.00188
62.47998,43.69402,5.339674E-06,51.00188
62.49998,43.69403,5.325045E-06,51.00188
62.51998,43.69403,5.310415E-06,51.00188
62.53998,43.69403,5.295786E-06,51.00187
62.55998,43.69404,5.281157E-06,51.00187
62.57998,43.69404,5.266528E-06,51.00187
62.59998,43.69405,5.251899E-06,51.00187
62.61998,43.69405,5.237269E-06,51.00186
62.63998,43.69405,5.22264E-06,51.00186
62.65998,43.69406,5.20801E-06,51.00186
62.67998,43.69406,5.193382E-06,51.00186
62.69998,43.69407,5.178752E-06,51.00185
62.71998,43.69407,5.164123E-06,51.00185
62.73998,43.69407,5.149494E-06,51.00185
62.75998,43.69408,5.136693E-06,51.00185
62.77998,43.69408,5.123893E-06,51.00185
62.79998,43.69408,5.111092E-06,51.00185
62.81998,43.69409,5.098291E-06,51.00184
62.83998,43.69409,5.085491E-06,51.00184
62.85998,43.6941,5.07269E-06,51.00184
62.87998,43.6941,5.05989E-06,51.00184
62.89998,43.6941,5.047089E-06,51.00183
62.91998,43.69411,5.034288E-06,51.00183
62.93998,43.69411,5.021488E-06,51.00183
62.95998,43.69411,5.008687E-06,51.00183
62.97998,43.69412,4.995887E-06,51.00182
62.99998,43.69412,4.983086E-06,51.00182
63.01998,43.69413,4.970286E-06,51.00182
63.03998,43.69413,4.957485E-06,51.00182
63.05998,43.69413,4.944684E-06,51.00182
63.07998,43.69414,4.931884E-06,51.00182
63.09998,43.69414,4.919083E-06,51.00182
63.11998,43.69415,4.906282E-06,51.00181
63.13998,43.69415,4.893482E-06,51.00181
63.15998,43.69415,4.880681E-06,51.00181
63.17998,43.69416,4.867881E-06,51.00181
63.19998,43.69416,4.85508E-06,51.0018
63.21998,43.69416,4.84228E-06,51.0018
63.23998,43.69417,4.829479E-06,51.0018
63.25998,43.69417,4.816678E-06,51.0018
63.27998,43.69418,4.803878E-06,51.0018
63.29998,43.69418,4.791078E-06,51.00179
63.31998,43.69418,4.778277E-06,51.00179
63.33998,43.69419,4.765476E-06,51.00179
63.35998,43.69419,4.752676E-06,51.00179
63.37998,43.69419,4.739875E-06,51.00179
63.39998,43.6942,4.727074E-06,51.00179
63.41998,43.6942,4.714273E-06,51.00178
63.43998,43.69421,4.701473E-06,51.00178
63.45998,43.69421,4.688673E-06,51.00178
63.47998,43.69421,4.675872E-06,51.00178
63.49998,43.69422,4.663071E-06,51.00177
63.51998,43.69422,4.650271E-06,51.00177
63.53998,43.69423,4.63747E-06,51.00177
63.55998,43.69423,4.62467E-06,51.00177
63.57998,43.69423,4.611869E-06,51.00177
63.59998,43.69424,4.599069E-06,51.00176
63.61998,43.69424,4.586268E-06,51.00176
63.63998,43.69424,4.573467E-06,51.00176
63.65998,43.69425,4.560667E-06,51.00176
63.67998,43.69425,4.547866E-06,51.00175
63.69998,43.69426,4.535065E-06,51.00175
63.71998,43.69426,4.522265E-06,51.00175
63.73998,43.69426,4.509464E-06,51.00175
63.75998,43.69427,4.496664E-06,51.00175
63.77998,43.69427,4.483863E-06,51.00175
63.79998,43.69427,4.471063E-06,51.00174
63.81998,43.69428,4.458262E-06,51.00174
63.83998,43.69428,4.445461E-06,51.00174
63.85998,43.69429,4.432661E-06,51.00174
63.87998,43.69429,4.41986E-06,51.00174
63.89998,43.69429,4.40706E-06,51.00173
63.91998,43.6943,4.394259E-06,51.00173
63.93998,43.6943,4.381458E-06,51.00173
63.95998,43.69431,4.368658E-06,51.00173
63.97998,43.69431,4.355857E-06,51.00172
63.99998,43.69431,4.344885E-06,51.00172
64.01997,43.69432,4.333913E-06,51.00172
64.03998,43.69432,4.322942E-06,51.00172
64.05997,43.69432,4.311969E-06,51.00172
64.07998,43.69433,4.300998E-06,51.00172
64.09998,43.69433,4.290026E-06,51.00172
64.11998,43.69434,4.279054E-06,51.00171
64.13998,43.69434,4.268082E-06,51.00171
64.15998,43.69434,4.25711E-06,51.00171
64.17998,43.69435,4.246138E-06,51.00171
64.19997,43.69435,4.235166E-06,51.00171
64.21998,43.69436,4.224194E-06,51.00171
64.23997,43.69436,4.213222E-06,51.0017
64.25998,43.69436,4.20225E-06,51.0017
64.27998,43.69437,4.191278E-06,51.0017
64.29998,43.69437,4.180306E-06,51.0017
64.31998,43.69437,4.169334E-06,51.00169
64.33997,43.69438,4.158363E-06,51.00169
64.35998,43.69438,4.14739E-06,51.00169
64.37997,43.69439,4.136419E-06,51.00169
64.39998,43.69439,4.125447E-06,51.00169
64.41998,43.69439,4.114475E-06,51.00169
64.43998,43.6944,4.103503E-06,51.00169
64.45998,43.6944,4.092531E-06,51.00169
64.47998,43.6944,4.081559E-06,51.00168
64.49998,43.69441,4.070587E-06,51.00168
64.51997,43.69441,4.059615E-06,51.00168
64.53998,43.69442,4.048643E-06,51.00168
64.55997,43.69442,4.037671E-06,51.00168
64.57998,43.69442,4.0267E-06,51.00167
64.59998,43.69443,4.015727E-06,51.00167
64.61998,43.69443,4.004756E-06,51.00167
64.63998,43.69444,3.993784E-06,51.00167
64.65998,43.69444,3.982812E-06,51.00167
64.67998,43.69444,3.97184E-06,51.00166
64.69997,43.69445,3.960868E-06,51.00166
64.71998,43.69445,3.949896E-06,51.00166
64.73997,43.69445,3.938924E-06,51.00166
64.75998,43.69446,3.927952E-06,51.00166
64.77998,43.69446,3.91698E-06,51.00166
64.79998,43.69447,3.906008E-06,51.00166
64.81998,43.69447,3.895036E-06,51.00166
64.83997,43.69447,3.884064E-06,51.00165
64.85998,43.69448,3.873092E-06,51.00165
64.87997,43.69448,3.86212E-06,51.00165
64.89998,43.69448,3.851148E-06,51.00165
64.91998,43.69449,3.840176E-06,51.00164
64.93998,43.69449,3.829205E-06,51.00164
64.95998,43.6945,3.818232E-06,51.00164
64.97998,43.6945,3.807261E-06,51.00164
64.99998,43.6945,3.796289E-06,51.00164
65.01997,43.69451,3.785317E-06,51.00164
65.03998,43.69451,3.774345E-06,51.00163
65.05997,43.69452,3.763373E-06,51.00163
65.07998,43.69452,3.752401E-06,51.00163
65.09998,43.69452,3.741429E-06,51.00163
65.11998,43.69453,3.730457E-06,51.00163
65.13998,43.69453,3.719485E-06,51.00163
65.15997,43.69453,3.708513E-06,51.00163
65.17998,43.69454,3.697541E-06,51.00163
65.19997,43.69454,3.686569E-06,51.00162
65.21998,43.69455,3.675598E-06,51.00162
65.23997,43.69455,3.664625E-06,51.00162
65.25998,43.69455,3.653653E-06,51.00162
65.27998,43.69456,3.642682E-06,51.00161
65.29998,43.69456,3.63171E-06,51.00161
65.31998,43.69456,3.620738E-06,51.00161
65.33997,43.69457,3.609766E-06,51.00161
65.35998,43.69457,3.598794E-06,51.00161
65.37997,43.69458,3.587822E-06,51.00161
65.39998,43.69458,3.57685E-06,51.0016
65.41998,43.69458,3.565878E-06,51.0016
65.43998,43.69459,3.556735E-06,51.0016
65.45998,43.69459,3.547591E-06,51.0016
65.47998,43.6946,3.538448E-06,51.0016
65.49998,43.6946,3.529305E-06,51.00159
65.51997,43.6946,3.520162E-06,51.00159
65.53998,43.69461,3.511019E-06,51.00159
65.55997,43.69461,3.501875E-06,51.00159
65.57998,43.69461,3.492732E-06,51.00159
65.59998,43.69462,3.483589E-06,51.00159
65.61998,43.69462,3.474445E-06,51.00159
65.63998,43.69463,3.465302E-06,51.00159
65.65997,43.69463,3.456159E-06,51.00159
65.67998,43.69463,3.447015E-06,51.00158
65.69997,43.69464,3.437872E-06,51.00158
65.71998,43.69464,3.428729E-06,51.00158
65.73997,43.69464,3.419586E-06,51.00158
65.75998,43.69465,3.410443E-06,51.00158
65.77998,43.69465,3.401299E-06,51.00158
65.79998,43.69466,3.392156E-06,51.00158
65.81998,43.69466,3.383013E-06,51.00157
65.83997,43.69466,3.373869E-06,51.00157
65.85998,43.69467,3.364726E-06,51.00157
65.87997,43.69467,3.355583E-06,51.00157
65.89998,43.69468,3.346439E-06,51.00157
65.91998,43.69468,3.337296E-06,51.00156
65.93998,43.69468,3.328153E-06,51.00156
65.95998,43.69469,3.31901E-06,51.00156
65.97997,43.69469,3.309867E-06,51.00156
65.99998,43.69469,3.300723E-06,51.00156
66.01997,43.6947,3.29158E-06,51.00156
66.03998,43.6947,3.282437E-06,51.00156
66.05997,43.69471,3.273293E-06,51.00156
66.07998,43.69471,3.26415E-06,51.00156
66.09998,43.69471,3.255007E-06,51.00155
66.11998,43.69472,3.245863E-06,51.00155
66.13998,43.69472,3.23672E-06,51.00155
66.15997,43.69473,3.227577E-06,51.00155
66.17998,43.69473,3.218434E-06,51.00155
66.19997,43.69473,3.209291E-06,51.00155
66.21998,43.69474,3.200147E-06,51.00154
66.23997,43.69474,3.191004E-06,51.00154
66.25998,43.69474,3.181861E-06,51.00154
66.27998,43.69475,3.172717E-06,51.00154
66.29998,43.69475,3.163574E-06,51.00154
66.31998,43.69476,3.15443E-06,51.00154
66.33997,43.69476,3.145288E-06,51.00153
66.35998,43.69476,3.136144E-06,51.00153
66.37997,43.69477,3.127001E-06,51.00153
66.39998,43.69477,3.117857E-06,51.00153
66.41998,43.69477,3.108714E-06,51.00153
66.43998,43.69478,3.099571E-06,51.00153
66.45998,43.69478,3.090428E-06,51.00153
66.47997,43.69479,3.081284E-06,51.00153
66.49998,43.69479,3.072141E-06,51.00153
66.51997,43.69479,3.062998E-06,51.00153
66.53998,43.6948,3.053854E-06,51.00152
66.55997,43.6948,3.044711E-06,51.00152
66.57998,43.69481,3.035568E-06,51.00152
66.59998,43.69481,3.026425E-06,51.00152
66.61998,43.69481,3.017281E-06,51.00152
66.63998,43.69482,3.008138E-06,51.00151
66.65997,43.69482,2.998995E-06,51.00151
66.67998,43.69482,2.989852E-06,51.00151
66.69997,43.69483,2.980708E-06,51.00151
66.71998,43.69483,2.971565E-06,51.00151
66.73997,43.69484,2.962422E-06,51.00151
66.75998,43.69484,2.953278E-06,51.00151
66.77998,43.69484,2.944135E-06,51.0015
66.79997,43.69485,2.934992E-06,51.0015
66.81998,43.69485,2.925849E-06,51.0015
66.83997,43.69485,2.916705E-06,51.0015
66.85998,43.69486,2.907562E-06,51.0015
66.87997,43.69486,2.898419E-06,51.0015
66.89998,43.69487,2.889276E-06,51.0015
66.91998,43.69487,2.880132E-06,51.0015
66.93998,43.69487,2.870989E-06,51.0015
66.95998,43.69488,2.861846E-06,51.00149
66.97997,43.69488,2.852703E-06,51.00149
66.99998,43.69489,2.843559E-06,51.00149
67.01997,43.69489,2.834416E-06,51.00149
67.03998,43.69489,2.825273E-06,51.00149
67.05997,43.6949,2.816129E-06,51.00148
67.07998,43.6949,2.806986E-06,51.00148
67.09998,43.6949,2.797843E-06,51.00148
67.11998,43.69491,2.7887E-06,51.00148
67.13998,43.69491,2.779556E-06,51.00148
67.15997,43.69492,2.770413E-06,51.00148
67.17998,43.69492,2.763099E-06,51.00148
67.19997,43.69492,2.755784E-06,51.00147
67.21998,43.69493,2.748469E-06,51.00147
67.23997,43.69493,2.741155E-06,51.00147
67.25998,43.69493,2.73384E-06,51.00147
67.27998,43.69494,2.726525E-06,51.00147
67.29997,43.69494,2.719211E-06,51.00147
67.31998,43.69495,2.711896E-06,51.00147
67.33997,43.69495,2.704581E-06,51.00146
67.35998,43.69495,2.697267E-06,51.00146
67.37997,43.69496,2.689952E-06,51.00146
67.39998,43.69496,2.682637E-06,51.00146
67.41998,43.69497,2.675323E-06,51.00146
67.43998,43.69497,2.668008E-06,51.00146
67.45998,43.69497,2.660694E-06,51.00146
67.47997,43.69498,2.653379E-06,51.00146
67.49998,43.69498,2.646064E-06,51.00146
67.51997,43.69498,2.63875E-06,51.00146
67.53998,43.69499,2.631435E-06,51.00146
67.55997,43.69499,2.62412E-06,51.00146
67.57998,43.695,2.616806E-06,51.00145
67.59998,43.695,2.609491E-06,51.00145
67.61997,43.695,2.602177E-06,51.00145
67.63998,43.69501,2.594862E-06,51.00145
67.65997,43.69501,2.587547E-06,51.00145
67.67998,43.69501,2.580233E-06,51.00145
67.69997,43.69502,2.572918E-06,51.00145
67.71998,43.69502,2.565604E-06,51.00145
67.73997,43.69503,2.558289E-06,51.00144
67.75998,43.69503,2.550974E-06,51.00144
67.77998,43.69503,2.54366E-06,51.00144
67.79997,43.69504,2.536345E-06,51.00144
67.81998,43.69504,2.529031E-06,51.00144
67.83997,43.69505,2.521716E-06,51.00144
67.85998,43.69505,2.514401E-06,51.00144
67.87997,43.69505,2.507087E-06,51.00143
67.89998,43.69506,2.499772E-06,51.00143
67.91998,43.69506,2.492457E-06,51.00143
67.93998,43.69506,2.485143E-06,51.00143
67.95998,43.69507,2.477828E-06,51.00143
67.97997,43.69507,2.470513E-06,51.00143
67.99998,43.69508,2.463199E-06,51.00143
68.01997,43.69508,2.455884E-06,51.00143
68.03998,43.69508,2.44857E-06,51.00143
68.05997,43.69509,2.441255E-06,51.00143
68.07998,43.69509,2.43394E-06,51.00143
68.09998,43.6951,2.426626E-06,51.00142
68.11997,43.6951,2.419311E-06,51.00142
68.13998,43.6951,2.411997E-06,51.00142
68.15997,43.69511,2.404682E-06,51.00142
68.17998,43.69511,2.397367E-06,51.00142
68.19997,43.69511,2.390053E-06,51.00142
68.21998,43.69512,2.382738E-06,51.00142
68.23997,43.69512,2.375423E-06,51.00142
68.25998,43.69513,2.368109E-06,51.00142
68.27998,43.69513,2.360794E-06,51.00141
68.29997,43.69513,2.35348E-06,51.00141
68.31998,43.69514,2.346165E-06,51.00141
68.33997,43.69514,2.33885E-06,51.00141
68.35998,43.69514,2.331536E-06,51.00141
68.37997,43.69515,2.324221E-06,51.00141
68.39998,43.69515,2.316907E-06,51.0014
68.41998,43.69516,2.309592E-06,51.0014
68.43998,43.69516,2.302277E-06,51.0014
68.45998,43.69516,2.294963E-06,51.0014
68.47997,43.69517,2.287648E-06,51.0014
68.49998,43.69517,2.280333E-06,51.0014
68.51997,43.69518,2.273019E-06,51.0014
68.53998,43.69518,2.265704E-06,51.0014
68.55997,43.69518,2.258389E-06,51.0014
68.57998,43.69519,2.251075E-06,51.0014
68.59998,43.69519,2.24376E-06,51.0014
68.61997,43.69519,2.236446E-06,51.0014
68.63998,43.6952,2.229131E-06,51.00139
68.65997,43.6952,2.221816E-06,51.00139
68.67998,43.69521,2.214502E-06,51.00139
68.69997,43.69521,2.207187E-06,51.00139
68.71998,43.69521,2.199872E-06,51.00139
68.73997,43.69522,2.192558E-06,51.00139
68.75998,43.69522,2.185243E-06,51.00139
68.77998,43.69522,2.177929E-06,51.00138
68.79997,43.69523,2.170614E-06,51.00138
68.81998,43.69523,2.163299E-06,51.00138
68.83997,43.69524,2.155985E-06,51.00138
68.85998,43.69524,2.14867E-06,51.00138
68.87997,43.69524,2.141355E-06,51.00138
68.89998,43.69525,2.134041E-06,51.00138
68.91998,43.69525,2.126726E-06,51.00138
68.93997,43.69526,2.119412E-06,51.00137
68.95998,43.69526,2.112097E-06,51.00137
68.97997,43.69526,2.104782E-06,51.00137
68.99998,43.69527,2.097468E-06,51.00137
69.01997,43.69527,2.090153E-06,51.00137
69.03998,43.69527,2.082839E-06,51.00137
69.05997,43.69528,2.075524E-06,51.00137
69.07998,43.69528,2.068209E-06,51.00137
69.09998,43.69529,2.060895E-06,51.00137
69.11997,43.69529,2.05358E-06,51.00137
69.13998,43.69529,2.046266E-06,51.00137
69.15997,43.6953,2.038951E-06,51.00137
69.17998,43.6953,2.031636E-06,51.00136
69.19997,43.6953,2.024322E-06,51.00136
69.21998,43.69531,2.017007E-06,51.00136
69.23997,43.69531,2.009692E-06,51.00136
69.25998,43.69532,2.002378E-06,51.00136
69.27998,43.69532,1.995063E-06,51.00136
69.29997,43.69532,1.987748E-06,51.00135
69.31998,43.69533,1.980434E-06,51.00135
69.33997,43.69533,1.974948E-06,51.00135
69.35998,43.69534,1.969462E-06,51.00135
69.37997,43.69534,1.963976E-06,51.00135
69.39998,43.69534,1.95849E-06,51.00135
69.41998,43.69535,1.953004E-06,51.00135
69.43997,43.69535,1.947518E-06,51.00135
69.45998,43.69535,1.942032E-06,51.00135
69.47997,43.69536,1.936546E-06,51.00135
69.49998,43.69536,1.93106E-06,51.00135
69.51997,43.69537,1.925574E-06,51.00134
69.53998,43.69537,1.920088E-06,51.00134
69.55997,43.69537,1.914602E-06,51.00134
69.57998,43.69538,1.909116E-06,51.00134
69.59998,43.69538,1.90363E-06,51.00134
69.61997,43.69538,1.899973E-06,51.00134
69.63998,43.69538,1.896316E-06,51.00134
69.65997,43.69538,1.892658E-06,51.00134
69.67998,43.69538,1.889001E-06,51.00134
69.69997,43.69538,1.885344E-06,51.00134
69.71998,43.69538,1.881686E-06,51.00134
69.73997,43.69538,1.878029E-06,51.00134
69.75997,43.69538,1.874372E-06,51.00134
69.77998,43.69538,1.870715E-06,51.00134
69.79997,43.69538,1.867057E-06,51.00134
69.81998,43.69538,1.8634E-06,51.00134
69.83997,43.69538,1.859743E-06,51.00134
69.85998,43.69538,1.856085E-06,51.00134
69.87997,43.69538,1.852428E-06,51.00134
69.89998,43.69538,1.848771E-06,51.00134
69.91998,43.69538,1.845113E-06,51.00134
69.93997,43.69538,1.841456E-06,51.00133
69.95998,43.69538,1.837799E-06,51.00133
69.97997,43.69538,1.834141E-06,51.00133
69.99998,43.69538,1.830484E-06,51.00133
70.01997,43.69538,1.826827E-06,51.00133
70.03998,43.69538,1.82317E-06,51.00133
70.05997,43.69538,1.819512E-06,51.00133
70.07998,43.69538,1.815855E-06,51.00133
70.09998,43.69538,1.812198E-06,51.00133
70.11997,43.69538,1.80854E-06,51.00133
70.13998,43.69538,1.804883E-06,51.00133
70.15997,43.69538,1.801226E-06,51.00133
70.17998,43.69538,1.797568E-06,51.00133
70.19997,43.69538,1.793911E-06,51.00132
70.21998,43.69538,1.790254E-06,51.00132
70.23997,43.69538,1.786596E-06,51.00132
70.25997,43.69538,1.782939E-06,51.00132
70.27998,43.69538,1.779282E-06,51.00132
70.29997,43.69538,1.775624E-06,51.00132
70.31998,43.69538,1.771967E-06,51.00132
70.33997,43.69538,1.76831E-06,51.00132
70.35998,43.69538,1.764652E-06,51.00132
70.37997,43.69538,1.760995E-06,51.00132
70.39998,43.69538,1.757338E-06,51.00132
70.41998,43.69538,1.753681E-06,51.00132
70.43997,43.69538,1.750023E-06,51.00132
70.45998,43.69538,1.746366E-06,51.00132
70.47997,43.69538,1.742709E-06,51.00132
70.49998,43.69538,1.739051E-06,51.00132
70.51997,43.69538,1.735394E-06,51.00132
70.53998,43.69538,1.731737E-06,51.00131
70.55997,43.69538,1.728079E-06,51.00131
70.57997,43.69538,1.724422E-06,51.00131
70.59998,43.69538,1.720765E-06,51.00131
70.61997,43.69538,1.717107E-06,51.00131
70.63998,43.69538,1.71345E-06,51.00131
70.65997,43.69538,1.709793E-06,51.00131
70.67998,43.69538,1.706136E-06,51.00131
70.69997,43.69538,1.702478E-06,51.00131
70.71998,43.69538,1.698821E-06,51.00131
70.73997,43.69538,1.695164E-06,51.00131
70.75997,43.69538,1.691506E-06,51.00131
70.77998,43.69538,1.687849E-06,51.00131
70.79997,43.69538,1.684192E-06,51.0013
70.81998,43.69538,1.680534E-06,51.0013
70.83997,43.69538,1.676877E-06,51.0013
70.85998,43.69538,1.67322E-06,51.0013
70.87997,43.69538,1.669562E-06,51.0013
70.89998,43.69538,1.665905E-06,51.0013
70.91998,43.69538,1.662248E-06,51.0013
70.93997,43.69538,1.65859E-06,51.0013
70.95998,43.69538,1.654933E-06,51.0013
70.97997,43.69538,1.651276E-06,51.0013
70.99998,43.69538,1.647619E-06,51.0013
71.01997,43.69538,1.643961E-06,51.0013
71.03998,43.69538,1.640304E-06,51.0013
71.05997,43.69538,1.636647E-06,51.0013
71.07997,43.69538,1.632989E-06,51.0013
71.09998,43.69538,1.629332E-06,51.0013
71.11997,43.69538,1.625675E-06,51.0013
71.13998,43.69538,1.622017E-06,51.0013
71.15997,43.69538,1.61836E-06,51.0013
71.17998,43.69538,1.614703E-06,51.0013
71.19997,43.69538,1.611045E-06,51.0013
71.21998,43.69538,1.607388E-06,51.0013
71.23997,43.69538,1.603731E-06,51.0013
71.25997,43.69538,1.600074E-06,51.0013
71.27998,43.69538,1.596416E-06,51.00129
71.29997,43.69538,1.592759E-06,51.00129
71.31998,43.69538,1.589102E-06,51.00129
71.33997,43.69538,1.585444E-06,51.00129
71.35998,43.69538,1.581787E-06,51.00129
71.37997,43.69538,1.57813E-06,51.00129
71.39997,43.69538,1.574472E-06,51.00129
71.41998,43.69538,1.570815E-06,51.00129
71.43997,43.69538,1.567158E-06,51.00129
71.45998,43.69538,1.5635E-06,51.00129
71.47997,43.69538,1.559843E-06,51.00129
71.49998,43.69538,1.556186E-06,51.00129
71.51997,43.69538,1.552528E-06,51.00129
71.53998,43.69538,1.548871E-06,51.00129
71.55997,43.69538,1.545214E-06,51.00129
71.57997,43.69538,1.541557E-06,51.00129
71.59998,43.69538,1.537899E-06,51.00128
71.61997,43.69538,1.534242E-06,51.00128
71.63998,43.69538,1.530585E-06,51.00128
71.65997,43.69538,1.526927E-06,51.00128
71.67998,43.69538,1.52327E-06,51.00128
71.69997,43.69538,1.519613E-06,51.00128
71.71998,43.69538,1.515955E-06,51.00128
71.73997,43.69538,1.512298E-06,51.00128
71.75997,43.69538,1.508641E-06,51.00128
71.77998,43.69538,1.504984E-06,51.00128
71.79997,43.69538,1.501326E-06,51.00128
71.81998,43.69538,1.497669E-06,51.00128
71.83997,43.69538,1.494012E-06,51.00128
71.85998,43.69538,1.490354E-06,51.00128
71.87997,43.69538,1.486697E-06,51.00127
71.89997,43.69538,1.48304E-06,51.00127
71.91998,43.69538,1.479382E-06,51.00127
71.93997,43.69538,1.475725E-06,51.00127
71.95998,43.69538,1.472068E-06,51.00127
71.97997,43.69538,1.46841E-06,51.00127
71.99998,43.69538,1.464753E-06,51.00127
72.01997,43.69538,1.461096E-06,51.00127
72.03998,43.69538,1.457438E-06,51.00127
72.05997,43.69538,1.453781E-06,51.00127
72.07997,43.69538,1.450124E-06,51.00127
72.09998,43.69538,1.446467E-06,51.00127
72.11997,43.69538,1.442809E-06,51.00127
72.13998,43.69538,1.439152E-06,51.00127
72.15997,43.69538,1.435494E-06,51.00127
72.17998,43.69538,1.431837E-06,51.00127
72.19997,43.69538,1.42818E-06,51.00127
72.21997,43.69538,1.424523E-06,51.00127
72.23997,43.69538,1.420865E-06,51.00127
72.25997,43.69538,1.417208E-06,51.00127
72.27998,43.69538,1.413551E-06,51.00127
72.29997,43.69538,1.409893E-06,51.00127
72.31998,43.69538,1.406236E-06,51.00127
72.33997,43.69538,1.402579E-06,51.00126
72.35998,43.69538,1.398921E-06,51.00126
72.37997,43.69538,1.395264E-06,51.00126
72.39997,43.69538,1.391607E-06,51.00126
72.41998,43.69538,1.38795E-06,51.00126
72.43997,43.69538,1.384292E-06,51.00126
72.45998,43.69538,1.380635E-06,51.00126
72.47997,43.69538,1.376978E-06,51.00126
72.49998,43.69538,1.37332E-06,51.00126
72.51997,43.69538,1.369663E-06,51.00126
72.53998,43.69538,1.366006E-06,51.00126
72.55997,43.69538,1.362348E-06,51.00126
72.57997,43.69538,1.358691E-06,51.00126
72.59998,43.69538,1.355034E-06,51.00126
72.61997,43.69538,1.351376E-06,51.00126
72.63998,43.69538,1.347719E-06,51.00126
72.65997,43.69538,1.344062E-06,51.00126
72.67998,43.69538,1.340404E-06,51.00125
72.69997,43.69538,1.336747E-06,51.00125
72.71997,43.69538,1.33309E-06,51.00125
72.73997,43.69538,1.329433E-06,51.00125
72.75997,43.69538,1.325775E-06,51.00125
72.77998,43.69538,1.322118E-06,51.00125
72.79997,43.69538,1.318461E-06,51.00125
72.81998,43.69538,1.314803E-06,51.00125
72.83997,43.69538,1.311146E-06,51.00125
72.85998,43.69538,1.307489E-06,51.00125
72.87997,43.69538,1.303831E-06,51.00125
72.89997,43.69538,1.300174E-06,51.00125
72.91998,43.69538,1.296517E-06,51.00125
72.93997,43.69538,1.292859E-06,51.00124
72.95998,43.69538,1.289202E-06,51.00124
72.97997,43.69538,1.285545E-06,51.00124
72.99998,43.69538,1.281888E-06,51.00124
73.01997,43.69538,1.27823E-06,51.00124
73.03997,43.69538,1.274573E-06,51.00124
73.05997,43.69538,1.270916E-06,51.00124
73.07997,43.69538,1.267258E-06,51.00124
73.09998,43.69538,1.263601E-06,51.00124
73.11997,43.69538,1.259944E-06,51.00124
73.13998,43.69538,1.256286E-06,51.00124
73.15997,43.69538,1.252629E-06,51.00124
73.17998,43.69538,1.248972E-06,51.00124
73.19997,43.69538,1.245314E-06,51.00124
73.21997,43.69538,1.241657E-06,51.00124
73.23997,43.69538,1.238E-06,51.00124
73.25997,43.69538,1.234342E-06,51.00124
73.27998,43.69538,1.230685E-06,51.00124
73.29997,43.69538,1.227028E-06,51.00124
73.31998,43.69538,1.22337E-06,51.00124
73.33997,43.69538,1.219713E-06,51.00124
73.35998,43.69538,1.216056E-06,51.00124
73.37997,43.69538,1.212399E-06,51.00124
73.39997,43.69538,1.208741E-06,51.00123
73.41998,43.69538,1.205084E-06,51.00123
73.43997,43.69538,1.201427E-06,51.00123
73.45998,43.69538,1.197769E-06,51.00123
73.47997,43.69538,1.194112E-06,51.00123
73.49998,43.69538,1.190455E-06,51.00123
73.51997,43.69538,1.186797E-06,51.00123
73.53997,43.69538,1.184969E-06,51.00123
73.55997,43.69538,1.18314E-06,51.00123
73.57997,43.69538,1.181311E-06,51.00123
73.59998,43.69538,1.179483E-06,51.00123
73.61997,43.69538,1.177654E-06,51.00123
73.63998,43.69538,1.175825E-06,51.00123
73.65997,43.69538,1.173997E-06,51.00123
73.67998,43.69538,1.172168E-06,51.00123
73.69997,43.69538,1.170339E-06,51.00123
73.71997,43.69538,1.168511E-06,51.00123
73.73997,43.69538,1.166682E-06,51.00123
73.75997,43.69538,1.164854E-06,51.00123
73.77998,43.69538,1.163025E-06,51.00123
73.79997,43.69538,1.161196E-06,51.00123
73.81998,43.69538,1.159368E-06,51.00122
73.83997,43.69538,1.157539E-06,51.00122
73.85997,43.69538,1.15571E-06,51.00122
73.87997,43.69538,1.153882E-06,51.00122
73.89997,43.69538,1.152053E-06,51.00122
73.91998,43.69538,1.150224E-06,51.00122
73.93997,43.69538,1.148396E-06,51.00122
73.95998,43.69538,1.146567E-06,51.00122
73.97997,43.69538,1.144738E-06,51.00122
73.99998,43.69538,1.14291E-06,51.00122
74.01997,43.69538,1.141081E-06,51.00122
74.03997,43.69538,1.139252E-06,51.00122
74.05997,43.69538,1.137424E-06,51.00122
74.07997,43.69538,1.135595E-06,51.00122
74.09998,43.69538,1.133766E-06,51.00122
74.11997,43.69538,1.131938E-06,51.00122
74.13998,43.69538,1.130109E-06,51.00122
74.15997,43.69538,1.12828E-06,51.00122
74.17998,43.69538,1.126452E-06,51.00122
74.19997,43.69538,1.124623E-06,51.00122
74.21997,43.69538,1.122794E-06,51.00122
74.23997,43.69538,1.120966E-06,51.00122
74.25997,43.69538,1.119137E-06,51.00122
74.27998,43.69538,1.117308E-06,51.00122
74.29997,43.69538,1.11548E-06,51.00122
74.31998,43.69538,1.113651E-06,51.00122
74.33997,43.69538,1.111822E-06,51.00122
74.35997,43.69538,1.109994E-06,51.00122
74.37997,43.69538,1.108165E-06,51.00122
74.39997,43.69538,1.106337E-06,51.00122
74.41998,43.69538,1.104508E-06,51.00122
74.43997,43.69538,1.102679E-06,51.00122
74.45998,43.69538,1.100851E-06,51.00122
74.47997,43.69538,1.099022E-06,51.00121
74.49998,43.69538,1.097193E-06,51.00121
74.51997,43.69538,1.095365E-06,51.00121
74.53997,43.69538,1.093536E-06,51.00121
74.55997,43.69538,1.091707E-06,51.00121
74.57997,43.69538,1.089879E-06,51.00121
74.59998,43.69538,1.08805E-06,51.00121
74.61997,43.69538,1.086221E-06,51.00121
74.63998,43.69538,1.084393E-06,51.00121
74.65997,43.69538,1.082564E-06,51.00121
74.67997,43.69538,1.080735E-06,51.00121
74.69997,43.69538,1.078907E-06,51.00121
74.71997,43.69538,1.077078E-06,51.00121
74.73997,43.69538,1.075249E-06,51.00121
74.75997,43.69538,1.073421E-06,51.00121
74.77998,43.69538,1.071592E-06,51.00121
74.79997,43.69538,1.069763E-06,51.00121
74.81998,43.69538,1.067935E-06,51.00121
74.83997,43.69538,1.066106E-06,51.00121
74.85997,43.69538,1.064278E-06,51.00121
74.87997,43.69538,1.062449E-06,51.00121
74.89997,43.69538,1.06062E-06,51.00121
74.91998,43.69538,1.058792E-06,51.00121
74.93997,43.69538,1.056963E-06,51.00121
74.95998,43.69538,1.055134E-06,51.00121
74.97997,43.69538,1.053306E-06,51.00121
74.99998,43.69538,1.051477E-06,51.00121
75.01997,43.69538,1.049648E-06,51.00121
75.03997,43.69538,1.04782E-06,51.00121
75.05997,43.69538,1.045991E-06,51.00121
75.07997,43.69538,1.044162E-06,51.00121
75.09998,43.69538,1.042334E-06,51.00121
75.11997,43.69538,1.040505E-06,51.00121
75.13998,43.69538,1.038676E-06,51.00121
75.15997,43.69538,1.036848E-06,51.00121
75.17997,43.69538,1.035019E-06,51.00121
75.19997,43.69538,1.03319E-06,51.00121
75.21997,43.69538,1.031362E-06,51.00121
75.23997,43.69538,1.029533E-06,51.00121
75.25997,43.69538,1.027704E-06,51.00121
75.27998,43.69538,1.025876E-06,51.00121
75.29997,43.69538,1.024047E-06,51.00121
75.31998,43.69538,1.022218E-06,51.00121
75.33997,43.69538,1.02039E-06,51.00121
75.35997,43.69538,1.018561E-06,51.00121
75.37997,43.69538,1.016732E-06,51.00121
75.39997,43.69538,1.014904E-06,51.00121
75.41998,43.69538,1.013075E-06,51.0012
75.43997,43.69538,1.011246E-06,51.0012
75.45998,43.69538,1.009418E-06,51.0012
75.47997,43.69538,1.007589E-06,51.0012
75.49997,43.69538,1.005761E-06,51.0012
75.51997,43.69538,1.003932E-06,51.0012
75.53997,43.69538,1.002103E-06,51.0012
75.55997,43.69538,1.000274E-06,51.0012
75.57997,43.69538,9.984459E-07,51.0012
75.59998,43.69538,9.966172E-07,51.0012
75.61997,43.69538,9.947886E-07,51.0012
75.63998,43.69538,9.929599E-07,51.0012
75.65997,43.69538,9.911313E-07,51.0012
75.67997,43.69538,9.893026E-07,51.0012
75.69997,43.69538,9.87474E-07,51.0012
75.71997,43.69538,9.856453E-07,51.0012
75.73997,43.69538,9.838167E-07,51.0012
75.75997,43.69538,9.819879E-07,51.0012
75.77998,43.69538,9.801594E-07,51.0012
75.79997,43.69538,9.783307E-07,51.0012
75.81998,43.69538,9.76502E-07,51.0012
75.83997,43.69538,9.746734E-07,51.0012
75.85997,43.69538,9.728448E-07,51.0012
75.87997,43.69538,9.71016E-07,51.0012
75.89997,43.69538,9.691875E-07,51.0012
75.91998,43.69538,9.673588E-07,51.0012
75.93997,43.69538,9.6553E-07,51.00119
75.95998,43.69538,9.637014E-07,51.00119
75.97997,43.69538,9.618728E-07,51.00119
75.99997,43.69538,9.600441E-07,51.00119
76.01997,43.69538,9.582154E-07,51.00119
76.03997,43.69538,9.563869E-07,51.00119
76.05997,43.69538,9.545581E-07,51.00119
76.07997,43.69538,9.527295E-07,51.00119
76.09998,43.69538,9.509009E-07,51.00119
76.11997,43.69538,9.490722E-07,51.00119
76.13998,43.69538,9.472435E-07,51.00119
76.15997,43.69538,9.454149E-07,51.00119
76.17997,43.69538,9.435862E-07,51.00119
76.19997,43.69538,9.417575E-07,51.00119
76.21997,43.69538,9.39929E-07,51.00119
76.23997,43.69538,9.381002E-07,51.00119
76.25997,43.69538,9.362716E-07,51.00119
76.27998,43.69538,9.344429E-07,51.00119
76.29997,43.69538,9.326142E-07,51.00119
76.31997,43.69538,9.307856E-07,51.00119
76.33997,43.69538,9.28957E-07,51.00119
76.35997,43.69538,9.271283E-07,51.00119
76.37997,43.69538,9.252997E-07,51.00119
76.39997,43.69538,9.23471E-07,51.00119
76.41998,43.69538,9.216423E-07,51.00119
76.43997,43.69538,9.198137E-07,51.00119
76.45998,43.69538,9.179851E-07,51.00119
76.47997,43.69538,9.161564E-07,51.00119
76.49997,43.69538,9.143277E-07,51.00119
76.51997,43.69538,9.124991E-07,51.00119
76.53997,43.69538,9.106705E-07,51.00119
76.55997,43.69538,9.088417E-07,51.00119
76.57997,43.69538,9.070131E-07,51.00119
76.59998,43.69538,9.051845E-07,51.00119
76.61997,43.69538,9.033558E-07,51.00118
76.63998,43.69538,9.015271E-07,51.00118
76.65997,43.69538,8.996985E-07,51.00118
76.67997,43.69538,8.978698E-07,51.00118
76.69997,43.69538,8.960412E-07,51.00118
76.71997,43.69538,8.942126E-07,51.00118
76.73997,43.69538,8.923839E-07,51.00118
76.75997,43.69538,8.905552E-07,51.00118
76.77998,43.69538,8.887266E-07,51.00118
76.79997,43.69538,8.868979E-07,51.00118
76.81997,43.69538,8.850693E-07,51.00118
76.83997,43.69538,8.832406E-07,51.00118
76.85997,43.69538,8.814119E-07,51.00118
76.87997,43.69538,8.795833E-07,51.00118
76.89997,43.69538,8.777546E-07,51.00118
76.91998,43.69538,8.759259E-07,51.00118
76.93997,43.69538,8.740973E-07,51.00118
76.95998,43.69538,8.722687E-07,51.00118
76.97997,43.69538,8.7044E-07,51.00118
76.99997,43.69538,8.686113E-07,51.00118
77.01997,43.69538,8.667827E-07,51.00118
77.03997,43.69538,8.64954E-07,51.00118
77.05997,43.69538,8.631254E-07,51.00118
77.07997,43.69538,8.612968E-07,51.00118
77.09998,43.69538,8.59468E-07,51.00118
77.11997,43.69538,8.576394E-07,51.00118
77.13997,43.69538,8.558108E-07,51.00117
77.15997,43.69538,8.53982E-07,51.00117
77.17997,43.69538,8.521534E-07,51.00117
77.19997,43.69538,8.503248E-07,51.00117
77.21997,43.69538,8.484961E-07,51.00117
77.23997,43.69538,8.466675E-07,51.00117
77.25997,43.69538,8.448388E-07,51.00117
77.27998,43.69538,8.430101E-07,51.00117
77.29997,43.69538,8.411815E-07,51.00117
77.31997,43.69538,8.393529E-07,51.00117
77.33997,43.69538,8.375242E-07,51.00117
77.35997,43.69538,8.356955E-07,51.00117
77.37997,43.69538,8.338669E-07,51.00117
77.39997,43.69538,8.320382E-07,51.00117
77.41998,43.69538,8.302096E-07,51.00117
77.43997,43.69538,8.28381E-07,51.00117
77.45998,43.69538,8.265522E-07,51.00117
77.47997,43.69538,8.247236E-07,51.00117
77.49997,43.69538,8.228949E-07,51.00117
77.51997,43.69538,8.210664E-07,51.00117
77.53997,43.69538,8.192376E-07,51.00117
77.55997,43.69538,8.17409E-07,51.00117
77.57997,43.69538,8.155804E-07,51.00117
77.59998,43.69538,8.137517E-07,51.00117
77.61997,43.69538,8.11923E-07,51.00117
77.63997,43.69538,8.100944E-07,51.00117
77.65997,43.69538,8.082657E-07,51.00117
77.67997,43.69538,8.064371E-07,51.00117
77.69997,43.69538,8.046084E-07,51.00117
77.71997,43.69538,8.027797E-07,51.00117
77.73997,43.69538,8.009511E-07,51.00117
77.75997,43.69538,7.991225E-07,51.00117
77.77998,43.69538,7.972938E-07,51.00117
77.79997,43.69538,7.954652E-07,51.00117
77.81997,43.69538,7.936365E-07,51.00117
77.83997,43.69538,7.918078E-07,51.00117
77.85997,43.69538,7.899791E-07,51.00117
77.87997,43.69538,7.881505E-07,51.00117
77.89997,43.69538,7.863219E-07,51.00117
77.91998,43.69538,7.844932E-07,51.00117
77.93997,43.69538,7.826645E-07,51.00117
77.95997,43.69538,7.808359E-07,51.00117
77.97997,43.69538,7.790072E-07,51.00117
77.99997,43.69538,7.771786E-07,51.00117
78.01997,43.69538,7.753499E-07,51.00117
78.03997,43.69538,7.735213E-07,51.00117
78.05997,43.69538,7.716926E-07,51.00117
78.07997,43.69538,7.69864E-07,51.00116
78.09998,43.69538,7.680353E-07,51.00116
78.11997,43.69538,7.662066E-07,51.00116
78.13997,43.69538,7.64378E-07,51.00116
78.15997,43.69538,7.625493E-07,51.00116
78.17997,43.69538,7.607206E-07,51.00116
78.19997,43.69538,7.58892E-07,51.00116
78.21997,43.69538,7.570633E-07,51.00116
78.23997,43.69538,7.552347E-07,51.00116
78.25997,43.69538,7.53406E-07,51.00116
78.27998,43.69538,7.515774E-07,51.00116
78.29997,43.69538,7.497488E-07,51.00116
78.31997,43.69538,7.479201E-07,51.00116
78.33997,43.69538,7.460914E-07,51.00116
78.35997,43.69538,7.442628E-07,51.00116
78.37997,43.69538,7.424341E-07,51.00116
78.39997,43.69538,7.406055E-07,51.00116
78.41998,43.69538,7.387768E-07,51.00116
78.43997,43.69538,7.369482E-07,51.00116
78.45997,43.69538,7.351195E-07,51.00116
78.47997,43.69538,7.332908E-07,51.00116
78.49997,43.69538,7.314622E-07,51.00116
78.51997,43.69538,7.296335E-07,51.00116
78.53997,43.69538,7.278049E-07,51.00116
78.55997,43.69538,7.259762E-07,51.00116
78.57997,43.69538,7.241475E-07,51.00116
78.59998,43.69538,7.223189E-07,51.00116
78.61997,43.69538,7.204902E-07,51.00116
78.63997,43.69538,7.186616E-07,51.00116
78.65997,43.69538,7.16833E-07,51.00116
78.67997,43.69538,7.150043E-07,51.00116
78.69997,43.69538,7.131757E-07,51.00116
78.71997,43.69538,7.11347E-07,51.00116
78.73997,43.69538,7.095183E-07,51.00115
78.75997,43.69538,7.076897E-07,51.00115
78.77998,43.69538,7.05861E-07,51.00115
78.79997,43.69538,7.040323E-07,51.00115
78.81997,43.69538,7.022037E-07,51.00115
78.83997,43.69538,7.00375E-07,51.00115
78.85997,43.69538,6.985464E-07,51.00115
78.87997,43.69538,6.967177E-07,51.00115
78.89997,43.69538,6.948891E-07,51.00115
78.91998,43.69538,6.930604E-07,51.00115
78.93997,43.69538,6.912318E-07,51.00115
78.95997,43.69538,6.894031E-07,51.00115
78.97997,43.69538,6.875744E-07,51.00115
78.99997,43.69538,6.857458E-07,51.00115
79.01997,43.69538,6.839172E-07,51.00115
79.03997,43.69538,6.820885E-07,51.00115
79.05997,43.69538,6.802599E-07,51.00115
79.07997,43.69538,6.784311E-07,51.00115
79.09998,43.69538,6.766025E-07,51.00115
79.11997,43.69538,6.747738E-07,51.00115
79.13997,43.69538,6.729452E-07,51.00115
79.15997,43.69538,6.711166E-07,51.00115
79.17997,43.69538,6.692879E-07,51.00115
79.19997,43.69538,6.674592E-07,51.00115
79.21997,43.69538,6.656306E-07,51.00115
79.23997,43.69538,6.638019E-07,51.00115
79.25997,43.69538,6.619733E-07,51.00115
79.27997,43.69538,6.601446E-07,51.00114
79.29997,43.69538,6.58316E-07,51.00114
79.31997,43.69538,6.564873E-07,51.00114
79.33997,43.69538,6.546587E-07,51.00114
79.35997,43.69538,6.5283E-07,51.00114
79.37997,43.69538,6.510013E-07,51.00114
79.39997,43.69538,6.491727E-07,51.00114
79.41998,43.69538,6.473441E-07,51.00114
79.43997,43.69538,6.455153E-07,51.00114
79.45997,43.69538,6.436867E-07,51.00114
79.47997,43.69538,6.41858E-07,51.00114
79.49997,43.69538,6.400294E-07,51.00114
79.51997,43.69538,6.382008E-07,51.00114
79.53997,43.69538,6.363721E-07,51.00114
79.55997,43.69538,6.345434E-07,51.00114
79.57997,43.69538,6.327148E-07,51.00114
79.59998,43.69538,6.308861E-07,51.00114
79.61997,43.69538,6.290575E-07,51.00114
79.63997,43.69538,6.272288E-07,51.00114
79.65997,43.69538,6.254002E-07,51.00114
79.67997,43.69538,6.235715E-07,51.00114
79.69997,43.69538,6.217429E-07,51.00114
79.71997,43.69538,6.199142E-07,51.00114
79.73997,43.69538,6.180856E-07,51.00114
79.75997,43.69538,6.162569E-07,51.00114
79.77997,43.69538,6.144282E-07,51.00114
79.79997,43.69538,6.125996E-07,51.00114
79.81997,43.69538,6.107709E-07,51.00114
79.83997,43.69538,6.089422E-07,51.00114
79.85997,43.69538,6.071136E-07,51.00114
79.87997,43.69538,6.05285E-07,51.00114
79.89997,43.69538,6.034563E-07,51.00114
79.91998,43.69538,6.016277E-07,51.00114
79.93997,43.69538,5.99799E-07,51.00114
79.95997,43.69538,5.979703E-07,51.00114
79.97997,43.69538,5.961417E-07,51.00114
79.99997,43.69538,5.94313E-07,51.00114
80.01997,43.69538,5.924844E-07,51.00114
80.03997,43.69538,5.906557E-07,51.00114
80.05997,43.69538,5.88827E-07,51.00114
80.07997,43.69538,5.869984E-07,51.00114
80.09997,43.69538,5.851697E-07,51.00114
80.11997,43.69538,5.833411E-07,51.00114
80.13997,43.69538,5.815124E-07,51.00114
80.15997,43.69538,5.796838E-07,51.00114
80.17997,43.69538,5.778551E-07,51.00114
80.19997,43.69538,5.760265E-07,51.00114
80.21997,43.69538,5.741978E-07,51.00113
80.23997,43.69538,5.723691E-07,51.00113
80.25997,43.69538,5.705405E-07,51.00113
80.27997,43.69538,5.687119E-07,51.00113
80.29997,43.69538,5.668832E-07,51.00113
80.31997,43.69538,5.650546E-07,51.00113
80.33997,43.69538,5.632259E-07,51.00113
80.35997,43.69538,5.613972E-07,51.00113
80.37997,43.69538,5.595686E-07,51.00113
80.39997,43.69538,5.577399E-07,51.00113
80.41998,43.69538,5.559112E-07,51.00113
80.43997,43.69538,5.540826E-07,51.00113
80.45997,43.69538,5.522539E-07,51.00113
80.47997,43.69538,5.504253E-07,51.00113
80.49997,43.69538,5.485966E-07,51.00113
80.51997,43.69538,5.46768E-07,51.00113
80.53997,43.69538,5.449393E-07,51.00113
80.55997,43.69538,5.431107E-07,51.00113
80.57997,43.69538,5.41282E-07,51.00113
80.59997,43.69538,5.394534E-07,51.00113
80.61997,43.69538,5.376247E-07,51.00113
80.63997,43.69538,5.357961E-07,51.00113
80.65997,43.69538,5.339674E-07,51.00113
80.67997,43.69538,5.321388E-07,51.00113
80.69997,43.69538,5.3031E-07,51.00113
80.71997,43.69538,5.284815E-07,51.00113
80.73997,43.69538,5.266528E-07,51.00113
80.75997,43.69538,5.248241E-07,51.00113
80.77997,43.69538,5.229955E-07,51.00113
80.79997,43.69538,5.211668E-07,51.00113
80.81997,43.69538,5.193381E-07,51.00113
80.83997,43.69538,5.175095E-07,51.00113
80.85997,43.69538,5.156808E-07,51.00113
80.87997,43.69538,5.138522E-07,51.00112
80.89997,43.69538,5.120235E-07,51.00112
80.91997,43.69538,5.101949E-07,51.00112
80.93997,43.69538,5.083662E-07,51.00112
80.95997,43.69538,5.065376E-07,51.00112
80.97997,43.69538,5.047089E-07,51.00112
80.99997,43.69538,5.028803E-07,51.00112
81.01997,43.69538,5.010516E-07,51.00112
81.03997,43.69538,4.992229E-07,51.00112
81.05997,43.69538,4.973943E-07,51.00112
81.07997,43.69538,4.955656E-07,51.00112
81.09997,43.69538,4.93737E-07,51.00112
81.11997,43.69538,4.919083E-07,51.00112
81.13997,43.69538,4.900797E-07,51.00112
81.15997,43.69538,4.88251E-07,51.00112
81.17997,43.69538,4.864224E-07,51.00112
81.19997,43.69538,4.845937E-07,51.00112
81.21997,43.69538,4.82765E-07,51.00112
81.23997,43.69538,4.809364E-07,51.00112
81.25997,43.69538,0,51.00105
81.27997,43.69538,0,51.00105
81.29997,43.69538,0,51.00105
81.31997,43.69538,0,51.00105
81.33997,43.69538,0,51.00105
81.35997,43.69538,0,51.00105
81.37997,43.69538,0,51.00105
81.39997,43.69538,0,51.00105
81.41997,43.69538,0,51.00105
81.43997,43.69538,0,51.00105
81.45997,43.69538,0,51.00105
81.47997,43.69538,0,51.00105
81.49997,43.69538,0,51.00105
81.51997,43.69538,0,51.00105
81.53997,43.69538,0,51.00105
81.55997,43.69538,0,51.00105
81.57997,43.69538,0,51.00105
81.59997,43.69538,0,51.00105
81.61997,43.69538,0,51.00105
81.63997,43.69538,0,51.00105
81.65997,43.69538,0,51.00105
81.67997,43.69538,0,51.00105
81.69997,43.69538,0,51.00105
81.71997,43.69538,0,51.00105
81.73997,43.69538,0,51.00105
81.75997,43.69538,0,51.00105
81.77997,43.69538,0,51.00105
81.79997,43.69538,0,51.00105
81.81997,43.69538,0,51.00105
81.83997,43.69538,0,51.00105
81.85997,43.69538,0,51.00105
81.87997,43.69538,0,51.00105
81.89997,43.69538,0,51.00105
81.91997,43.69538,0,51.00105
81.93997,43.69538,0,51.00105
81.95997,43.69538,0,51.00105
81.97997,43.69538,0,51.00105
81.99997,43.69538,0,51.00105
82.01997,43.69538,0,51.00105
82.03997,43.69538,0,51.00105
82.05997,43.69538,0,51.00105
82.07997,43.69538,0,51.00105
82.09997,43.69538,0,51.00105
82.11997,43.69538,0,51.00105
82.13997,43.69538,0,51.00105
82.15997,43.69538,0,51.00105
82.17997,43.69538,0,51.00105
82.19997,43.69538,0,51.00105
82.21997,43.69538,0,51.00105
82.23997,43.69538,0,51.00105
82.25997,43.69538,0,51.00105
82.27997,43.69538,0,51.00105
82.29997,43.69538,0,51.00105
82.31997,43.69538,0,51.00105
82.33997,43.69538,0,51.00105
82.35997,43.69538,0,51.00105
82.37997,43.69538,0,51.00105
82.39997,43.69538,0,51.00105
82.41997,43.69538,0,51.00105
82.43997,43.69538,0,51.00105
82.45997,43.69538,0,51.00105
82.47997,43.69538,0,51.00105
82.49997,43.69538,0,51.00105
82.51997,43.69538,0,51.00105
82.53997,43.69538,0,51.00105
82.55997,43.69538,0,51.00105
82.57997,43.69538,0,51.00105
82.59997,43.69538,0,51.00105
82.61997,43.69538,0,51.00105
82.63997,43.69538,0,51.00105
82.65997,43.69538,0,51.00105
82.67997,43.69538,0,51.00105
82.69997,43.69538,0,51.00105
82.71997,43.69538,0,51.00105
82.73997,43.69538,0,51.00105
82.75997,43.69538,0,51.00105
82.77997,43.69538,0,51.00105
82.79997,43.69538,0,51.00105
82.81997,43.69538,0,51.00105
82.83997,43.69538,0,51.00105
82.85997,43.69538,0,51.00105
82.87997,43.69538,0,51.00105
82.89997,43.69538,0,51.00105
82.91997,43.69538,0,51.00105
82.93997,43.69538,0,51.00105
82.95997,43.69538,0,51.00105
82.97997,43.69538,0,51.00105
82.99997,43.69538,0,51.00105
83.01997,43.69538,0,51.00105
83.03997,43.69538,0,51.00105
83.05997,43.69538,0,51.00105
83.07997,43.69538,0,51.00105
83.09997,43.69538,0,51.00105
83.11997,43.69538,0,51.00105
83.13997,43.69538,0,51.00105
83.15997,43.69538,0,51.00105
83.17997,43.69538,0,51.00105
83.19997,43.69538,0,51.00105
83.21997,43.69538,0,51.00105
83.23997,43.69538,0,51.00105
83.25997,43.69538,0,51.00105
83.27997,43.69538,0,51.00105
83.29997,43.69538,0,51.00105
83.31997,43.69538,0,51.00105
83.33997,43.69538,0,51.00105
83.35997,43.69538,0,51.00105
83.37997,43.69538,0,51.00105
83.39997,43.69538,0,51.00105
83.41997,43.69538,0,51.00105
83.43997,43.69538,0,51.00105
83.45997,43.69538,0,51.00105
83.47997,43.69538,0,51.00105
83.49997,43.69538,0,51.00105
83.51997,43.69538,0,51.00105
83.53997,43.69538,0,51.00105
83.55997,43.69538,0,51.00105
83.57997,43.69538,0,51.00105
83.59997,43.69538,0,51.00105
83.61997,43.69538,0,51.00105
83.63997,43.69538,0,51.00105
83.65997,43.69538,0,51.00105
83.67997,43.69538,0,51.00105
83.69997,43.69538,0,51.00105
83.71997,43.69538,0,51.00105
83.73997,43.69538,0,51.00105
83.75997,43.69538,0,51.00105
83.77997,43.69538,0,51.00105
83.79997,43.69538,0,51.00105
83.81997,43.69538,0,51.00105
83.83997,43.69538,0,51.00105
83.85997,43.69538,0,51.00105
83.87997,43.69538,0,51.00105
83.89997,43.69538,0,51.00105
83.91997,43.69538,0,51.00105
83.93997,43.69538,0,51.00105
83.95997,43.69538,0,51.00105
83.97997,43.69538,0,51.00105
83.99997,43.69538,0,51.00105
84.01997,43.69538,0,51.00105
84.03997,43.69538,0,51.00105
84.05997,43.69538,0,51.00105
84.07997,43.69538,0,51.00105
84.09997,43.69538,0,51.00105
84.11997,43.69538,0,51.00105
84.13997,43.69538,0,51.00105
84.15997,43.69538,0,51.00105
84.17997,43.69538,0,51.00105
84.19997,43.69538,0,51.00105
84.21997,43.69538,0,51.00105
84.23997,43.69538,0,51.00105
84.25997,43.69538,0,51.00105
84.27997,43.69538,0,51.00105
84.29997,43.69538,0,51.00105
84.31997,43.69538,0,51.00105
84.33997,43.69538,0,51.00105
84.35997,43.69538,0,51.00105
84.37997,43.69538,0,51.00105
84.39997,43.69538,0,51.00105
84.41997,43.69538,0,51.00105
84.43997,43.69538,0,51.00105
84.45997,43.69538,0,51.00105
84.47997,43.69538,0,51.00105
84.49997,43.69538,0,51.00105
84.51997,43.69538,0,51.00105
84.53997,43.69538,0,51.00105
84.55997,43.69538,0,51.00105
84.57997,43.69538,0,51.00105
84.59997,43.69538,0,51.00105
84.61997,43.69538,0,51.00105
84.63997,43.69538,0,51.00105
84.65997,43.69538,0,51.00105
84.67997,43.69538,0,51.00105
84.69997,43.69538,0,51.00105
84.71997,43.69538,0,51.00105
84.73997,43.69538,0,51.00105
84.75997,43.69538,0,51.00105
84.77997,43.69538,0,51.00105
84.79997,43.69538,0,51.00105
84.81997,43.69538,0,51.00105
84.83997,43.69538,0,51.00105
84.85997,43.69538,0,51.00105
84.87997,43.69538,0,51.00105
84.89997,43.69538,0,51.00105
84.91997,43.69538,0,51.00105
84.93997,43.69538,0,51.00105
84.95997,43.69538,0,51.00105
84.97997,43.69538,0,51.00105
84.99997,43.69538,0,51.00105
85.01997,43.69538,0,51.00105
85.03997,43.69538,0,51.00105
85.05997,43.69538,0,51.00105
85.07997,43.69538,0,51.00105
85.09997,43.69538,0,51.00105
85.11997,43.69538,0,51.00105
85.13997,43.69538,0,51.00105
85.15997,43.69538,0,51.00105
85.17997,43.69538,0,51.00105
85.19997,43.69538,0,51.00105
85.21997,43.69538,0,51.00105
85.23997,43.69538,0,51.00105
85.25997,43.69538,0,51.00105
85.27997,43.69538,0,51.00105
85.29997,43.69538,0,51.00105
85.31997,43.69538,0,51.00105
85.33997,43.69538,0,51.00105
85.35997,43.69538,0,51.00105
85.37997,43.69538,0,51.00105
85.39997,43.69538,0,51.00105
85.41997,43.69538,0,51.00105
85.43997,43.69538,0,51.00105
85.45997,43.69538,0,51.00105
85.47997,43.69538,0,51.00105
85.49997,43.69538,0,51.00105
85.51997,43.69538,0,51.00105
85.53997,43.69538,0,51.00105
85.55997,43.69538,0,51.00105
85.57997,43.69538,0,51.00105
85.59997,43.69538,0,51.00105
85.61997,43.69538,0,51.00105
85.63997,43.69538,0,51.00105
85.65997,43.69538,0,51.00105
85.67997,43.69538,0,51.00105
85.69997,43.69538,0,51.00105
85.71997,43.69538,0,51.00105
85.73997,43.69538,0,51.00105
85.75997,43.69538,0,51.00105
85.77997,43.69538,0,51.00105
85.79997,43.69538,0,51.00105
85.81997,43.69538,0,51.00105
85.83997,43.69538,0,51.00105
85.85997,43.69538,0,51.00105
85.87997,43.69538,0,51.00105
85.89997,43.69538,0,51.00105
85.91997,43.69538,0,51.00105
85.93997,43.69538,0,51.00105
85.95997,43.69538,0,51.00105
85.97997,43.69538,0,51.00105
85.99997,43.69538,0,51.00105
86.01997,43.69538,0,51.00105
86.03997,43.69538,0,51.00105
86.05997,43.69538,0,51.00105
86.07997,43.69538,0,51.00105
86.09997,43.69538,0,51.00105
86.11997,43.69538,0,51.00105
86.13997,43.69538,0,51.00105
86.15997,43.69538,0,51.00105
86.17997,43.69538,0,51.00105
86.19997,43.69538,0,51.00105
86.21997,43.69538,0,51.00105
86.23997,43.69538,0,51.00105
86.25997,43.69538,0,51.00105
86.27997,43.69538,0,51.00105
86.29997,43.69538,0,51.00105
86.31997,43.69538,0,51.00105
86.33997,43.69538,0,51.00105
86.35997,43.69538,0,51.00105
86.37997,43.69538,0,51.00105
86.39997,43.69538,0,51.00105
86.41997,43.69538,0,51.00105
86.43997,43.69538,0,51.00105
86.45997,43.69538,0,51.00105
86.47997,43.69538,0,51.00105
86.49997,43.69538,0,51.00105
86.51997,43.69538,0,51.00105
86.53997,43.69538,0,51.00105
86.55997,43.69538,0,51.00105
86.57997,43.69538,0,51.00105
86.59997,43.69538,0,51.00105
86.61997,43.69538,0,51.00105
86.63997,43.69538,0,51.00105
86.65997,43.69538,0,51.00105
86.67997,43.69538,0,51.00105
86.69997,43.69538,0,51.00105
86.71997,43.69538,0,51.00105
86.73997,43.69538,0,51.00105
86.75997,43.69538,0,51.00105
86.77997,43.69538,0,51.00105
86.79997,43.69538,0,51.00105
86.81997,43.69538,0,51.00105
86.83997,43.69538,0,51.00105
86.85997,43.69538,0,51.00105
86.87997,43.69538,0,51.00105
86.89997,43.69538,0,51.00105
86.91997,43.69538,0,51.00105
86.93997,43.69538,0,51.00105
86.95997,43.69538,0,51.00105
86.97997,43.69538,0,51.00105
86.99997,43.69538,0,51.00105
87.01997,43.69538,0,51.00105
87.03997,43.69538,0,51.00105
87.05997,43.69538,0,51.00105
87.07997,43.69538,0,51.00105
87.09997,43.69538,0,51.00105
87.11997,43.69538,0,51.00105
87.13997,43.69538,0,51.00105
87.15997,43.69538,0,51.00105
87.17997,43.69538,0,51.00105
87.19997,43.69538,0,51.00105
87.21997,43.69538,0,51.00105
87.23997,43.69538,0,51.00105
87.25997,43.69538,0,51.00105
87.27997,43.69538,0,51.00105
87.29997,43.69538,0,51.00105
87.31997,43.69538,0,51.00105
87.33997,43.69538,0,51.00105
87.35997,43.69538,0,51.00105
87.37997,43.69538,0,51.00105
87.39997,43.69538,0,51.00105
87.41997,43.69538,0,51.00105
87.43997,43.69538,0,51.00105
87.45997,43.69538,0,51.00105
87.47997,43.69538,0,51.00105
87.49997,43.69538,0,51.00105
87.51997,43.69538,0,51.00105
87.53997,43.69538,0,51.00105
87.55997,43.69538,0,51.00105
87.57997,43.69538,0,51.00105
87.59997,43.69538,0,51.00105
87.61997,43.69538,0,51.00105
87.63997,43.69538,0,51.00105
87.65997,43.69538,0,51.00105
87.67997,43.69538,0,51.00105
87.69997,43.69538,0,51.00105
87.71997,43.69538,0,51.00105
87.73997,43.69538,0,51.00105
87.75997,43.69538,0,51.00105
87.77997,43.69538,0,51.00105
87.79997,43.69538,0,51.00105
87.81997,43.69538,0,51.00105
87.83997,43.69538,0,51.00105
87.85997,43.69538,0,51.00105
87.87997,43.69538,0,51.00105
87.89997,43.69538,0,51.00105
87.91997,43.69538,0,51.00105
87.93997,43.69538,0,51.00105
87.95997,43.69538,0,51.00105
87.97997,43.69538,0,51.00105
87.99997,43.69538,0,51.00105
88.01997,43.69538,0,51.00105
88.03997,43.69538,0,51.00105
88.05997,43.69538,0,51.00105
88.07997,43.69538,0,51.00105
88.09997,43.69538,0,51.00105
88.11997,43.69538,0,51.00105
88.13997,43.69538,0,51.00105
88.15997,43.69538,0,51.00105
88.17997,43.69538,0,51.00105
88.19997,43.69538,0,51.00105
88.21997,43.69538,0,51.00105
88.23997,43.69538,0,51.00105
88.25997,43.69538,0,51.00105
88.27997,43.69538,0,51.00105
88.29996,43.69538,0,51.00105
88.31997,43.69538,0,51.00105
88.33997,43.69538,0,51.00105
88.35997,43.69538,0,51.00105
88.37997,43.69538,0,51.00105
88.39997,43.69538,0,51.00105
88.41997,43.69538,0,51.00105
88.43997,43.69538,0,51.00105
88.45997,43.69538,0,51.00105
88.47997,43.69538,0,51.00105
88.49997,43.69538,0,51.00105
88.51997,43.69538,0,51.00105
88.53997,43.69538,0,51.00105
88.55997,43.69538,0,51.00105
88.57997,43.69538,0,51.00105
88.59997,43.69538,0,51.00105
88.61997,43.69538,0,51.00105
88.63997,43.69538,0,51.00105
88.65997,43.69538,0,51.00105
88.67997,43.69538,0,51.00105
88.69997,43.69538,0,51.00105
88.71997,43.69538,0,51.00105
88.73997,43.69538,0,51.00105
88.75997,43.69538,0,51.00105
88.77997,43.69538,0,51.00105
88.79996,43.69538,0,51.00105
88.81997,43.69538,0,51.00105
88.83997,43.69538,0,51.00105
88.85997,43.69538,0,51.00105
88.87997,43.69538,0,51.00105
88.89997,43.69538,0,51.00105
88.91997,43.69538,0,51.00105
88.93997,43.69538,0,51.00105
88.95997,43.69538,0,51.00105
88.97997,43.69538,0,51.00105
88.99997,43.69538,0,51.00105
89.01997,43.69538,0,51.00105
89.03997,43.69538,0,51.00105
89.05997,43.69538,0,51.00105
89.07997,43.69538,0,51.00105
89.09997,43.69538,0,51.00105
89.11997,43.69538,0,51.00105
89.13997,43.69538,0,51.00105
89.15997,43.69538,0,51.00105
89.17997,43.69538,0,51.00105
89.19997,43.69538,0,51.00105
89.21997,43.69538,0,51.00105
89.23997,43.69538,0,51.00105
89.25997,43.69538,0,51.00105
89.27997,43.69538,0,51.00105
89.29996,43.69538,0,51.00105
89.31997,43.69538,0,51.00105
89.33997,43.69538,0,51.00105
89.35997,43.69538,0,51.00105
89.37997,43.69538,0,51.00105
89.39997,43.69538,0,51.00105
89.41997,43.69538,0,51.00105
89.43997,43.69538,0,51.00105
89.45997,43.69538,0,51.00105
89.47997,43.69538,0,51.00105
89.49997,43.69538,0,51.00105
89.51997,43.69538,0,51.00105
89.53997,43.69538,0,51.00105
89.55997,43.69538,0,51.00105
89.57997,43.69538,0,51.00105
89.59997,43.69538,0,51.00105
89.61996,43.69538,0,51.00105
89.63997,43.69538,0,51.00105
89.65997,43.69538,0,51.00105
89.67997,43.69538,0,51.00105
89.69997,43.69538,0,51.00105
89.71997,43.69538,0,51.00105
89.73997,43.69538,0,51.00105
89.75997,43.69538,0,51.00105
89.77997,43.69538,0,51.00105
89.79996,43.69538,0,51.00105
89.81997,43.69538,0,51.00105
89.83997,43.69538,0,51.00105
89.85997,43.69538,0,51.00105
89.87997,43.69538,0,51.00105
89.89997,43.69538,0,51.00105
89.91997,43.69538,0,51.00105
89.93997,43.69538,0,51.00105
89.95997,43.69538,0,51.00105
89.97997,43.69538,0,51.00105
89.99997,43.69538,0,51.00105
90.01997,43.69538,0,51.00105
90.03997,43.69538,0,51.00105
90.05997,43.69538,0,51.00105
90.07997,43.69538,0,51.00105
90.09997,43.69538,0,51.00105
90.11996,43.69538,0,51.00105
90.13997,43.69538,0,51.00105
90.15997,43.69538,0,51.00105
90.17997,43.69538,0,51.00105
90.19997,43.69538,0,51.00105
90.21997,43.69538,0,51.00105
90.23997,43.69538,0,51.00105
90.25997,43.69538,0,51.00105
90.27997,43.69538,0,51.00105
90.29996,43.69538,0,51.00105
90.31997,43.69538,0,51.00105
90.33997,43.69538,0,51.00105
90.35997,43.69538,0,51.00105
90.37997,43.69538,0,51.00105
90.39997,43.69538,0,51.00105
90.41997,43.69538,0,51.00105
90.43996,43.69538,0,51.00105
90.45997,43.69538,0,51.00105
90.47997,43.69538,0,51.00105
90.49997,43.69538,0,51.00105
90.51997,43.69538,0,51.00105
90.53997,43.69538,0,51.00105
90.55997,43.69538,0,51.00105
90.57997,43.69538,0,51.00105
90.59997,43.69538,0,51.00105
90.61996,43.69538,0,51.00105
90.63997,43.69538,0,51.00105
90.65997,43.69538,0,51.00105
90.67997,43.69538,0,51.00105
90.69997,43.69538,0,51.00105
90.71997,43.69538,0,51.00105
90.73997,43.69538,0,51.00105
90.75997,43.69538,0,51.00105
90.77997,43.69538,0,51.00105
90.79996,43.69538,0,51.00105
90.81997,43.69538,0,51.00105
90.83997,43.69538,0,51.00105
90.85997,43.69538,0,51.00105
90.87997,43.69538,0,51.00105
90.89997,43.69538,0,51.00105
90.91997,43.69538,0,51.00105
90.93996,43.69538,0,51.00105
90.95997,43.69538,0,51.00105
90.97997,43.69538,0,51.00105
90.99997,43.69538,0,51.00105
91.01997,43.69538,0,51.00105
91.03997,43.69538,0,51.00105
91.05997,43.69538,0,51.00105
91.07997,43.69538,0,51.00105
91.09997,43.69538,0,51.00105
91.11996,43.69538,0,51.00105
91.13997,43.69538,0,51.00105
91.15997,43.69538,0,51.00105
91.17997,43.69538,0,51.00105
91.19997,43.69538,0,51.00105
91.21997,43.69538,0,51.00105
91.23997,43.69538,0,51.00105
91.25996,43.69538,0,51.00105
91.27997,43.69538,0,51.00105
91.29996,43.69538,0,51.00105
91.31997,43.69538,0,51.00105
91.33997,43.69538,0,51.00105
91.35997,43.69538,0,51.00105
91.37997,43.69538,0,51.00105
91.39997,43.69538,0,51.00105
91.41997,43.69538,0,51.00105
91.43996,43.69538,0,51.00105
91.45997,43.69538,0,51.00105
91.47997,43.69538,0,51.00105
91.49997,43.69538,0,51.00105
91.51997,43.69538,0,51.00105
91.53997,43.69538,0,51.00105
91.55997,43.69538,0,51.00105
91.57997,43.69538,0,51.00105
91.59997,43.69538,0,51.00105
91.61996,43.69538,0,51.00105
91.63997,43.69538,0,51.00105
91.65997,43.69538,0,51.00105
91.67997,43.69538,0,51.00105
91.69997,43.69538,0,51.00105
91.71997,43.69538,0,51.00105
91.73997,43.69538,0,51.00105
91.75996,43.69538,0,51.00105
91.77997,43.69538,0,51.00105
91.79996,43.69538,0,51.00105
91.81997,43.69538,0,51.00105
91.83997,43.69538,0,51.00105
91.85997,43.69538,0,51.00105
91.87997,43.69538,0,51.00105
91.89997,43.69538,0,51.00105
91.91997,43.69538,0,51.00105
91.93996,43.69538,0,51.00105
91.95997,43.69538,0,51.00105
91.97997,43.69538,0,51.00105
91.99997,43.69538,0,51.00105
92.01997,43.69538,0,51.00105
92.03997,43.69538,0,51.00105
92.05997,43.69538,0,51.00105
92.07996,43.69538,0,51.00105
92.09997,43.69538,0,51.00105
92.11996,43.69538,0,51.00105
92.13997,43.69538,0,51.00105
92.15997,43.69538,0,51.00105
92.17997,43.69538,0,51.00105
92.19997,43.69538,0,51.00105
92.21997,43.69538,0,51.00105
92.23997,43.69538,0,51.00105
92.25996,43.69538,0,51.00105
92.27997,43.69538,0,51.00105
92.29996,43.69538,0,51.00105
92.31997,43.69538,0,51.00105
92.33997,43.69538,0,51.00105
92.35997,43.69538,0,51.00105
92.37997,43.69538,0,51.00105
92.39997,43.69538,0,51.00105
92.41997,43.69538,0,51.00105
92.43996,43.69538,0,51.00105
92.45997,43.69538,0,51.00105
92.47997,43.69538,0,51.00105
92.49997,43.69538,0,51.00105
92.51997,43.69538,0,51.00105
92.53997,43.69538,0,51.00105
92.55997,43.69538,0,51.00105
92.57996,43.69538,0,51.00105
92.59997,43.69538,0,51.00105
92.61996,43.69538,0,51.00105
92.63997,43.69538,0,51.00105
92.65997,43.69538,0,51.00105
92.67997,43.69538,0,51.00105
92.69997,43.69538,0,51.00105
92.71997,43.69538,0,51.00105
92.73997,43.69538,0,51.00105
92.75996,43.69538,0,51.00105
92.77997,43.69538,0,51.00105
92.79996,43.69538,0,51.00105
92.81997,43.69538,0,51.00105
92.83997,43.69538,0,51.00105
92.85997,43.69538,0,51.00105
92.87997,43.69538,0,51.00105
92.89996,43.69538,0,51.00105
92.91997,43.69538,0,51.00105
92.93996,43.69538,0,51.00105
92.95997,43.69538,0,51.00105
92.97997,43.69538,0,51.00105
92.99997,43.69538,0,51.00105
93.01997,43.69538,0,51.00105
93.03997,43.69538,0,51.00105
93.05997,43.69538,0,51.00105
93.07996,43.69538,0,51.00105
93.09997,43.69538,0,51.00105
93.11996,43.69538,0,51.00105
93.13997,43.69538,0,51.00105
93.15997,43.69538,0,51.00105
93.17997,43.69538,0,51.00105
93.19997,43.69538,0,51.00105
93.21997,43.69538,0,51.00105
93.23997,43.69538,0,51.00105
93.25996,43.69538,0,51.00105
93.27997,43.69538,0,51.00105
93.29996,43.69538,0,51.00105
93.31997,43.69538,0,51.00105
93.33997,43.69538,0,51.00105
93.35997,43.69538,0,51.00105
93.37997,43.69538,0,51.00105
93.39996,43.69538,0,51.00105
93.41997,43.69538,0,51.00105
93.43996,43.69538,0,51.00105
93.45997,43.69538,0,51.00105
93.47997,43.69538,0,51.00105
93.49997,43.69538,0,51.00105
93.51997,43.69538,0,51.00105
93.53997,43.69538,0,51.00105
93.55997,43.69538,0,51.00105
93.57996,43.69538,0,51.00105
93.59997,43.69538,0,51.00105
93.61996,43.69538,0,51.00105
93.63997,43.69538,0,51.00105
93.65997,43.69538,0,51.00105
93.67997,43.69538,0,51.00105
93.69997,43.69538,0,51.00105
93.71996,43.69538,0,51.00105
93.73997,43.69538,0,51.00105
93.75996,43.69538,0,51.00105
93.77997,43.69538,0,51.00105
93.79996,43.69538,0,51.00105
93.81997,43.69538,0,51.00105
93.83997,43.69538,0,51.00105
93.85997,43.69538,0,51.00105
93.87997,43.69538,0,51.00105
93.89996,43.69538,0,51.00105
93.91997,43.69538,0,51.00105
93.93996,43.69538,0,51.00105
93.95997,43.69538,0,51.00105
93.97997,43.69538,0,51.00105
93.99997,43.69538,0,51.00105
94.01997,43.69538,0,51.00105
94.03997,43.69538,0,51.00105
94.05997,43.69538,0,51.00105
94.07996,43.69538,0,51.00105
94.09997,43.69538,0,51.00105
94.11996,43.69538,0,51.00105
94.13997,43.69538,0,51.00105
94.15997,43.69538,0,51.00105
94.17997,43.69538,0,51.00105
94.19997,43.69538,0,51.00105
94.21996,43.69538,0,51.00105
94.23997,43.69538,0,51.00105
94.25996,43.69538,0,51.00105
94.27997,43.69538,0,51.00105
94.29996,43.69538,0,51.00105
94.31997,43.69538,0,51.00105
94.33997,43.69538,0,51.00105
94.35997,43.69538,0,51.00105
94.37997,43.69538,0,51.00105
94.39996,43.69538,0,51.00105
94.41997,43.69538,0,51.00105
94.43996,43.69538,0,51.00105
94.45997,43.69538,0,51.00105
94.47997,43.69538,0,51.00105
94.49997,43.69538,0,51.00105
94.51997,43.69538,0,51.00105
94.53996,43.69538,0,51.00105
94.55997,43.69538,0,51.00105
94.57996,43.69538,0,51.00105
94.59997,43.69538,0,51.00105
94.61996,43.69538,0,51.00105
94.63997,43.69538,0,51.00105
94.65997,43.69538,0,51.00105
94.67997,43.69538,0,51.00105
94.69997,43.69538,0,51.00105
94.71996,43.69538,0,51.00105
94.73997,43.69538,0,51.00105
94.75996,43.69538,0,51.00105
94.77997,43.69538,0,51.00105
94.79996,43.69538,0,51.00105
94.81997,43.69538,0,51.00105
94.83997,43.69538,0,51.00105
94.85997,43.69538,0,51.00105
94.87997,43.69538,0,51.00105
94.89996,43.69538,0,51.00105
94.91997,43.69538,0,51.00105
94.93996,43.69538,0,51.00105
94.95997,43.69538,0,51.00105
94.97997,43.69538,0,51.00105
94.99997,43.69538,0,51.00105
95.01997,43.69538,0,51.00105
95.03996,43.69538,0,51.00105
95.05997,43.69538,0,51.00105
95.07996,43.69538,0,51.00105
95.09997,43.69538,0,51.00105
95.11996,43.69538,0,51.00105
95.13997,43.69538,0,51.00105
95.15997,43.69538,0,51.00105
95.17997,43.69538,0,51.00105
95.19997,43.69538,0,51.00105
95.21996,43.69538,0,51.00105
95.23997,43.69538,0,51.00105
95.25996,43.69538,0,51.00105
95.27997,43.69538,0,51.00105
95.29996,43.69538,0,51.00105
95.31997,43.69538,0,51.00105
95.33997,43.69538,0,51.00105
95.35996,43.69538,0,51.00105
95.37997,43.69538,0,51.00105
95.39996,43.69538,0,51.00105
95.41997,43.69538,0,51.00105
95.43996,43.69538,0,51.00105
95.45997,43.69538,0,51.00105
95.47997,43.69538,0,51.00105
95.49997,43.69538,0,51.00105
95.51997,43.69538,0,51.00105
95.53996,43.69538,0,51.00105
95.55997,43.69538,0,51.00105
95.57996,43.69538,0,51.00105
95.59997,43.69538,0,51.00105
95.61996,43.69538,0,51.00105
95.63997,43.69538,0,51.00105
95.65997,43.69538,0,51.00105
95.67997,43.69538,0,51.00105
95.69997,43.69538,0,51.00105
95.71996,43.69538,0,51.00105
95.73997,43.69538,0,51.00105
95.75996,43.69538,0,51.00105
95.77997,43.69538,0,51.00105
95.79996,43.69538,0,51.00105
95.81997,43.69538,0,51.00105
95.83997,43.69538,0,51.00105
95.85996,43.69538,0,51.00105
95.87997,43.69538,0,51.00105
95.89996,43.69538,0,51.00105
95.91997,43.69538,0,51.00105
95.93996,43.69538,0,51.00105
95.95997,43.69538,0,51.00105
95.97997,43.69538,0,51.00105
95.99997,43.69538,0,51.00105
96.01997,43.69538,0,51.00105
96.03996,43.69538,0,51.00105
96.05997,43.69538,0,51.00105
96.07996,43.69538,0,51.00105
96.09997,43.69538,0,51.00105
96.11996,43.69538,0,51.00105
96.13997,43.69538,0,51.00105
96.15997,43.69538,0,51.00105
96.17996,43.69538,0,51.00105
96.19997,43.69538,0,51.00105
96.21996,43.69538,0,51.00105
96.23997,43.69538,0,51.00105
96.25996,43.69538,0,51.00105
96.27997,43.69538,0,51.00105
96.29996,43.69538,0,51.00105
96.31997,43.69538,0,51.00105
96.33997,43.69538,0,51.00105
96.35996,43.69538,0,51.00105
96.37997,43.69538,0,51.00105
96.39996,43.69538,0,51.00105
96.41997,43.69538,0,51.00105
96.43996,43.69538,0,51.00105
96.45997,43.69538,0,51.00105
96.47997,43.69538,0,51.00105
96.49997,43.69538,0,51.00105
96.51997,43.69538,0,51.00105
96.53996,43.69538,0,51.00105
96.55997,43.69538,0,51.00105
96.57996,43.69538,0,51.00105
96.59997,43.69538,0,51.00105
96.61996,43.69538,0,51.00105
96.63997,43.69538,0,51.00105
96.65997,43.69538,0,51.00105
96.67996,43.69538,0,51.00105
96.69997,43.69538,0,51.00105
96.71996,43.69538,0,51.00105
96.73997,43.69538,0,51.00105
96.75996,43.69538,0,51.00105
96.77997,43.69538,0,51.00105
96.79996,43.69538,0,51.00105
96.81997,43.69538,0,51.00105
96.83997,43.69538,0,51.00105
96.85996,43.69538,0,51.00105
96.87997,43.69538,0,51.00105
96.89996,43.69538,0,51.00105
96.91997,43.69538,0,51.00105
96.93996,43.69538,0,51.00105
96.95997,43.69538,0,51.00105
96.97997,43.69538,0,51.00105
96.99996,43.69538,0,51.00105
97.01997,43.69538,0,51.00105
97.03996,43.69538,0,51.00105
97.05997,43.69538,0,51.00105
97.07996,43.69538,0,51.00105
97.09997,43.69538,0,51.00105
97.11996,43.69538,0,51.00105
97.13997,43.69538,0,51.00105
97.15997,43.69538,0,51.00105
97.17996,43.69538,0,51.00105
97.19997,43.69538,0,51.00105
97.21996,43.69538,0,51.00105
97.23997,43.69538,0,51.00105
97.25996,43.69538,0,51.00105
97.27997,43.69538,0,51.00105
97.29996,43.69538,0,51.00105
97.31997,43.69538,0,51.00105
97.33997,43.69538,0,51.00105
97.35996,43.69538,0,51.00105
97.37997,43.69538,0,51.00105
97.39996,43.69538,0,51.00105
97.41997,43.69538,0,51.00105
97.43996,43.69538,0,51.00105
97.45997,43.69538,0,51.00105
97.47997,43.69538,0,51.00105
97.49996,43.69538,0,51.00105
97.51997,43.69538,0,51.00105
97.53996,43.69538,0,51.00105
97.55997,43.69538,0,51.00105
97.57996,43.69538,0,51.00105
97.59997,43.69538,0,51.00105
97.61996,43.69538,0,51.00105
97.63997,43.69538,0,51.00105
97.65997,43.69538,0,51.00105
97.67996,43.69538,0,51.00105
97.69997,43.69538,0,51.00105
97.71996,43.69538,0,51.00105
97.73997,43.69538,0,51.00105
97.75996,43.69538,0,51.00105
97.77997,43.69538,0,51.00105
97.79996,43.69538,0,51.00105
97.81996,43.69538,0,51.00105
97.83997,43.69538,0,51.00105
97.85996,43.69538,0,51.00105
97.87997,43.69538,0,51.00105
97.89996,43.69538,0,51.00105
97.91997,43.69538,0,51.00105
97.93996,43.69538,0,51.00105
97.95997,43.69538,0,51.00105
97.97997,43.69538,0,51.00105
97.99996,43.69538,0,51.00105
98.01997,43.69538,0,51.00105
98.03996,43.69538,0,51.00105
98.05997,43.69538,0,51.00105
98.07996,43.69538,0,51.00105
98.09997,43.69538,0,51.00105
98.11996,43.69538,0,51.00105
98.13997,43.69538,0,51.00105
98.15997,43.69538,0,51.00105
98.17996,43.69538,0,51.00105
98.19997,43.69538,0,51.00105
98.21996,43.69538,0,51.00105
98.23997,43.69538,0,51.00105
98.25996,43.69538,0,51.00105
98.27997,43.69538,0,51.00105
98.29996,43.69538,0,51.00105
98.31996,43.69538,0,51.00105
98.33997,43.69538,0,51.00105
98.35996,43.69538,0,51.00105
98.37997,43.69538,0,51.00105
98.39996,43.69538,0,51.00105
98.41997,43.69538,0,51.00105
98.43996,43.69538,0,51.00105
98.45997,43.69538,0,51.00105
98.47997,43.69538,0,51.00105
98.49996,43.69538,0,51.00105
98.51997,43.69538,0,51.00105
98.53996,43.69538,0,51.00105
98.55997,43.69538,0,51.00105
98.57996,43.69538,0,51.00105
98.59997,43.69538,0,51.00105
98.61996,43.69538,0,51.00105
98.63996,43.69538,0,51.00105
98.65997,43.69538,0,51.00105
98.67996,43.69538,0,51.00105
98.69997,43.69538,0,51.00105
98.71996,43.69538,0,51.00105
98.73997,43.69538,0,51.00105
98.75996,43.69538,0,51.00105
98.77997,43.69538,0,51.00105
98.79996,43.69538,0,51.00105
98.81996,43.69538,0,51.00105
98.83997,43.69538,0,51.00105
98.85996,43.69538,0,51.00105
98.87997,43.69538,0,51.00105
98.89996,43.69538,0,51.00105
98.91997,43.69538,0,51.00105
98.93996,43.69538,0,51.00105
98.95997,43.69538,0,51.00105
98.97997,43.69538,0,51.00105
98.99996,43.69538,0,51.00105
99.01997,43.69538,0,51.00105
99.03996,43.69538,0,51.00105
99.05997,43.69538,0,51.00105
99.07996,43.69538,0,51.00105
99.09997,43.69538,0,51.00105
99.11996,43.69538,0,51.00105
99.13996,43.69538,0,51.00105
99.15997,43.69538,0,51.00105
99.17996,43.69538,0,51.00105
99.19997,43.69538,0,51.00105
99.21996,43.69538,0,51.00105
99.23997,43.69538,0,51.00105
99.25996,43.69538,0,51.00105
99.27997,43.69538,0,51.00105
99.29996,43.69538,0,51.00105
99.31996,43.69538,0,51.00105
99.33997,43.69538,0,51.00105
99.35996,43.69538,0,51.00105
99.37997,43.69538,0,51.00105
99.39996,43.69538,0,51.00105
99.41997,43.69538,0,51.00105
99.43996,43.69538,0,51.00105
99.45997,43.69538,0,51.00105
99.47997,43.69538,0,51.00105
99.49996,43.69538,0,51.00105
99.51997,43.69538,0,51.00105
99.53996,43.69538,0,51.00105
99.55997,43.69538,0,51.00105
99.57996,43.69538,0,51.00105
99.59997,43.69538,0,51.00105
99.61996,43.69538,0,51.00105
99.63996,43.69538,0,51.00105
99.65997,43.69538,0,51.00105
99.67996,43.69538,0,51.00105
99.69997,43.69538,0,51.00105
99.71996,43.69538,0,51.00105
99.73997,43.69538,0,51.00105
99.75996,43.69538,0,51.00105
99.77997,43.69538,0,51.00105
99.79996,43.69538,0,51.00105
99.81996,43.69538,0,51.00105
99.83997,43.69538,0,51.00105
99.85996,43.69538,0,51.00105
99.87997,43.69538,0,51.00105
99.89996,43.69538,0,51.00105
99.91997,43.69538,0,51.00105
99.93996,43.69538,0,51.00105
99.95996,43.69538,0,51.00105
99.97997,43.69538,0,51.00105
99.99996,43.69538,0,51.00105
100.02,43.69538,0,51.00105
100.04,43.69538,0,51.00105
100.06,43.69538,0,51.00105
100.08,43.69538,0,51.00105
100.1,43.69538,0,51.00105
100.12,43.69538,0,51.00105
100.14,43.69538,0,51.00105
100.16,43.69538,0,51.00105
100.18,43.69538,0,51.00105
100.2,43.69538,0,51.00105
100.22,43.69538,0,51.00105
100.24,43.69538,0,51.00105
100.26,43.69538,0,51.00105
100.28,43.69538,0,51.00105
100.3,43.69538,0,51.00105
100.32,43.69538,0,51.00105
100.34,43.69538,0,51.00105
100.36,43.69538,0,51.00105
100.38,43.69538,0,51.00105
100.4,43.69538,0,51.00105
100.42,43.69538,0,51.00105
100.44,43.69538,0,51.00105
100.46,43.69538,0,51.00105
100.48,43.69538,0,51.00105
100.5,43.69538,0,51.00105
100.52,43.69538,0,51.00105
100.54,43.69538,0,51.00105
100.56,43.69538,0,51.00105
100.58,43.69538,0,51.00105
100.6,43.69538,0,51.00105
100.62,43.69538,0,51.00105
100.64,43.69538,0,51.00105
100.66,43.69538,0,51.00105
100.68,43.69538,0,51.00105
100.7,43.69538,0,51.00105
100.72,43.69538,0,51.00105
100.74,43.69538,0,51.00105
100.76,43.69538,0,51.00105
100.78,43.69538,0,51.00105
100.8,43.69538,0,51.00105
100.82,43.69538,0,51.00105
100.84,43.69538,0,51.00105
100.86,43.69538,0,51.00105
100.88,43.69538,0,51.00105
100.9,43.69538,0,51.00105
100.92,43.69538,0,51.00105
100.94,43.69538,0,51.00105
100.96,43.69538,0,51.00105
100.98,43.69538,0,51.00105
101,43.69538,0,51.00105
101.02,43.69538,0,51.00105
101.04,43.69538,0,51.00105
101.06,43.69538,0,51.00105
101.08,43.69538,0,51.00105
101.1,43.69538,0,51.00105
101.12,43.69538,0,51.00105
101.14,43.69538,0,51.00105
101.16,43.69538,0,51.00105
101.18,43.69538,0,51.00105
101.2,43.69538,0,51.00105
101.22,43.69538,0,51.00105
101.24,43.69538,0,51.00105
101.26,43.69538,0,51.00105
101.28,43.69538,0,51.00105
101.3,43.69538,0,51.00105
101.32,43.69538,0,51.00105
101.34,43.69538,0,51.00105
101.36,43.69538,0,51.00105
101.38,43.69538,0,51.00105
101.4,43.69538,0,51.00105
101.42,43.69538,0,51.00105
101.44,43.69538,0,51.00105
101.46,43.69538,0,51.00105
101.48,43.69538,0,51.00105
101.5,43.69538,0,51.00105
101.52,43.69538,0,51.00105
101.54,43.69538,0,51.00105
101.56,43.69538,0,51.00105
101.58,43.69538,0,51.00105
101.6,43.69538,0,51.00105
101.62,43.69538,0,51.00105
101.64,43.69538,0,51.00105
101.66,43.69538,0,51.00105
101.68,43.69538,0,51.00105
101.7,43.69538,0,51.00105
101.72,43.69538,0,51.00105
101.74,43.69538,0,51.00105
101.76,43.69538,0,51.00105
101.78,43.69538,0,51.00105
101.8,43.69538,0,51.00105
101.82,43.69538,0,51.00105
101.84,43.69538,0,51.00105
101.86,43.69538,0,51.00105
101.88,43.69538,0,51.00105
101.9,43.69538,0,51.00105
101.92,43.69538,0,51.00105
101.94,43.69538,0,51.00105
101.96,43.69538,0,51.00105
101.98,43.69538,0,51.00105
102,43.69538,0,51.00105
102.02,43.69538,0,51.00105
102.04,43.69538,0,51.00105
102.06,43.69538,0,51.00105
102.08,43.69538,0,51.00105
102.1,43.69538,0,51.00105
102.12,43.69538,0,51.00105
102.14,43.69538,0,51.00105
102.16,43.69538,0,51.00105
102.18,43.69538,0,51.00105
102.2,43.69538,0,51.00105
102.22,43.69538,0,51.00105
102.24,43.69538,0,51.00105
102.26,43.69538,0,51.00105
102.28,43.69538,0,51.00105
102.3,43.69538,0,51.00105
102.32,43.69538,0,51.00105
102.34,43.69538,0,51.00105
102.36,43.69538,0,51.00105
102.38,43.69538,0,51.00105
102.4,43.69538,0,51.00105
102.42,43.69538,0,51.00105
102.44,43.69538,0,51.00105
102.46,43.69538,0,51.00105
102.48,43.69538,0,51.00105
102.5,43.69538,0,51.00105
102.52,43.69538,0,51.00105
102.54,43.69538,0,51.00105
102.56,43.69538,0,51.00105
102.58,43.69538,0,51.00105
102.6,43.69538,0,51.00105
102.62,43.69538,0,51.00105
102.64,43.69538,0,51.00105
102.66,43.69538,0,51.00105
102.68,43.69538,0,51.00105
102.7,43.69538,0,51.00105
102.72,43.69538,0,51.00105
102.74,43.69538,0,51.00105
102.76,43.69538,0,51.00105
102.78,43.69538,0,51.00105
102.8,43.69538,0,51.00105
102.82,43.69538,0,51.00105
102.84,43.69538,0,51.00105
102.86,43.69538,0,51.00105
102.88,43.69538,0,51.00105
102.9,43.69538,0,51.00105
102.92,43.69538,0,51.00105
102.94,43.69538,0,51.00105
102.96,43.69538,0,51.00105
102.98,43.69538,0,51.00105
103,43.69538,0,51.00105
103.02,43.69538,0,51.00105
103.04,43.69538,0,51.00105
103.06,43.69538,0,51.00105
103.08,43.69538,0,51.00105
103.1,43.69538,0,51.00105
103.12,43.69538,0,51.00105
103.14,43.69538,0,51.00105
103.16,43.69538,0,51.00105
103.18,43.69538,0,51.00105
103.2,43.69538,0,51.00105
103.22,43.69538,0,51.00105
103.24,43.69538,0,51.00105
103.26,43.69538,0,51.00105
103.28,43.69538,0,51.00105
103.3,43.69538,0,51.00105
103.32,43.69538,0,51.00105
103.34,43.69538,0,51.00105
103.36,43.69538,0,51.00105
103.38,43.69538,0,51.00105
103.4,43.69538,0,51.00105
103.42,43.69538,0,51.00105
103.44,43.69538,0,51.00105
103.46,43.69538,0,51.00105
103.48,43.69538,0,51.00105
103.5,43.69538,0,51.00105
103.52,43.69538,0,51.00105
103.54,43.69538,0,51.00105
103.56,43.69538,0,51.00105
103.58,43.69538,0,51.00105
103.6,43.69538,0,51.00105
103.62,43.69538,0,51.00105
103.64,43.69538,0,51.00105
103.66,43.69538,0,51.00105
103.68,43.69538,0,51.00105
103.7,43.69538,0,51.00105
103.72,43.69538,0,51.00105
103.74,43.69538,0,51.00105
103.76,43.69538,0,51.00105
103.78,43.69538,0,51.00105
103.8,43.69538,0,51.00105
103.82,43.69538,0,51.00105
103.84,43.69538,0,51.00105
103.86,43.69538,0,51.00105
103.88,43.69538,0,51.00105
103.9,43.69538,0,51.00105
103.92,43.69538,0,51.00105
103.94,43.69538,0,51.00105
103.96,43.69538,0,51.00105
103.98,43.69538,0,51.00105
104,43.69538,0,51.00105
104.02,43.69538,0,51.00105
104.04,43.69538,0,51.00105
104.06,43.69538,0,51.00105
104.08,43.69538,0,51.00105
104.1,43.69538,0,51.00105
104.12,43.69538,0,51.00105
104.14,43.69538,0,51.00105
104.16,43.69538,0,51.00105
104.18,43.69538,0,51.00105
104.2,43.69538,0,51.00105
104.22,43.69538,0,51.00105
104.24,43.69538,0,51.00105
104.26,43.69538,0,51.00105
104.28,43.69538,0,51.00105
104.3,43.69538,0,51.00105
104.32,43.69538,0,51.00105
104.34,43.69538,0,51.00105
104.36,43.69538,0,51.00105
104.38,43.69538,0,51.00105
104.4,43.69538,0,51.00105
104.42,43.69538,0,51.00105
104.44,43.69538,0,51.00105
104.46,43.69538,0,51.00105
104.48,43.69538,0,51.00105
104.5,43.69538,0,51.00105
104.52,43.69538,0,51.00105
104.54,43.69538,0,51.00105
104.56,43.69538,0,51.00105
104.58,43.69538,0,51.00105
104.6,43.69538,0,51.00105
104.62,43.69538,0,51.00105
104.64,43.69538,0,51.00105
104.66,43.69538,0,51.00105
104.68,43.69538,0,51.00105
104.7,43.69538,0,51.00105
104.72,43.69538,0,51.00105
104.74,43.69538,0,51.00105
104.76,43.69538,0,51.00105
104.78,43.69538,0,51.00105
104.8,43.69538,0,51.00105
104.82,43.69538,0,51.00105
104.84,43.69538,0,51.00105
104.86,43.69538,0,51.00105
104.88,43.69538,0,51.00105
104.9,43.69538,0,51.00105
104.92,43.69538,0,51.00105
104.94,43.69538,0,51.00105
104.96,43.69538,0,51.00105
104.98,43.69538,0,51.00105
105,43.69538,0,51.00105
105.02,43.69538,0,51.00105
105.04,43.69538,0,51.00105
105.06,43.69538,0,51.00105
105.08,43.69538,0,51.00105
105.1,43.69538,0,51.00105
105.12,43.69538,0,51.00105
105.14,43.69538,0,51.00105
105.16,43.69538,0,51.00105
105.18,43.69538,0,51.00105
105.2,43.69538,0,51.00105
105.22,43.69538,0,51.00105
105.24,43.69538,0,51.00105
105.26,43.69538,0,51.00105
105.28,43.69538,0,51.00105
105.3,43.69538,0,51.00105
105.32,43.69538,0,51.00105
105.34,43.69538,0,51.00105
105.36,43.69538,0,51.00105
105.38,43.69538,0,51.00105
105.4,43.69538,0,51.00105
105.42,43.69538,0,51.00105
105.44,43.69538,0,51.00105
105.46,43.69538,0,51.00105
105.48,43.69538,0,51.00105
105.5,43.69538,0,51.00105
105.52,43.69538,0,51.00105
105.54,43.69538,0,51.00105
105.56,43.69538,0,51.00105
105.58,43.69538,0,51.00105
105.6,43.69538,0,51.00105
105.62,43.69538,0,51.00105
105.64,43.69538,0,51.00105
105.66,43.69538,0,51.00105
105.68,43.69538,0,51.00105
105.7,43.69538,0,51.00105
105.72,43.69538,0,51.00105
105.74,43.69538,0,51.00105
105.76,43.69538,0,51.00105
105.78,43.69538,0,51.00105
105.8,43.69538,0,51.00105
105.82,43.69538,0,51.00105
105.84,43.69538,0,51.00105
105.86,43.69538,0,51.00105
105.88,43.69538,0,51.00105
105.9,43.69538,0,51.00105
105.92,43.69538,0,51.00105
105.94,43.69538,0,51.00105
105.96,43.69538,0,51.00105
105.98,43.69538,0,51.00105
106,43.69538,0,51.00105
106.02,43.69538,0,51.00105
106.04,43.69538,0,51.00105
106.06,43.69538,0,51.00105
106.08,43.69538,0,51.00105
106.1,43.69538,0,51.00105
106.12,43.69538,0,51.00105
106.14,43.69538,0,51.00105
106.16,43.69538,0,51.00105
106.18,43.69538,0,51.00105
106.2,43.69538,0,51.00105
106.22,43.69538,0,51.00105
106.24,43.69538,0,51.00105
106.26,43.69538,0,51.00105
106.28,43.69538,0,51.00105
106.3,43.69538,0,51.00105
106.32,43.69538,0,51.00105
106.34,43.69538,0,51.00105
106.36,43.69538,0,51.00105
106.38,43.69538,0,51.00105
106.4,43.69538,0,51.00105
106.42,43.69538,0,51.00105
106.44,43.69538,0,51.00105
106.46,43.69538,0,51.00105
106.48,43.69538,0,51.00105
106.5,43.69538,0,51.00105
106.52,43.69538,0,51.00105
106.54,43.69538,0,51.00105
106.56,43.69538,0,51.00105
106.58,43.69538,0,51.00105
106.6,43.69538,0,51.00105
106.62,43.69538,0,51.00105
106.64,43.69538,0,51.00105
106.66,43.69538,0,51.00105
106.68,43.69538,0,51.00105
106.7,43.69538,0,51.00105
106.72,43.69538,0,51.00105
106.74,43.69538,0,51.00105
106.76,43.69538,0,51.00105
106.78,43.69538,0,51.00105
106.8,43.69538,0,51.00105
106.82,43.69538,0,51.00105
106.84,43.69538,0,51.00105
106.86,43.69538,0,51.00105
106.88,43.69538,0,51.00105
106.9,43.69538,0,51.00105
106.92,43.69538,0,51.00105
106.94,43.69538,0,51.00105
106.96,43.69538,0,51.00105
106.98,43.69538,0,51.00105
107,43.69538,0,51.00105
107.02,43.69538,0,51.00105
107.04,43.69538,0,51.00105
107.06,43.69538,0,51.00105
107.08,43.69538,0,51.00105
107.1,43.69538,0,51.00105
107.12,43.69538,0,51.00105
107.14,43.69538,0,51.00105
107.16,43.69538,0,51.00105
107.18,43.69538,0,51.00105
107.2,43.69538,0,51.00105
107.22,43.69538,0,51.00105
107.24,43.69538,0,51.00105
107.26,43.69538,0,51.00105
107.28,43.69538,0,51.00105
107.3,43.69538,0,51.00105
107.32,43.69538,0,51.00105
107.34,43.69538,0,51.00105
107.36,43.69538,0,51.00105
107.38,43.69538,0,51.00105
107.4,43.69538,0,51.00105
107.42,43.69538,0,51.00105
107.44,43.69538,0,51.00105
107.46,43.69538,0,51.00105
107.48,43.69538,0,51.00105
107.5,43.69538,0,51.00105
107.52,43.69538,0,51.00105
107.54,43.69538,0,51.00105
107.56,43.69538,0,51.00105
107.58,43.69538,0,51.00105
107.6,43.69538,0,51.00105
107.62,43.69538,0,51.00105
107.64,43.69538,0,51.00105
107.66,43.69538,0,51.00105
107.68,43.69538,0,51.00105
107.7,43.69538,0,51.00105
107.72,43.69538,0,51.00105
107.74,43.69538,0,51.00105
107.76,43.69538,0,51.00105
107.78,43.69538,0,51.00105
107.8,43.69538,0,51.00105
107.82,43.69538,0,51.00105
107.84,43.69538,0,51.00105
107.86,43.69538,0,51.00105
107.88,43.69538,0,51.00105
107.9,43.69538,0,51.00105
107.92,43.69538,0,51.00105
107.94,43.69538,0,51.00105
107.96,43.69538,0,51.00105
107.98,43.69538,0,51.00105
108,43.69538,0,51.00105
108.02,43.69538,0,51.00105
108.04,43.69538,0,51.00105
108.06,43.69538,0,51.00105
108.08,43.69538,0,51.00105
108.1,43.69538,0,51.00105
108.12,43.69538,0,51.00105
108.14,43.69538,0,51.00105
108.16,43.69538,0,51.00105
108.18,43.69538,0,51.00105
108.2,43.69538,0,51.00105
108.22,43.69538,0,51.00105
108.24,43.69538,0,51.00105
108.26,43.69538,0,51.00105
108.28,43.69538,0,51.00105
108.3,43.69538,0,51.00105
108.32,43.69538,0,51.00105
108.34,43.69538,0,51.00105
108.36,43.69538,0,51.00105
108.38,43.69538,0,51.00105
108.4,43.69538,0,51.00105
108.42,43.69538,0,51.00105
108.44,43.69538,0,51.00105
108.46,43.69538,0,51.00105
108.48,43.69538,0,51.00105
108.5,43.69538,0,51.00105
108.52,43.69538,0,51.00105
108.54,43.69538,0,51.00105
108.56,43.69538,0,51.00105
108.58,43.69538,0,51.00105
108.6,43.69538,0,51.00105
108.62,43.69538,0,51.00105
108.64,43.69538,0,51.00105
108.66,43.69538,0,51.00105
108.68,43.69538,0,51.00105
108.7,43.69538,0,51.00105
108.72,43.69538,0,51.00105
108.74,43.69538,0,51.00105
108.76,43.69538,0,51.00105
108.78,43.69538,0,51.00105
108.8,43.69538,0,51.00105
108.82,43.69538,0,51.00105
108.84,43.69538,0,51.00105
108.86,43.69538,0,51.00105
108.88,43.69538,0,51.00105
108.9,43.69538,0,51.00105
108.92,43.69538,0,51.00105
108.94,43.69538,0,51.00105
108.96,43.69538,0,51.00105
108.98,43.69538,0,51.00105
109,43.69538,0,51.00105
109.02,43.69538,0,51.00105
109.04,43.69538,0,51.00105
109.06,43.69538,0,51.00105
109.08,43.69538,0,51.00105
109.1,43.69538,0,51.00105
109.12,43.69538,0,51.00105
109.14,43.69538,0,51.00105
109.16,43.69538,0,51.00105
109.18,43.69538,0,51.00105
109.2,43.69538,0,51.00105
109.22,43.69538,0,51.00105
109.24,43.69538,0,51.00105
109.26,43.69538,0,51.00105
109.28,43.69538,0,51.00105
109.3,43.69538,0,51.00105
109.32,43.69538,0,51.00105
109.34,43.69538,0,51.00105
109.36,43.69538,0,51.00105
109.38,43.69538,0,51.00105
109.4,43.69538,0,51.00105
109.42,43.69538,0,51.00105
109.44,43.69538,0,51.00105
109.46,43.69538,0,51.00105
109.48,43.69538,0,51.00105
109.5,43.69538,0,51.00105
109.52,43.69538,0,51.00105
109.54,43.69538,0,51.00105
109.56,43.69538,0,51.00105
109.58,43.69538,0,51.00105
109.6,43.69538,0,51.00105
109.62,43.69538,0,51.00105
109.64,43.69538,0,51.00105
109.66,43.69538,0,51.00105
109.68,43.69538,0,51.00105
109.7,43.69538,0,51.00105
109.72,43.69538,0,51.00105
109.74,43.69538,0,51.00105
109.76,43.69538,0,51.00105
109.78,43.69538,0,51.00105
109.8,43.69538,0,51.00105
109.82,43.69538,0,51.00105
109.84,43.69538,0,51.00105
109.86,43.69538,0,51.00105
109.88,43.69538,0,51.00105
109.9,43.69538,0,51.00105
109.92,43.69538,0,51.00105
109.94,43.69538,0,51.00105
109.96,43.69538,0,51.00105
109.98,43.69538,0,51.00105
110,43.69538,0,51.00105
110.02,43.69538,0,51.00105
110.04,43.69538,0,51.00105
110.06,43.69538,0,51.00105
110.08,43.69538,0,51.00105
110.1,43.69538,0,51.00105
110.12,43.69538,0,51.00105
110.14,43.69538,0,51.00105
110.16,43.69538,0,51.00105
110.18,43.69538,0,51.00105
110.2,43.69538,0,51.00105
110.22,43.69538,0,51.00105
110.24,43.69538,0,51.00105
110.26,43.69538,0,51.00105
110.28,43.69538,0,51.00105
110.3,43.69538,0,51.00105
110.32,43.69538,0,51.00105
110.34,43.69538,0,51.00105
110.36,43.69538,0,51.00105
110.38,43.69538,0,51.00105
110.4,43.69538,0,51.00105
110.42,43.69538,0,51.00105
110.44,43.69538,0,51.00105
110.46,43.69538,0,51.00105
110.48,43.69538,0,51.00105
110.5,43.69538,0,51.00105
110.52,43.69538,0,51.00105
110.54,43.69538,0,51.00105
110.56,43.69538,0,51.00105
110.58,43.69538,0,51.00105
110.6,43.69538,0,51.00105
110.62,43.69538,0,51.00105
110.64,43.69538,0,51.00105
110.66,43.69538,0,51.00105
110.68,43.69538,0,51.00105
110.7,43.69538,0,51.00105
110.72,43.69538,0,51.00105
110.74,43.69538,0,51.00105
110.76,43.69538,0,51.00105
110.78,43.69538,0,51.00105
110.8,43.69538,0,51.00105
110.82,43.69538,0,51.00105
110.84,43.69538,0,51.00105
110.86,43.69538,0,51.00105
110.88,43.69538,0,51.00105
110.9,43.69538,0,51.00105
110.92,43.69538,0,51.00105
110.94,43.69538,0,51.00105
110.96,43.69538,0,51.00105
110.98,43.69538,0,51.00105
111,43.69538,0,51.00105
111.02,43.69538,0,51.00105
111.04,43.69538,0,51.00105
111.06,43.69538,0,51.00105
111.08,43.69538,0,51.00105
111.1,43.69538,0,51.00105
111.12,43.69538,0,51.00105
111.14,43.69538,0,51.00105
111.16,43.69538,0,51.00105
111.18,43.69538,0,51.00105
111.2,43.69538,0,51.00105
111.22,43.69538,0,51.00105
111.24,43.69538,0,51.00105
111.26,43.69538,0,51.00105
111.28,43.69538,0,51.00105
111.3,43.69538,0,51.00105
111.32,43.69538,0,51.00105
111.34,43.69538,0,51.00105
111.36,43.69538,0,51.00105
111.38,43.69538,0,51.00105
111.4,43.69538,0,51.00105
111.42,43.69538,0,51.00105
111.44,43.69538,0,51.00105
111.46,43.69538,0,51.00105
111.48,43.69538,0,51.00105
111.5,43.69538,0,51.00105
111.52,43.69538,0,51.00105
111.54,43.69538,0,51.00105
111.56,43.69538,0,51.00105
111.58,43.69538,0,51.00105
111.6,43.69538,0,51.00105
111.62,43.69538,0,51.00105
111.64,43.69538,0,51.00105
111.66,43.69538,0,51.00105
111.68,43.69538,0,51.00105
111.7,43.69538,0,51.00105
111.72,43.69538,0,51.00105
111.74,43.69538,0,51.00105
111.76,43.69538,0,51.00105
111.78,43.69538,0,51.00105
111.8,43.69538,0,51.00105
111.82,43.69538,0,51.00105
111.84,43.69538,0,51.00105
111.86,43.69538,0,51.00105
111.88,43.69538,0,51.00105
111.9,43.69538,0,51.00105
111.92,43.69538,0,51.00105
111.94,43.69538,0,51.00105
111.96,43.69538,0,51.00105
111.98,43.69538,0,51.00105
112,43.69538,0,51.00105
112.02,43.69538,0,51.00105
112.04,43.69538,0,51.00105
112.06,43.69538,0,51.00105
112.08,43.69538,0,51.00105
112.1,43.69538,0,51.00105
112.12,43.69538,0,51.00105
112.14,43.69538,0,51.00105
112.16,43.69538,0,51.00105
112.18,43.69538,0,51.00105
112.2,43.69538,0,51.00105
112.22,43.69538,0,51.00105
112.24,43.69538,0,51.00105
112.26,43.69538,0,51.00105
112.28,43.69538,0,51.00105
112.3,43.69538,0,51.00105
112.32,43.69538,0,51.00105
112.34,43.69538,0,51.00105
112.36,43.69538,0,51.00105
112.38,43.69538,0,51.00105
112.4,43.69538,0,51.00105
112.42,43.69538,0,51.00105
112.44,43.69538,0,51.00105
112.46,43.69538,0,51.00105
112.48,43.69538,0,51.00105
112.5,43.69538,0,51.00105
112.52,43.69538,0,51.00105
112.54,43.69538,0,51.00105
112.56,43.69538,0,51.00105
112.58,43.69538,0,51.00105
112.6,43.69538,0,51.00105
112.62,43.69538,0,51.00105
112.64,43.69538,0,51.00105
112.66,43.69538,0,51.00105
112.68,43.69538,0,51.00105
112.7,43.69538,0,51.00105
112.72,43.69538,0,51.00105
112.74,43.69538,0,51.00105
112.76,43.69538,0,51.00105
112.78,43.69538,0,51.00105
112.8,43.69538,0,51.00105
112.82,43.69538,0,51.00105
112.84,43.69538,0,51.00105
112.86,43.69538,0,51.00105
112.88,43.69538,0,51.00105
112.9,43.69538,0,51.00105
112.92,43.69538,0,51.00105
112.94,43.69538,0,51.00105
112.96,43.69538,0,51.00105
112.98,43.69538,0,51.00105
113,43.69538,0,51.00105
113.02,43.69538,0,51.00105
113.04,43.69538,0,51.00105
113.06,43.69538,0,51.00105
113.08,43.69538,0,51.00105
113.1,43.69538,0,51.00105
113.12,43.69538,0,51.00105
113.14,43.69538,0,51.00105
113.16,43.69538,0,51.00105
113.18,43.69538,0,51.00105
113.2,43.69538,0,51.00105
113.22,43.69538,0,51.00105
113.24,43.69538,0,51.00105
113.26,43.69538,0,51.00105
113.28,43.69538,0,51.00105
113.3,43.69538,0,51.00105
113.32,43.69538,0,51.00105
113.34,43.69538,0,51.00105
113.36,43.69538,0,51.00105
113.38,43.69538,0,51.00105
113.4,43.69538,0,51.00105
113.42,43.69538,0,51.00105
113.44,43.69538,0,51.00105
113.46,43.69538,0,51.00105
113.48,43.69538,0,51.00105
113.5,43.69538,0,51.00105
113.52,43.69538,0,51.00105
113.54,43.69538,0,51.00105
113.56,43.69538,0,51.00105
113.58,43.69538,0,51.00105
113.6,43.69538,0,51.00105
113.62,43.69538,0,51.00105
113.64,43.69538,0,51.00105
113.66,43.69538,0,51.00105
113.68,43.69538,0,51.00105
113.7,43.69538,0,51.00105
113.72,43.69538,0,51.00105
113.74,43.69538,0,51.00105
113.76,43.69538,0,51.00105
113.78,43.69538,0,51.00105
113.8,43.69538,0,51.00105
113.82,43.69538,0,51.00105
113.84,43.69538,0,51.00105
113.86,43.69538,0,51.00105
113.88,43.69538,0,51.00105
113.9,43.69538,0,51.00105
113.92,43.69538,0,51.00105
113.94,43.69538,0,51.00105
113.96,43.69538,0,51.00105
113.98,43.69538,0,51.00105
114,43.69538,0,51.00105
114.02,43.69538,0,51.00105
114.04,43.69538,0,51.00105
114.06,43.69538,0,51.00105
114.08,43.69538,0,51.00105
114.1,43.69538,0,51.00105
114.12,43.69538,0,51.00105
114.14,43.69538,0,51.00105
114.16,43.69538,0,51.00105
114.18,43.69538,0,51.00105
114.2,43.69538,0,51.00105
114.22,43.69538,0,51.00105
114.24,43.69538,0,51.00105
114.26,43.69538,0,51.00105
114.28,43.69538,0,51.00105
114.3,43.69538,0,51.00105
114.32,43.69538,0,51.00105
114.34,43.69538,0,51.00105
114.36,43.69538,0,51.00105
114.38,43.69538,0,51.00105
114.4,43.69538,0,51.00105
114.42,43.69538,0,51.00105
114.44,43.69538,0,51.00105
114.46,43.69538,0,51.00105
114.48,43.69538,0,51.00105
114.5,43.69538,0,51.00105
114.52,43.69538,0,51.00105
114.54,43.69538,0,51.00105
114.56,43.69538,0,51.00105
114.58,43.69538,0,51.00105
114.6,43.69538,0,51.00105
114.62,43.69538,0,51.00105
114.64,43.69538,0,51.00105
114.66,43.69538,0,51.00105
114.68,43.69538,0,51.00105
114.7,43.69538,0,51.00105
114.72,43.69538,0,51.00105
114.74,43.69538,0,51.00105
114.76,43.69538,0,51.00105
114.78,43.69538,0,51.00105
114.8,43.69538,0,51.00105
114.82,43.69538,0,51.00105
114.84,43.69538,0,51.00105
114.86,43.69538,0,51.00105
114.88,43.69538,0,51.00105
114.9,43.69538,0,51.00105
114.92,43.69538,0,51.00105
114.94,43.69538,0,51.00105
114.96,43.69538,0,51.00105
114.98,43.69538,0,51.00105
115,43.69538,0,51.00105
115.02,43.69538,0,51.00105
115.04,43.69538,0,51.00105
115.06,43.69538,0,51.00105
115.08,43.69538,0,51.00105
115.1,43.69538,0,51.00105
115.12,43.69538,0,51.00105
115.14,43.69538,0,51.00105
115.16,43.69538,0,51.00105
115.18,43.69538,0,51.00105
115.2,43.69538,0,51.00105
115.22,43.69538,0,51.00105
115.24,43.69538,0,51.00105
115.26,43.69538,0,51.00105
115.28,43.69538,0,51.00105
115.3,43.69538,0,51.00105
115.32,43.69538,0,51.00105
115.34,43.69538,0,51.00105
115.36,43.69538,0,51.00105
115.38,43.69538,0,51.00105
115.4,43.69538,0,51.00105
115.42,43.69538,0,51.00105
115.44,43.69538,0,51.00105
115.46,43.69538,0,51.00105
115.48,43.69538,0,51.00105
115.5,43.69538,0,51.00105
115.52,43.69538,0,51.00105
115.54,43.69538,0,51.00105
115.56,43.69538,0,51.00105
115.58,43.69538,0,51.00105
115.6,43.69538,0,51.00105
115.62,43.69538,0,51.00105
115.64,43.69538,0,51.00105
115.66,43.69538,0,51.00105
115.68,43.69538,0,51.00105
115.7,43.69538,0,51.00105
115.72,43.69538,0,51.00105
115.74,43.69538,0,51.00105
115.76,43.69538,0,51.00105
115.78,43.69538,0,51.00105
115.8,43.69538,0,51.00105
115.82,43.69538,0,51.00105
115.84,43.69538,0,51.00105
115.86,43.69538,0,51.00105
115.88,43.69538,0,51.00105
115.9,43.69538,0,51.00105
115.92,43.69538,0,51.00105
115.94,43.69538,0,51.00105
115.96,43.69538,0,51.00105
115.98,43.69538,0,51.00105
116,43.69538,0,51.00105
116.02,43.69538,0,51.00105
116.04,43.69538,0,51.00105
116.06,43.69538,0,51.00105
116.08,43.69538,0,51.00105
116.1,43.69538,0,51.00105
116.12,43.69538,0,51.00105
116.14,43.69538,0,51.00105
116.16,43.69538,0,51.00105
116.18,43.69538,0,51.00105
116.2,43.69538,0,51.00105
116.22,43.69538,0,51.00105
116.24,43.69538,0,51.00105
116.26,43.69538,0,51.00105
116.28,43.69538,0,51.00105
116.3,43.69538,0,51.00105
116.32,43.69538,0,51.00105
116.34,43.69538,0,51.00105
116.36,43.69538,0,51.00105
116.38,43.69538,0,51.00105
116.4,43.69538,0,51.00105
116.42,43.69538,0,51.00105
116.44,43.69538,0,51.00105
116.46,43.69538,0,51.00105
116.48,43.69538,0,51.00105
116.5,43.69538,0,51.00105
116.52,43.69538,0,51.00105
116.54,43.69538,0,51.00105
116.56,43.69538,0,51.00105
116.58,43.69538,0,51.00105
116.6,43.69538,0,51.00105
116.62,43.69538,0,51.00105
116.64,43.69538,0,51.00105
116.66,43.69538,0,51.00105
116.68,43.69538,0,51.00105
116.7,43.69538,0,51.00105
116.72,43.69538,0,51.00105
116.74,43.69538,0,51.00105
116.76,43.69538,0,51.00105
116.78,43.69538,0,51.00105
116.8,43.69538,0,51.00105
116.82,43.69538,0,51.00105
116.84,43.69538,0,51.00105
116.86,43.69538,0,51.00105
116.88,43.69538,0,51.00105
116.9,43.69538,0,51.00105
116.92,43.69538,0,51.00105
116.94,43.69538,0,51.00105
116.96,43.69538,0,51.00105
116.98,43.69538,0,51.00105
117,43.69538,0,51.00105
117.02,43.69538,0,51.00105
117.04,43.69538,0,51.00105
117.06,43.69538,0,51.00105
117.08,43.69538,0,51.00105
117.1,43.69538,0,51.00105
117.12,43.69538,0,51.00105
117.14,43.69538,0,51.00105
117.16,43.69538,0,51.00105
117.18,43.69538,0,51.00105
117.2,43.69538,0,51.00105
117.22,43.69538,0,51.00105
117.24,43.69538,0,51.00105
117.26,43.69538,0,51.00105
117.28,43.69538,0,51.00105
117.3,43.69538,0,51.00105
117.32,43.69538,0,51.00105
117.34,43.69538,0,51.00105
117.36,43.69538,0,51.00105
117.38,43.69538,0,51.00105
117.4,43.69538,0,51.00105
117.42,43.69538,0,51.00105
117.44,43.69538,0,51.00105
117.46,43.69538,0,51.00105
117.48,43.69538,0,51.00105
117.5,43.69538,0,51.00105
117.52,43.69538,0,51.00105
117.54,43.69538,0,51.00105
117.56,43.69538,0,51.00105
117.58,43.69538,0,51.00105
117.6,43.69538,0,51.00105
117.62,43.69538,0,51.00105
117.64,43.69538,0,51.00105
117.66,43.69538,0,51.00105
117.68,43.69538,0,51.00105
117.7,43.69538,0,51.00105
117.72,43.69538,0,51.00105
117.74,43.69538,0,51.00105
117.76,43.69538,0,51.00105
117.78,43.69538,0,51.00105
117.8,43.69538,0,51.00105
117.82,43.69538,0,51.00105
117.84,43.69538,0,51.00105
117.86,43.69538,0,51.00105
117.88,43.69538,0,51.00105
117.9,43.69538,0,51.00105
117.92,43.69538,0,51.00105
117.94,43.69538,0,51.00105
117.96,43.69538,0,51.00105
117.98,43.69538,0,51.00105
118,43.69538,0,51.00105
118.02,43.69538,0,51.00105
118.04,43.69538,0,51.00105
118.06,43.69538,0,51.00105
118.08,43.69538,0,51.00105
118.1,43.69538,0,51.00105
118.12,43.69538,0,51.00105
118.14,43.69538,0,51.00105
118.16,43.69538,0,51.00105
118.18,43.69538,0,51.00105
118.2,43.69538,0,51.00105
118.22,43.69538,0,51.00105
118.24,43.69538,0,51.00105
118.26,43.69538,0,51.00105
118.28,43.69538,0,51.00105
118.3,43.69538,0,51.00105
118.32,43.69538,0,51.00105
118.34,43.69538,0,51.00105
118.36,43.69538,0,51.00105
118.38,43.69538,0,51.00105
118.4,43.69538,0,51.00105
118.42,43.69538,0,51.00105
118.44,43.69538,0,51.00105
118.46,43.69538,0,51.00105
118.48,43.69538,0,51.00105
118.5,43.69538,0,51.00105
118.52,43.69538,0,51.00105
118.54,43.69538,0,51.00105
118.56,43.69538,0,51.00105
118.58,43.69538,0,51.00105
118.6,43.69538,0,51.00105
118.62,43.69538,0,51.00105
118.64,43.69538,0,51.00105
118.66,43.69538,0,51.00105
118.68,43.69538,0,51.00105
118.7,43.69538,0,51.00105
118.72,43.69538,0,51.00105
118.74,43.69538,0,51.00105
118.76,43.69538,0,51.00105
118.78,43.69538,0,51.00105
118.8,43.69538,0,51.00105
118.82,43.69538,0,51.00105
118.84,43.69538,0,51.00105
118.86,43.69538,0,51.00105
118.88,43.69538,0,51.00105
118.9,43.69538,0,51.00105
118.92,43.69538,0,51.00105
118.94,43.69538,0,51.00105
118.96,43.69538,0,51.00105
118.98,43.69538,0,51.00105
119,43.69538,0,51.00105
119.02,43.69538,0,51.00105
119.04,43.69538,0,51.00105
119.06,43.69538,0,51.00105
119.08,43.69538,0,51.00105
119.1,43.69538,0,51.00105
119.12,43.69538,0,51.00105
119.14,43.69538,0,51.00105
119.16,43.69538,0,51.00105
119.18,43.69538,0,51.00105
119.2,43.69538,0,51.00105
119.22,43.69538,0,51.00105
119.24,43.69538,0,51.00105
119.26,43.69538,0,51.00105
119.28,43.69538,0,51.00105
119.3,43.69538,0,51.00105
119.32,43.69538,0,51.00105
119.34,43.69538,0,51.00105
119.36,43.69538,0,51.00105
119.38,43.69538,0,51.00105
119.4,43.69538,0,51.00105
119.42,43.69538,0,51.00105
119.44,43.69538,0,51.00105
119.46,43.69538,0,51.00105
119.48,43.69538,0,51.00105
119.5,43.69538,0,51.00105
119.52,43.69538,0,51.00105
119.54,43.69538,0,51.00105
119.56,43.69538,0,51.00105
119.58,43.69538,0,51.00105
119.6,43.69538,0,51.00105
119.62,43.69538,0,51.00105
119.64,43.69538,0,51.00105
119.66,43.69538,0,51.00105
119.68,43.69538,0,51.00105
119.7,43.69538,0,51.00105
119.72,43.69538,0,51.00105
119.74,43.69538,0,51.00105
119.76,43.69538,0,51.00105
119.78,43.69538,0,51.00105
119.8,43.69538,0,51.00105
119.82,43.69538,0,51.00105
119.84,43.69538,0,51.00105
119.86,43.69538,0,51.00105
119.88,43.69538,0,51.00105
119.9,43.69538,0,51.00105
119.92,43.69538,0,51.00105
119.94,43.69538,0,51.00105
119.96,43.69538,0,51.00105
119.98,43.69538,0,51.00105
120,43.69538,0,51.00105
120.02,43.69538,0,51.00105
120.04,43.69538,0,51.00105
120.06,43.69538,0,51.00105
120.08,43.69538,0,51.00105
120.1,43.69538,0,51.00105
120.12,43.69538,0,51.00105
120.14,43.69538,0,51.00105
120.16,43.69538,0,51.00105
120.18,43.69538,0,51.00105
120.2,43.69538,0,51.00105
120.22,43.69538,0,51.00105
120.24,43.69538,0,51.00105
120.26,43.69538,0,51.00105
120.28,43.69538,0,51.00105
120.3,43.69538,0,51.00105
120.32,43.69538,0,51.00105
120.34,43.69538,0,51.00105
120.36,43.69538,0,51.00105
120.38,43.69538,0,51.00105
120.4,43.69538,0,51.00105
120.42,43.69538,0,51.00105
120.44,43.69538,0,51.00105
120.46,43.69538,0,51.00105
120.48,43.69538,0,51.00105
120.5,43.69538,0,51.00105
120.52,43.69538,0,51.00105
120.54,43.69538,0,51.00105
120.56,43.69538,0,51.00105
120.58,43.69538,0,51.00105
120.6,43.69538,0,51.00105
120.62,43.69538,0,51.00105
120.64,43.69538,0,51.00105
120.66,43.69538,0,51.00105
120.68,43.69538,0,51.00105
120.7,43.69538,0,51.00105
120.72,43.69538,0,51.00105
120.74,43.69538,0,51.00105
120.76,43.69538,0,51.00105
120.78,43.69538,0,51.00105
120.8,43.69538,0,51.00105
120.82,43.69538,0,51.00105
120.84,43.69538,0,51.00105
120.86,43.69538,0,51.00105
120.88,43.69538,0,51.00105
120.9,43.69538,0,51.00105
120.92,43.69538,0,51.00105
120.94,43.69538,0,51.00105
120.96,43.69538,0,51.00105
120.98,43.69538,0,51.00105
121,43.69538,0,51.00105
121.02,43.69538,0,51.00105
121.04,43.69538,0,51.00105
121.06,43.69538,0,51.00105
121.08,43.69538,0,51.00105
121.1,43.69538,0,51.00105
121.12,43.69538,0,51.00105
121.14,43.69538,0,51.00105
121.16,43.69538,0,51.00105
121.18,43.69538,0,51.00105
121.2,43.69538,0,51.00105
121.22,43.69538,0,51.00105
121.24,43.69538,0,51.00105
121.26,43.69538,0,51.00105
121.28,43.69538,0,51.00105
121.3,43.69538,0,51.00105
121.32,43.69538,0,51.00105
121.34,43.69538,0,51.00105
121.36,43.69538,0,51.00105
121.38,43.69538,0,51.00105
121.4,43.69538,0,51.00105
121.42,43.69538,0,51.00105
121.44,43.69538,0,51.00105
121.46,43.69538,0,51.00105
121.48,43.69538,0,51.00105
121.5,43.69538,0,51.00105
121.52,43.69538,0,51.00105
121.54,43.69538,0,51.00105
121.56,43.69538,0,51.00105
121.58,43.69538,0,51.00105
121.6,43.69538,0,51.00105
121.62,43.69538,0,51.00105
121.64,43.69538,0,51.00105
121.66,43.69538,0,51.00105
121.68,43.69538,0,51.00105
121.7,43.69538,0,51.00105
121.72,43.69538,0,51.00105
121.74,43.69538,0,51.00105
121.76,43.69538,0,51.00105
121.78,43.69538,0,51.00105
121.8,43.69538,0,51.00105
121.82,43.69538,0,51.00105
121.84,43.69538,0,51.00105
121.86,43.69538,0,51.00105
121.88,43.69538,0,51.00105
121.9,43.69538,0,51.00105
121.92,43.69538,0,51.00105
121.94,43.69538,0,51.00105
121.96,43.69538,0,51.00105
121.98,43.69538,0,51.00105
122,43.69538,0,51.00105
122.02,43.69538,0,51.00105
122.04,43.69538,0,51.00105
122.06,43.69538,0,51.00105
122.08,43.69538,0,51.00105
122.1,43.69538,0,51.00105
122.12,43.69538,0,51.00105
122.14,43.69538,0,51.00105
122.16,43.69538,0,51.00105
122.18,43.69538,0,51.00105
122.2,43.69538,0,51.00105
122.22,43.69538,0,51.00105
122.24,43.69538,0,51.00105
122.26,43.69538,0,51.00105
122.28,43.69538,0,51.00105
122.3,43.69538,0,51.00105
122.32,43.69538,0,51.00105
122.34,43.69538,0,51.00105
122.36,43.69538,0,51.00105
122.38,43.69538,0,51.00105
122.4,43.69538,0,51.00105
122.42,43.69538,0,51.00105
122.44,43.69538,0,51.00105
122.46,43.69538,0,51.00105
122.48,43.69538,0,51.00105
122.5,43.69538,0,51.00105
122.52,43.69538,0,51.00105
122.54,43.69538,0,51.00105
122.56,43.69538,0,51.00105
122.58,43.69538,0,51.00105
122.6,43.69538,0,51.00105
122.62,43.69538,0,51.00105
122.64,43.69538,0,51.00105
122.66,43.69538,0,51.00105
122.68,43.69538,0,51.00105
122.7,43.69538,0,51.00105
122.72,43.69538,0,51.00105
122.74,43.69538,0,51.00105
122.76,43.69538,0,51.00105
122.78,43.69538,0,51.00105
122.8,43.69538,0,51.00105
122.82,43.69538,0,51.00105
122.84,43.69538,0,51.00105
122.86,43.69538,0,51.00105
122.88,43.69538,0,51.00105
122.9,43.69538,0,51.00105
122.92,43.69538,0,51.00105
122.94,43.69538,0,51.00105
122.96,43.69538,0,51.00105
122.98,43.69538,0,51.00105
123,43.69538,0,51.00105
123.02,43.69538,0,51.00105
123.04,43.69538,0,51.00105
123.06,43.69538,0,51.00105
123.08,43.69538,0,51.00105
123.1,43.69538,0,51.00105
123.12,43.69538,0,51.00105
123.14,43.69538,0,51.00105
123.16,43.69538,0,51.00105
123.18,43.69538,0,51.00105
123.2,43.69538,0,51.00105
123.22,43.69538,0,51.00105
123.24,43.69538,0,51.00105
123.26,43.69538,0,51.00105
123.28,43.69538,0,51.00105
123.3,43.69538,0,51.00105
123.32,43.69538,0,51.00105
123.34,43.69538,0,51.00105
123.36,43.69538,0,51.00105
123.38,43.69538,0,51.00105
123.4,43.69538,0,51.00105
123.42,43.69538,0,51.00105
123.44,43.69538,0,51.00105
123.46,43.69538,0,51.00105
123.48,43.69538,0,51.00105
123.5,43.69538,0,51.00105
123.52,43.69538,0,51.00105
123.54,43.69538,0,51.00105
123.56,43.69538,0,51.00105
123.58,43.69538,0,51.00105
123.6,43.69538,0,51.00105
123.62,43.69538,0,51.00105
123.64,43.69538,0,51.00105
123.66,43.69538,0,51.00105
123.68,43.69538,0,51.00105
123.7,43.69538,0,51.00105
123.72,43.69538,0,51.00105
123.74,43.69538,0,51.00105
123.76,43.69538,0,51.00105
123.78,43.69538,0,51.00105
123.8,43.69538,0,51.00105
123.82,43.69538,0,51.00105
123.84,43.69538,0,51.00105
123.86,43.69538,0,51.00105
123.88,43.69538,0,51.00105
123.9,43.69538,0,51.00105
123.92,43.69538,0,51.00105
123.94,43.69538,0,51.00105
123.96,43.69538,0,51.00105
123.98,43.69538,0,51.00105
124,43.69538,0,51.00105
124.02,43.69538,0,51.00105
124.04,43.69538,0,51.00105
124.06,43.69538,0,51.00105
124.08,43.69538,0,51.00105
124.1,43.69538,0,51.00105
124.12,43.69538,0,51.00105
124.14,43.69538,0,51.00105
124.16,43.69538,0,51.00105
124.18,43.69538,0,51.00105
124.2,43.69538,0,51.00105
124.22,43.69538,0,51.00105
124.24,43.69538,0,51.00105
124.26,43.69538,0,51.00105
124.28,43.69538,0,51.00105
124.3,43.69538,0,51.00105
124.32,43.69538,0,51.00105
124.34,43.69538,0,51.00105
124.36,43.69538,0,51.00105
124.38,43.69538,0,51.00105
124.4,43.69538,0,51.00105
124.42,43.69538,0,51.00105
124.44,43.69538,0,51.00105
124.46,43.69538,0,51.00105
124.48,43.69538,0,51.00105
124.5,43.69538,0,51.00105
124.52,43.69538,0,51.00105
124.54,43.69538,0,51.00105
124.56,43.69538,0,51.00105
124.58,43.69538,0,51.00105
124.6,43.69538,0,51.00105
124.62,43.69538,0,51.00105
124.64,43.69538,0,51.00105
124.66,43.69538,0,51.00105
124.68,43.69538,0,51.00105
124.7,43.69538,0,51.00105
124.72,43.69538,0,51.00105
124.74,43.69538,0,51.00105
124.76,43.69538,0,51.00105
124.78,43.69538,0,51.00105
124.8,43.69538,0,51.00105
124.82,43.69538,0,51.00105
124.84,43.69538,0,51.00105
124.86,43.69538,0,51.00105
124.88,43.69538,0,51.00105
124.9,43.69538,0,51.00105
124.92,43.69538,0,51.00105
124.94,43.69538,0,51.00105
124.96,43.69538,0,51.00105
124.98,43.69538,0,51.00105
125,43.69538,0,51.00105
125.02,43.69538,0,51.00105
125.04,43.69538,0,51.00105
125.06,43.69538,0,51.00105
125.08,43.69538,0,51.00105
125.1,43.69538,0,51.00105
125.12,43.69538,0,51.00105
125.14,43.69538,0,51.00105
125.16,43.69538,0,51.00105
125.18,43.69538,0,51.00105
125.2,43.69538,0,51.00105
125.22,43.69538,0,51.00105
125.24,43.69538,0,51.00105
125.26,43.69538,0,51.00105
125.28,43.69538,0,51.00105
125.3,43.69538,0,51.00105
125.32,43.69538,0,51.00105
125.34,43.69538,0,51.00105
125.36,43.69538,0,51.00105
125.38,43.69538,0,51.00105
125.4,43.69538,0,51.00105
125.42,43.69538,0,51.00105
125.44,43.69538,0,51.00105
125.46,43.69538,0,51.00105
125.48,43.69538,0,51.00105
125.5,43.69538,0,51.00105
125.52,43.69538,0,51.00105
125.54,43.69538,0,51.00105
125.56,43.69538,0,51.00105
125.58,43.69538,0,51.00105
125.6,43.69538,0,51.00105
125.62,43.69538,0,51.00105
125.64,43.69538,0,51.00105
125.66,43.69538,0,51.00105
125.68,43.69538,0,51.00105
125.7,43.69538,0,51.00105
125.72,43.69538,0,51.00105
125.74,43.69538,0,51.00105
125.76,43.69538,0,51.00105
125.78,43.69538,0,51.00105
125.8,43.69538,0,51.00105
125.82,43.69538,0,51.00105
125.84,43.69538,0,51.00105
125.86,43.69538,0,51.00105
125.88,43.69538,0,51.00105
125.9,43.69538,0,51.00105
125.92,43.69538,0,51.00105
125.94,43.69538,0,51.00105
125.96,43.69538,0,51.00105
125.98,43.69538,0,51.00105
126,43.69538,0,51.00105
126.02,43.69538,0,51.00105
126.04,43.69538,0,51.00105
126.06,43.69538,0,51.00105
126.08,43.69538,0,51.00105
126.1,43.69538,0,51.00105
126.12,43.69538,0,51.00105
126.14,43.69538,0,51.00105
126.16,43.69538,0,51.00105
126.18,43.69538,0,51.00105
126.2,43.69538,0,51.00105
126.22,43.69538,0,51.00105
126.24,43.69538,0,51.00105
126.26,43.69538,0,51.00105
126.28,43.69538,0,51.00105
126.3,43.69538,0,51.00105
126.32,43.69538,0,51.00105
126.34,43.69538,0,51.00105
126.36,43.69538,0,51.00105
126.38,43.69538,0,51.00105
126.4,43.69538,0,51.00105
126.42,43.69538,0,51.00105
126.44,43.69538,0,51.00105
126.46,43.69538,0,51.00105
126.48,43.69538,0,51.00105
126.5,43.69538,0,51.00105
126.52,43.69538,0,51.00105
126.54,43.69538,0,51.00105
126.56,43.69538,0,51.00105
126.58,43.69538,0,51.00105
126.6,43.69538,0,51.00105
126.62,43.69538,0,51.00105
126.64,43.69538,0,51.00105
126.66,43.69538,0,51.00105
126.68,43.69538,0,51.00105
126.7,43.69538,0,51.00105
126.72,43.69538,0,51.00105
126.74,43.69538,0,51.00105
126.76,43.69538,0,51.00105
126.78,43.69538,0,51.00105
126.8,43.69538,0,51.00105
126.82,43.69538,0,51.00105
126.84,43.69538,0,51.00105
126.86,43.69538,0,51.00105
126.88,43.69538,0,51.00105
126.9,43.69538,0,51.00105
126.92,43.69538,0,51.00105
126.94,43.69538,0,51.00105
126.96,43.69538,0,51.00105
126.98,43.69538,0,51.00105
127,43.69538,0,51.00105
127.02,43.69538,0,51.00105
127.04,43.69538,0,51.00105
127.06,43.69538,0,51.00105
127.08,43.69538,0,51.00105
127.1,43.69538,0,51.00105
127.12,43.69538,0,51.00105
127.14,43.69538,0,51.00105
127.16,43.69538,0,51.00105
127.18,43.69538,0,51.00105
127.2,43.69538,0,51.00105
127.22,43.69538,0,51.00105
127.24,43.69538,0,51.00105
127.26,43.69538,0,51.00105
127.28,43.69538,0,51.00105
127.3,43.69538,0,51.00105
127.32,43.69538,0,51.00105
127.34,43.69538,0,51.00105
127.36,43.69538,0,51.00105
127.38,43.69538,0,51.00105
127.4,43.69538,0,51.00105
127.42,43.69538,0,51.00105
127.44,43.69538,0,51.00105
127.46,43.69538,0,51.00105
127.48,43.69538,0,51.00105
127.5,43.69538,0,51.00105
127.52,43.69538,0,51.00105
127.54,43.69538,0,51.00105
127.56,43.69538,0,51.00105
127.58,43.69538,0,51.00105
127.6,43.69538,0,51.00105
127.62,43.69538,0,51.00105
127.64,43.69538,0,51.00105
127.66,43.69538,0,51.00105
127.68,43.69538,0,51.00105
127.7,43.69538,0,51.00105
127.72,43.69538,0,51.00105
127.74,43.69538,0,51.00105
127.76,43.69538,0,51.00105
127.78,43.69538,0,51.00105
127.8,43.69538,0,51.00105
127.82,43.69538,0,51.00105
127.84,43.69538,0,51.00105
127.86,43.69538,0,51.00105
127.88,43.69538,0,51.00105
127.9,43.69538,0,51.00105
127.92,43.69538,0,51.00105
127.94,43.69538,0,51.00105
127.96,43.69538,0,51.00105
127.98,43.69538,0,51.00105
128,43.69538,0,51.00105
128.02,43.69538,0,51.00105
128.0399,43.69538,0,51.00105
128.06,43.69538,0,51.00105
128.08,43.69538,0,51.00105
128.1,43.69538,0,51.00105
128.1199,43.69538,0,51.00105
128.14,43.69538,0,51.00105
128.16,43.69538,0,51.00105
128.18,43.69538,0,51.00105
128.2,43.69538,0,51.00105
128.22,43.69538,0,51.00105
128.24,43.69538,0,51.00105
128.2599,43.69538,0,51.00105
128.28,43.69538,0,51.00105
128.3,43.69538,0,51.00105
128.32,43.69538,0,51.00105
128.34,43.69538,0,51.00105
128.36,43.69538,0,51.00105
128.38,43.69538,0,51.00105
128.3999,43.69538,0,51.00105
128.42,43.69538,0,51.00105
128.44,43.69538,0,51.00105
128.46,43.69538,0,51.00105
128.4799,43.69538,0,51.00105
128.5,43.69538,0,51.00105
128.52,43.69538,0,51.00105
128.5399,43.69538,0,51.00105
128.56,43.69538,0,51.00105
128.58,43.69538,0,51.00105
128.6,43.69538,0,51.00105
128.6199,43.69538,0,51.00105
128.64,43.69538,0,51.00105
128.66,43.69538,0,51.00105
128.6799,43.69538,0,51.00105
128.7,43.69538,0,51.00105
128.72,43.69538,0,51.00105
128.74,43.69538,0,51.00105
128.7599,43.69538,0,51.00105
128.78,43.69538,0,51.00105
128.8,43.69538,0,51.00105
128.82,43.69538,0,51.00105
128.84,43.69538,0,51.00105
128.86,43.69538,0,51.00105
128.88,43.69538,0,51.00105
128.8999,43.69538,0,51.00105
128.92,43.69538,0,51.00105
128.94,43.69538,0,51.00105
128.96,43.69538,0,51.00105
128.9799,43.69538,0,51.00105
129,43.69538,0,51.00105
129.02,43.69538,0,51.00105
129.0399,43.69538,0,51.00105
129.06,43.69538,0,51.00105
129.08,43.69538,0,51.00105
129.1,43.69538,0,51.00105
129.1199,43.69538,0,51.00105
129.14,43.69538,0,51.00105
129.16,43.69538,0,51.00105
129.1799,43.69538,0,51.00105
129.2,43.69538,0,51.00105
129.22,43.69538,0,51.00105
129.24,43.69538,0,51.00105
129.2599,43.69538,0,51.00105
129.28,43.69538,0,51.00105
129.3,43.69538,0,51.00105
129.32,43.69538,0,51.00105
129.34,43.69538,0,51.00105
129.36,43.69538,0,51.00105
129.38,43.69538,0,51.00105
129.3999,43.69538,0,51.00105
129.42,43.69538,0,51.00105
129.44,43.69538,0,51.00105
129.46,43.69538,0,51.00105
129.4799,43.69538,0,51.00105
129.5,43.69538,0,51.00105
129.52,43.69538,0,51.00105
129.5399,43.69538,0,51.00105
129.56,43.69538,0,51.00105
129.58,43.69538,0,51.00105
129.6,43.69538,0,51.00105
129.6199,43.69538,0,51.00105
129.64,43.69538,0,51.00105
129.66,43.69538,0,51.00105
129.6799,43.69538,0,51.00105
129.7,43.69538,0,51.00105
129.72,43.69538,0,51.00105
129.74,43.69538,0,51.00105
129.7599,43.69538,0,51.00105
129.78,43.69538,0,51.00105
